RESTORED batch_0000: /mnt/nvme0/mfa_work_laria_0825/gpu_0/batch_0000_LAria-edf184b39c
RESTORED batch_0001: /mnt/nvme1/mfa_work_laria_0825/gpu_1/batch_0001_LAria-edf184b39c
RESTORED batch_0002: /mnt/nvme3/mfa_work_laria_0825/gpu_2/batch_0002_LAria-edf184b39c
RESTORED batch_0003: /mnt/nvme4/mfa_work_laria_0825/gpu_3/batch_0003_LAria-edf184b39c
RESTORED batch_0004: /mnt/nvme0/mfa_work_laria_0825/gpu_4/batch_0004_LAria-edf184b39c
RESTORED batch_0005: /mnt/nvme1/mfa_work_laria_0825/gpu_5/batch_0005_LAria-edf184b39c
RESTORED batch_0006: /mnt/nvme3/mfa_work_laria_0825/gpu_6/batch_0006_LAria-edf184b39c
RESTORED batch_0007: /mnt/nvme4/mfa_work_laria_0825/gpu_7/batch_0007_LAria-edf184b39c
CPU_RETRY_START batch_0000 stems=132
CPU_RETRY_START batch_0001 stems=132
CPU_RETRY_START batch_0002 stems=132
CPU_RETRY_START batch_0003 stems=132
CPU_RETRY_START batch_0004 stems=132
CPU_RETRY_START batch_0005 stems=132
CPU_RETRY_START batch_0006 stems=132
CPU_RETRY_START batch_0007 stems=131
  Parallel mode: 32 workers for 132 files (ProcessPool, BLAS=1 per worker)
  Parallel mode: 32 workers for 131 files (ProcessPool, BLAS=1 per worker)
  Parallel mode: 32 workers for 132 files (ProcessPool, BLAS=1 per worker)
  Parallel mode: 32 workers for 132 files (ProcessPool, BLAS=1 per worker)
  Parallel mode: 32 workers for 132 files (ProcessPool, BLAS=1 per worker)
  Parallel mode: 32 workers for 132 files (ProcessPool, BLAS=1 per worker)
  Parallel mode: 32 workers for 132 files (ProcessPool, BLAS=1 per worker)
  Parallel mode: 32 workers for 132 files (ProcessPool, BLAS=1 per worker)
  ... 100/132 files adjusted
  ... 100/131 files adjusted
  ... 100/132 files adjusted
  ... 100/132 files adjusted
  ... 100/132 files adjusted
  ... 100/132 files adjusted
  ... 100/132 files adjusted
  ... 100/132 files adjusted

==================================================
Total: 131 files
  Start adjustments:   363
  End extended:        109
  End shortened:       27
  Punct adjustments:   304
Output: /mnt/nvme4/mfa_work_laria_0825/gpu_7/batch_0007_LAria-edf184b39c/workspace/ctc_pretg_adj

==================================================
Total: 132 files
  Start adjustments:   372
  End extended:        120
  End shortened:       28
  Punct adjustments:   312
Output: /mnt/nvme4/mfa_work_laria_0825/gpu_3/batch_0003_LAria-edf184b39c/workspace/ctc_pretg_adj

==================================================
Total: 132 files
  Start adjustments:   346
  End extended:        106
  End shortened:       28
  Punct adjustments:   280
Output: /mnt/nvme0/mfa_work_laria_0825/gpu_0/batch_0000_LAria-edf184b39c/workspace/ctc_pretg_adj

==================================================
Total: 132 files
  Start adjustments:   365
  End extended:        107
  End shortened:       20
  Punct adjustments:   294
Output: /mnt/nvme3/mfa_work_laria_0825/gpu_6/batch_0006_LAria-edf184b39c/workspace/ctc_pretg_adj

==================================================
Total: 132 files
  Start adjustments:   370
  End extended:        109
  End shortened:       31
  Punct adjustments:   312
Output: /mnt/nvme0/mfa_work_laria_0825/gpu_4/batch_0004_LAria-edf184b39c/workspace/ctc_pretg_adj

==================================================
Total: 132 files
  Start adjustments:   351
  End extended:        113
  End shortened:       24
  Punct adjustments:   292
Output: /mnt/nvme3/mfa_work_laria_0825/gpu_2/batch_0002_LAria-edf184b39c/workspace/ctc_pretg_adj

==================================================
Total: 132 files
  Start adjustments:   361
  End extended:        104
  End shortened:       26
  Punct adjustments:   297
Output: /mnt/nvme1/mfa_work_laria_0825/gpu_5/batch_0005_LAria-edf184b39c/workspace/ctc_pretg_adj

==================================================
Total: 132 files
  Start adjustments:   364
  End extended:        105
  End shortened:       26
  Punct adjustments:   300
Output: /mnt/nvme1/mfa_work_laria_0825/gpu_1/batch_0001_LAria-edf184b39c/workspace/ctc_pretg_adj
<frozen runpy>:128: RuntimeWarning: 'montreal_forced_aligner.command_line.mfa' found in sys.modules after import of package 'montreal_forced_aligner.command_line', but prior to execution of 'montreal_forced_aligner.command_line.mfa'; this may result in unpredictable behaviour
<frozen runpy>:128: RuntimeWarning: 'montreal_forced_aligner.command_line.mfa' found in sys.modules after import of package 'montreal_forced_aligner.command_line', but prior to execution of 'montreal_forced_aligner.command_line.mfa'; this may result in unpredictable behaviour
<frozen runpy>:128: RuntimeWarning: 'montreal_forced_aligner.command_line.mfa' found in sys.modules after import of package 'montreal_forced_aligner.command_line', but prior to execution of 'montreal_forced_aligner.command_line.mfa'; this may result in unpredictable behaviour
<frozen runpy>:128: RuntimeWarning: 'montreal_forced_aligner.command_line.mfa' found in sys.modules after import of package 'montreal_forced_aligner.command_line', but prior to execution of 'montreal_forced_aligner.command_line.mfa'; this may result in unpredictable behaviour
<frozen runpy>:128: RuntimeWarning: 'montreal_forced_aligner.command_line.mfa' found in sys.modules after import of package 'montreal_forced_aligner.command_line', but prior to execution of 'montreal_forced_aligner.command_line.mfa'; this may result in unpredictable behaviour
<frozen runpy>:128: RuntimeWarning: 'montreal_forced_aligner.command_line.mfa' found in sys.modules after import of package 'montreal_forced_aligner.command_line', but prior to execution of 'montreal_forced_aligner.command_line.mfa'; this may result in unpredictable behaviour
<frozen runpy>:128: RuntimeWarning: 'montreal_forced_aligner.command_line.mfa' found in sys.modules after import of package 'montreal_forced_aligner.command_line', but prior to execution of 'montreal_forced_aligner.command_line.mfa'; this may result in unpredictable behaviour
<frozen runpy>:128: RuntimeWarning: 'montreal_forced_aligner.command_line.mfa' found in sys.modules after import of package 'montreal_forced_aligner.command_line', but prior to execution of 'montreal_forced_aligner.command_line.mfa'; this may result in unpredictable behaviour
 INFO     Alignment already done, skipping.                                     
 INFO     Alignment already done, skipping.                                     
 INFO     Analyzing alignment quality...                                        
 INFO     Alignment already done, skipping.                                     
 INFO     Alignment already done, skipping.                                     
 INFO     Alignment already done, skipping.                                     
 INFO     Alignment already done, skipping.                                     
 INFO     Analyzing alignment quality...                                        
 INFO     Analyzing alignment quality...                                        
 INFO     Alignment already done, skipping.                                     
 INFO     Alignment already done, skipping.                                     
 INFO     Analyzing alignment quality...                                        
 INFO     Alignment already done, skipping.                                     
 INFO     Alignment already done, skipping.                                     
 INFO     Analyzing alignment quality...                                        
 INFO     Alignment already done, skipping.                                     
 INFO     Alignment already done, skipping.                                     
 INFO     Analyzing alignment quality...                                        
 INFO     Alignment already done, skipping.                                     
 INFO     Alignment already done, skipping.                                     
 INFO     Analyzing alignment quality...                                        
 INFO     Alignment already done, skipping.                                     
 INFO     Alignment already done, skipping.                                     
 INFO     Analyzing alignment quality...                                        
  99% ━━━━━━━━━━━━━━━━━━━━━━━━━━━━━━━━━╸ 131/132  [ 0:00:02 < -:--:-- , ? it/s ]
 INFO     Exporting alignment TextGrids to                                      
          /mnt/nvme3/mfa_work_laria_0825/gpu_6/batch_0006_LAria-edf184b39c/works
          pace/aligned...                                                       
  98% ━━━━━━━━━━━━━━━━━━━━━━━━━━━━━━━━━  130/132  [ 0:00:02 < -:--:-- , ? it/s ]
 INFO     Exporting alignment TextGrids to                                      
          /mnt/nvme1/mfa_work_laria_0825/gpu_1/batch_0001_LAria-edf184b39c/works
          pace/aligned...                                                       
 100% ━━━━━━━━━━━━━━━━━━━━━━━━━━━━━━━━━━ 132/132  [ 0:00:02 < 0:00:00 , ? it/s ]
 INFO     Exporting alignment TextGrids to                                      
          /mnt/nvme0/mfa_work_laria_0825/gpu_4/batch_0004_LAria-edf184b39c/works
          pace/aligned...                                                       
  99% ━━━━━━━━━━━━━━━━━━━━━━━━━━━━━━━━━╸ 131/132  [ 0:00:03 < -:--:-- , ? it/s ]
 INFO     Exporting alignment TextGrids to                                      
          /mnt/nvme0/mfa_work_laria_0825/gpu_0/batch_0000_LAria-edf184b39c/works
          pace/aligned...                                                       
 100% ━━━━━━━━━━━━━━━━━━━━━━━━━━━━━━━━━━ 132/132  [ 0:00:03 < 0:00:00 , ? it/s ]
 INFO     Exporting alignment TextGrids to                                      
          /mnt/nvme3/mfa_work_laria_0825/gpu_2/batch_0002_LAria-edf184b39c/works
          pace/aligned...                                                       
  98% ━━━━━━━━━━━━━━━━━━━━━━━━━━━━━━━━━  130/132  [ 0:00:03 < -:--:-- , ? it/s ]
 INFO     Exporting alignment TextGrids to                                      
          /mnt/nvme4/mfa_work_laria_0825/gpu_3/batch_0003_LAria-edf184b39c/works
          pace/aligned...                                                       
 100% ━━━━━━━━━━━━━━━━━━━━━━━━━━━━━━━━━━ 132/132  [ 0:00:03 < 0:00:00 , ? it/s ]
 INFO     Exporting alignment TextGrids to                                      
          /mnt/nvme1/mfa_work_laria_0825/gpu_5/batch_0005_LAria-edf184b39c/works
          pace/aligned...                                                       
 100% ━━━━━━━━━━━━━━━━━━━━━━━━━━━━━━━━━━ 131/131  [ 0:00:03 < 0:00:00 , ? it/s ]
 INFO     Exporting alignment TextGrids to                                      
          /mnt/nvme4/mfa_work_laria_0825/gpu_7/batch_0007_LAria-edf184b39c/works
          pace/aligned...                                                       
  99% ━━━━━━━━━━━━━━━━━━━━━━━━━━━━━━━╸ 131/132  [ 0:00:02 < 0:00:01 , 130 it/s ]
 INFO     Finished exporting TextGrids to                                       
          /mnt/nvme3/mfa_work_laria_0825/gpu_6/batch_0006_LAria-edf184b39c/works
          pace/aligned!                                                         
 INFO     Done! Everything took 4.758 seconds                                   
  98% ━━━━━━━━━━━━━━━━━━━━━━━━━━━━━━━╸ 130/132  [ 0:00:02 < 0:00:01 , 129 it/s ]
 INFO     Finished exporting TextGrids to                                       
          /mnt/nvme1/mfa_work_laria_0825/gpu_1/batch_0001_LAria-edf184b39c/works
          pace/aligned!                                                         
 INFO     Done! Everything took 4.860 seconds                                   
 100% ━━━━━━━━━━━━━━━━━━━━━━━━━━━━━━━━ 132/132  [ 0:00:02 < 0:00:00 , 131 it/s ]
 INFO     Finished exporting TextGrids to                                       
          /mnt/nvme0/mfa_work_laria_0825/gpu_4/batch_0004_LAria-edf184b39c/works
          pace/aligned!                                                         
 INFO     Done! Everything took 5.008 seconds                                   
  99% ━━━━━━━━━━━━━━━━━━━━━━━━━━━━━━━╸ 131/132  [ 0:00:02 < 0:00:01 , 130 it/s ]
 INFO     Finished exporting TextGrids to                                       
          /mnt/nvme0/mfa_work_laria_0825/gpu_0/batch_0000_LAria-edf184b39c/works
          pace/aligned!                                                         
 INFO     Done! Everything took 5.326 seconds                                   
 100% ━━━━━━━━━━━━━━━━━━━━━━━━━━━━━━━━ 132/132  [ 0:00:02 < 0:00:00 , 131 it/s ]
 INFO     Finished exporting TextGrids to                                       
          /mnt/nvme3/mfa_work_laria_0825/gpu_2/batch_0002_LAria-edf184b39c/works
          pace/aligned!                                                         
 INFO     Done! Everything took 5.409 seconds                                   
Found 132 stems with CTC output
Scanning for English word segments...
  34 stems contain English words
  44 total English words
Extracting English audio segments...
  Building English corpus: 34 stems, 16 workers
  98% ━━━━━━━━━━━━━━━━━━━━━━━━━━━━━━━╸ 130/132  [ 0:00:02 < 0:00:01 , 129 it/s ]
 INFO     Finished exporting TextGrids to                                       
          /mnt/nvme4/mfa_work_laria_0825/gpu_3/batch_0003_LAria-edf184b39c/works
          pace/aligned!                                                         
 INFO     Done! Everything took 5.411 seconds                                   
 100% ━━━━━━━━━━━━━━━━━━━━━━━━━━━━━━━━ 132/132  [ 0:00:02 < 0:00:00 , 131 it/s ]
 INFO     Finished exporting TextGrids to                                       
          /mnt/nvme1/mfa_work_laria_0825/gpu_5/batch_0005_LAria-edf184b39c/works
          pace/aligned!                                                         
 INFO     Done! Everything took 5.385 seconds                                   
Found 132 stems with CTC output
Scanning for English word segments...
  23 stems contain English words
  29 total English words
Extracting English audio segments...
  Building English corpus: 23 stems, 16 workers
Found 132 stems with CTC output
Scanning for English word segments...
  37 stems contain English words
  40 total English words
Extracting English audio segments...
  Building English corpus: 37 stems, 16 workers
 100% ━━━━━━━━━━━━━━━━━━━━━━━━━━━━━━━━ 131/131  [ 0:00:02 < 0:00:00 , 130 it/s ]
 INFO     Finished exporting TextGrids to                                       
          /mnt/nvme4/mfa_work_laria_0825/gpu_7/batch_0007_LAria-edf184b39c/works
          pace/aligned!                                                         
 INFO     Done! Everything took 5.679 seconds                                   
Found 132 stems with CTC output
Scanning for English word segments...
  25 stems contain English words
  27 total English words
Extracting English audio segments...
  Building English corpus: 25 stems, 16 workers
Found 132 stems with CTC output
Scanning for English word segments...
  32 stems contain English words
  42 total English words
Extracting English audio segments...
  Building English corpus: 32 stems, 16 workers
Found 132 stems with CTC output
Scanning for English word segments...
  30 stems contain English words
  34 total English words
Extracting English audio segments...
  Building English corpus: 30 stems, 16 workers
Found 132 stems with CTC output
Scanning for English word segments...
  25 stems contain English words
  28 total English words
Extracting English audio segments...
  Building English corpus: 25 stems, 16 workers
Found 131 stems with CTC output
Scanning for English word segments...
  34 stems contain English words
  37 total English words
Extracting English audio segments...
  Building English corpus: 34 stems, 16 workers
  [34/34] stems processed
  44 English segments for MFA, 0 skipped (too short)
Building English dictionary...
  Running English MFA align (44 segments)...
  Wrote English phone data for 34 stems
Done: English MFA alignment complete (34 stems)
  [25/25] stems processed
  28 English segments for MFA, 0 skipped (too short)
Building English dictionary...
  Running English MFA align (28 segments)...
  Wrote English phone data for 25 stems
Done: English MFA alignment complete (25 stems)
  [37/37] stems processed
  40 English segments for MFA, 0 skipped (too short)
Building English dictionary...
  Running English MFA align (40 segments)...
  Wrote English phone data for 37 stems
Done: English MFA alignment complete (37 stems)
  [30/30] stems processed
  34 English segments for MFA, 0 skipped (too short)
Building English dictionary...
  Running English MFA align (34 segments)...
  Wrote English phone data for 30 stems
Done: English MFA alignment complete (30 stems)
  [23/23] stems processed
  29 English segments for MFA, 0 skipped (too short)
Building English dictionary...
  Running English MFA align (29 segments)...
  Wrote English phone data for 23 stems
Done: English MFA alignment complete (23 stems)
Loading dictionaries...
  Pinyin dict: 2210 entries
  IPA dict: 19512 entries
  IPA->Pinyin phone mappings: 119
  Tone reference table: /mnt/nvme3/mfa_work_laria_0825/gpu_6/batch_0006_LAria-edf184b39c/workspace/strict_ok_runs/20260825T115246Z_3391144/output/tone_mapping.json
  Tone marks: ˥->1, ˥˥->1, ˧˥->2, ˨˩˦->3, ˥˩->4, ˩->5
  Postprocess parallel: 32 workers for 131 files (ProcessPool)
  [25/25] stems processed
  27 English segments for MFA, 0 skipped (too short)
Building English dictionary...
  Running English MFA align (27 segments)...
  Wrote English phone data for 25 stems
Done: English MFA alignment complete (25 stems)
  _snap_to_ctc: token count mismatch (MFA=40, CTC=41) — NW aligned 40/40 tokens
  [34/34] stems processed
  36 English segments for MFA, 1 skipped (too short)
Building English dictionary...
  Running English MFA align (36 segments)...
  Wrote English phone data for 34 stems
Done: English MFA alignment complete (34 stems)
  _snap_to_ctc: token count mismatch (MFA=23, CTC=24) — NW aligned 23/23 tokens
Loading dictionaries...
  Pinyin dict: 2210 entries
  IPA dict: 19512 entries
  IPA->Pinyin phone mappings: 119
  Tone reference table: /mnt/nvme1/mfa_work_laria_0825/gpu_5/batch_0005_LAria-edf184b39c/workspace/strict_ok_runs/20260825T115246Z_3391141/output/tone_mapping.json
  Tone marks: ˥˥->1, ˥->1, ˧˥->2, ˨˩˦->3, ˥˩->4, ˩->5
  Postprocess parallel: 32 workers for 132 files (ProcessPool)
  _snap_to_ctc: token count mismatch (MFA=35, CTC=36) — NW aligned 35/35 tokens
  _snap_to_ctc: token count mismatch (MFA=34, CTC=36) — NW aligned 34/34 tokens
Loading dictionaries...
  Pinyin dict: 2210 entries
  IPA dict: 19512 entries
  IPA->Pinyin phone mappings: 119
  Tone reference table: /mnt/nvme0/mfa_work_laria_0825/gpu_4/batch_0004_LAria-edf184b39c/workspace/strict_ok_runs/20260825T115246Z_3391143/output/tone_mapping.json
  Tone marks: ˥˥->1, ˥->1, ˧˥->2, ˨˩˦->3, ˥˩->4, ˩->5
  Postprocess parallel: 32 workers for 132 files (ProcessPool)
Loading dictionaries...
  Pinyin dict: 2210 entries
  IPA dict: 19512 entries
  IPA->Pinyin phone mappings: 119
  Tone reference table: /mnt/nvme3/mfa_work_laria_0825/gpu_2/batch_0002_LAria-edf184b39c/workspace/strict_ok_runs/20260825T115246Z_3391137/output/tone_mapping.json
  Tone marks: ˥˥->1, ˥->1, ˧˥->2, ˨˩˦->3, ˥˩->4, ˩->5
  Postprocess parallel: 32 workers for 132 files (ProcessPool)
  _snap_to_ctc: token count mismatch (MFA=25, CTC=27) — NW aligned 25/25 tokens
  _snap_to_ctc: token count mismatch (MFA=27, CTC=28) — NW aligned 27/27 tokens
  _snap_to_ctc: token count mismatch (MFA=31, CTC=32) — NW aligned 31/31 tokens
  _snap_to_ctc: token count mismatch (MFA=38, CTC=39) — NW aligned 38/38 tokens
  _snap_to_ctc: token count mismatch (MFA=24, CTC=25) — NW aligned 24/24 tokens
  _snap_to_ctc: token count mismatch (MFA=25, CTC=26) — NW aligned 25/25 tokens
  _snap_to_ctc: token count mismatch (MFA=28, CTC=29) — NW aligned 28/28 tokens
  CMUdict loaded from /mnt/local_E/MFA_Pause/repo/dict/cmudict.dict: 125088 entries
  CMUdict loaded from /mnt/local_E/MFA_Pause/repo/dict/cmudict.dict: 125088 entries
  CMUdict loaded from /mnt/local_E/MFA_Pause/repo/dict/cmudict.dict: 125088 entries
  CMUdict loaded from /mnt/local_E/MFA_Pause/repo/dict/cmudict.dict: 125088 entries
  CMUdict loaded from /mnt/local_E/MFA_Pause/repo/dict/cmudict.dict: 125088 entries
  CMUdict loaded from /mnt/local_E/MFA_Pause/repo/dict/cmudict.dict: 125088 entries
  CMUdict loaded from /mnt/local_E/MFA_Pause/repo/dict/cmudict.dict: 125088 entries
  CMUdict loaded from /mnt/local_E/MFA_Pause/repo/dict/cmudict.dict: 125088 entries
  CMUdict loaded from /mnt/local_E/MFA_Pause/repo/dict/cmudict.dict: 125088 entries
  CMUdict loaded from /mnt/local_E/MFA_Pause/repo/dict/cmudict.dict: 125088 entries
  CMUdict loaded from /mnt/local_E/MFA_Pause/repo/dict/cmudict.dict: 125088 entries
  CMUdict loaded from /mnt/local_E/MFA_Pause/repo/dict/cmudict.dict: 125088 entries
  CMUdict loaded from /mnt/local_E/MFA_Pause/repo/dict/cmudict.dict: 125088 entries
  CMUdict loaded from /mnt/local_E/MFA_Pause/repo/dict/cmudict.dict: 125088 entries
  CMUdict loaded from /mnt/local_E/MFA_Pause/repo/dict/cmudict.dict: 125088 entries
  CMUdict loaded from /mnt/local_E/MFA_Pause/repo/dict/cmudict.dict: 125088 entries
  CMUdict loaded from /mnt/local_E/MFA_Pause/repo/dict/cmudict.dict: 125088 entries
  CMUdict loaded from /mnt/local_E/MFA_Pause/repo/dict/cmudict.dict: 125088 entries
  CMUdict loaded from /mnt/local_E/MFA_Pause/repo/dict/cmudict.dict: 125088 entries
  CMUdict loaded from /mnt/local_E/MFA_Pause/repo/dict/cmudict.dict: 125088 entries
  CMUdict loaded from /mnt/local_E/MFA_Pause/repo/dict/cmudict.dict: 125088 entries
  CMUdict loaded from /mnt/local_E/MFA_Pause/repo/dict/cmudict.dict: 125088 entries
  CMUdict loaded from /mnt/local_E/MFA_Pause/repo/dict/cmudict.dict: 125088 entries
  CMUdict loaded from /mnt/local_E/MFA_Pause/repo/dict/cmudict.dict: 125088 entries
  CMUdict loaded from /mnt/local_E/MFA_Pause/repo/dict/cmudict.dict: 125088 entries
  CMUdict loaded from /mnt/local_E/MFA_Pause/repo/dict/cmudict.dict: 125088 entries
  CMUdict loaded from /mnt/local_E/MFA_Pause/repo/dict/cmudict.dict: 125088 entries
  CMUdict loaded from /mnt/local_E/MFA_Pause/repo/dict/cmudict.dict: 125088 entries
  CMUdict loaded from /mnt/local_E/MFA_Pause/repo/dict/cmudict.dict: 125088 entries
  CMUdict loaded from /mnt/local_E/MFA_Pause/repo/dict/cmudict.dict: 125088 entries
  CMUdict loaded from /mnt/local_E/MFA_Pause/repo/dict/cmudict.dict: 125088 entries
  CMUdict loaded from /mnt/local_E/MFA_Pause/repo/dict/cmudict.dict: 125088 entries
  CMUdict loaded from /mnt/local_E/MFA_Pause/repo/dict/cmudict.dict: 125088 entries
  CMUdict loaded from /mnt/local_E/MFA_Pause/repo/dict/cmudict.dict: 125088 entries
  CMUdict loaded from /mnt/local_E/MFA_Pause/repo/dict/cmudict.dict: 125088 entries
  CMUdict loaded from /mnt/local_E/MFA_Pause/repo/dict/cmudict.dict: 125088 entries
  CMUdict loaded from /mnt/local_E/MFA_Pause/repo/dict/cmudict.dict: 125088 entries
  CMUdict loaded from /mnt/local_E/MFA_Pause/repo/dict/cmudict.dict: 125088 entries
  CMUdict loaded from /mnt/local_E/MFA_Pause/repo/dict/cmudict.dict: 125088 entries
  CMUdict loaded from /mnt/local_E/MFA_Pause/repo/dict/cmudict.dict: 125088 entries
  CMUdict loaded from /mnt/local_E/MFA_Pause/repo/dict/cmudict.dict: 125088 entries
  CMUdict loaded from /mnt/local_E/MFA_Pause/repo/dict/cmudict.dict: 125088 entries
  CMUdict loaded from /mnt/local_E/MFA_Pause/repo/dict/cmudict.dict: 125088 entries
  CMUdict loaded from /mnt/local_E/MFA_Pause/repo/dict/cmudict.dict: 125088 entries
  CMUdict loaded from /mnt/local_E/MFA_Pause/repo/dict/cmudict.dict: 125088 entries
  CMUdict loaded from /mnt/local_E/MFA_Pause/repo/dict/cmudict.dict: 125088 entries
  CMUdict loaded from /mnt/local_E/MFA_Pause/repo/dict/cmudict.dict: 125088 entries
  CMUdict loaded from /mnt/local_E/MFA_Pause/repo/dict/cmudict.dict: 125088 entries
  CMUdict loaded from /mnt/local_E/MFA_Pause/repo/dict/cmudict.dict: 125088 entries
  CMUdict loaded from /mnt/local_E/MFA_Pause/repo/dict/cmudict.dict: 125088 entries
  CMUdict loaded from /mnt/local_E/MFA_Pause/repo/dict/cmudict.dict: 125088 entries
  CMUdict loaded from /mnt/local_E/MFA_Pause/repo/dict/cmudict.dict: 125088 entries
  CMUdict loaded from /mnt/local_E/MFA_Pause/repo/dict/cmudict.dict: 125088 entries
  CMUdict loaded from /mnt/local_E/MFA_Pause/repo/dict/cmudict.dict: 125088 entries
  CMUdict loaded from /mnt/local_E/MFA_Pause/repo/dict/cmudict.dict: 125088 entries
  CMUdict loaded from /mnt/local_E/MFA_Pause/repo/dict/cmudict.dict: 125088 entries
  CMUdict loaded from /mnt/local_E/MFA_Pause/repo/dict/cmudict.dict: 125088 entries
  CMUdict loaded from /mnt/local_E/MFA_Pause/repo/dict/cmudict.dict: 125088 entries
  _snap_to_ctc: token count mismatch (MFA=36, CTC=37) — NW aligned 36/36 tokens
  CMUdict loaded from /mnt/local_E/MFA_Pause/repo/dict/cmudict.dict: 125088 entries
  CMUdict loaded from /mnt/local_E/MFA_Pause/repo/dict/cmudict.dict: 125088 entries
  CMUdict loaded from /mnt/local_E/MFA_Pause/repo/dict/cmudict.dict: 125088 entries
  CMUdict loaded from /mnt/local_E/MFA_Pause/repo/dict/cmudict.dict: 125088 entries
  CMUdict loaded from /mnt/local_E/MFA_Pause/repo/dict/cmudict.dict: 125088 entries
  CMUdict loaded from /mnt/local_E/MFA_Pause/repo/dict/cmudict.dict: 125088 entries
  _snap_to_ctc: token count mismatch (MFA=39, CTC=40) — NW aligned 39/39 tokens
  CMUdict loaded from /mnt/local_E/MFA_Pause/repo/dict/cmudict.dict: 125088 entries
  CMUdict loaded from /mnt/local_E/MFA_Pause/repo/dict/cmudict.dict: 125088 entries
Loading dictionaries...
  Pinyin dict: 2210 entries
  IPA dict: 19512 entries
  IPA->Pinyin phone mappings: 119
  Tone reference table: /mnt/nvme0/mfa_work_laria_0825/gpu_0/batch_0000_LAria-edf184b39c/workspace/strict_ok_runs/20260825T115246Z_3391133/output/tone_mapping.json
  Tone marks: ˥˥->1, ˥->1, ˧˥->2, ˨˩˦->3, ˥˩->4, ˩->5
  Postprocess parallel: 32 workers for 131 files (ProcessPool)
  CMUdict loaded from /mnt/local_E/MFA_Pause/repo/dict/cmudict.dict: 125088 entries
  CMUdict loaded from /mnt/local_E/MFA_Pause/repo/dict/cmudict.dict: 125088 entries
  CMUdict loaded from /mnt/local_E/MFA_Pause/repo/dict/cmudict.dict: 125088 entries
  CMUdict loaded from /mnt/local_E/MFA_Pause/repo/dict/cmudict.dict: 125088 entries
  _snap_to_ctc: token count mismatch (MFA=38, CTC=39) — NW aligned 38/38 tokens
  CMUdict loaded from /mnt/local_E/MFA_Pause/repo/dict/cmudict.dict: 125088 entries
  CMUdict loaded from /mnt/local_E/MFA_Pause/repo/dict/cmudict.dict: 125088 entries
  CMUdict loaded from /mnt/local_E/MFA_Pause/repo/dict/cmudict.dict: 125088 entries
  CMUdict loaded from /mnt/local_E/MFA_Pause/repo/dict/cmudict.dict: 125088 entries
  CMUdict loaded from /mnt/local_E/MFA_Pause/repo/dict/cmudict.dict: 125088 entries
  CMUdict loaded from /mnt/local_E/MFA_Pause/repo/dict/cmudict.dict: 125088 entries
  CMUdict loaded from /mnt/local_E/MFA_Pause/repo/dict/cmudict.dict: 125088 entries
  CMUdict loaded from /mnt/local_E/MFA_Pause/repo/dict/cmudict.dict: 125088 entries
  CMUdict loaded from /mnt/local_E/MFA_Pause/repo/dict/cmudict.dict: 125088 entries
  CMUdict loaded from /mnt/local_E/MFA_Pause/repo/dict/cmudict.dict: 125088 entries
  CMUdict loaded from /mnt/local_E/MFA_Pause/repo/dict/cmudict.dict: 125088 entries
  CMUdict loaded from /mnt/local_E/MFA_Pause/repo/dict/cmudict.dict: 125088 entries
  CMUdict loaded from /mnt/local_E/MFA_Pause/repo/dict/cmudict.dict: 125088 entries
Loading dictionaries...
  Pinyin dict: 2210 entries
  IPA dict: 19512 entries
  IPA->Pinyin phone mappings: 119
  Tone reference table: /mnt/nvme1/mfa_work_laria_0825/gpu_1/batch_0001_LAria-edf184b39c/workspace/strict_ok_runs/20260825T115246Z_3391135/output/tone_mapping.json
  Tone marks: ˥->1, ˥˥->1, ˧˥->2, ˨˩˦->3, ˥˩->4, ˩->5
  Postprocess parallel: 32 workers for 130 files (ProcessPool)
  CMUdict loaded from /mnt/local_E/MFA_Pause/repo/dict/cmudict.dict: 125088 entries
  _snap_to_ctc: token count mismatch (MFA=28, CTC=29) — NW aligned 28/28 tokens
  CMUdict loaded from /mnt/local_E/MFA_Pause/repo/dict/cmudict.dict: 125088 entries
  CMUdict loaded from /mnt/local_E/MFA_Pause/repo/dict/cmudict.dict: 125088 entries
  CMUdict loaded from /mnt/local_E/MFA_Pause/repo/dict/cmudict.dict: 125088 entries
  CMUdict loaded from /mnt/local_E/MFA_Pause/repo/dict/cmudict.dict: 125088 entries
  CMUdict loaded from /mnt/local_E/MFA_Pause/repo/dict/cmudict.dict: 125088 entries
  CMUdict loaded from /mnt/local_E/MFA_Pause/repo/dict/cmudict.dict: 125088 entries
  CMUdict loaded from /mnt/local_E/MFA_Pause/repo/dict/cmudict.dict: 125088 entries
  CMUdict loaded from /mnt/local_E/MFA_Pause/repo/dict/cmudict.dict: 125088 entries
  [32/32] stems processed
  41 English segments for MFA, 1 skipped (too short)
Building English dictionary...
  Running English MFA align (41 segments)...
  Wrote English phone data for 32 stems
Done: English MFA alignment complete (32 stems)
  CMUdict loaded from /mnt/local_E/MFA_Pause/repo/dict/cmudict.dict: 125088 entries
  CMUdict loaded from /mnt/local_E/MFA_Pause/repo/dict/cmudict.dict: 125088 entries
  CMUdict loaded from /mnt/local_E/MFA_Pause/repo/dict/cmudict.dict: 125088 entries
Loading dictionaries...
  Pinyin dict: 2210 entries
  IPA dict: 19512 entries
  IPA->Pinyin phone mappings: 119
  Tone reference table: /mnt/nvme4/mfa_work_laria_0825/gpu_7/batch_0007_LAria-edf184b39c/workspace/strict_ok_runs/20260825T115246Z_3391145/output/tone_mapping.json
  Tone marks: ˥˥->1, ˥->1, ˧˥->2, ˨˩˦->3, ˥˩->4, ˩->5
  Postprocess parallel: 32 workers for 131 files (ProcessPool)
  _snap_to_ctc: token count mismatch (MFA=52, CTC=53) — NW aligned 52/52 tokens
  _snap_to_ctc: token count mismatch (MFA=25, CTC=26) — NW aligned 25/25 tokens
  CMUdict loaded from /mnt/local_E/MFA_Pause/repo/dict/cmudict.dict: 125088 entries
  _snap_to_ctc: token count mismatch (MFA=34, CTC=36) — NW aligned 34/34 tokens
  _snap_to_ctc: token count mismatch (MFA=23, CTC=24) — NW aligned 23/23 tokens
  _snap_to_ctc: token count mismatch (MFA=26, CTC=27) — NW aligned 26/26 tokens
  _snap_to_ctc: token count mismatch (MFA=31, CTC=32) — NW aligned 31/31 tokens
  _snap_to_ctc: token count mismatch (MFA=31, CTC=32) — NW aligned 31/31 tokens
  _snap_to_ctc: token count mismatch (MFA=34, CTC=37) — NW aligned 34/34 tokens
  _snap_to_ctc: token count mismatch (MFA=56, CTC=57) — NW aligned 56/56 tokens
  _snap_to_ctc: token count mismatch (MFA=37, CTC=38) — NW aligned 37/37 tokens
  _snap_to_ctc: token count mismatch (MFA=46, CTC=47) — NW aligned 46/46 tokens
  _snap_to_ctc: token count mismatch (MFA=51, CTC=52) — NW aligned 51/51 tokens
  CMUdict loaded from /mnt/local_E/MFA_Pause/repo/dict/cmudict.dict: 125088 entries
  CMUdict loaded from /mnt/local_E/MFA_Pause/repo/dict/cmudict.dict: 125088 entries
  CMUdict loaded from /mnt/local_E/MFA_Pause/repo/dict/cmudict.dict: 125088 entries
  CMUdict loaded from /mnt/local_E/MFA_Pause/repo/dict/cmudict.dict: 125088 entries
  CMUdict loaded from /mnt/local_E/MFA_Pause/repo/dict/cmudict.dict: 125088 entries
  CMUdict loaded from /mnt/local_E/MFA_Pause/repo/dict/cmudict.dict: 125088 entries
  CMUdict loaded from /mnt/local_E/MFA_Pause/repo/dict/cmudict.dict: 125088 entries
  CMUdict loaded from /mnt/local_E/MFA_Pause/repo/dict/cmudict.dict: 125088 entries
  CMUdict loaded from /mnt/local_E/MFA_Pause/repo/dict/cmudict.dict: 125088 entries
  CMUdict loaded from /mnt/local_E/MFA_Pause/repo/dict/cmudict.dict: 125088 entries
  CMUdict loaded from /mnt/local_E/MFA_Pause/repo/dict/cmudict.dict: 125088 entries
  _snap_to_ctc: token count mismatch (MFA=27, CTC=28) — NW aligned 27/27 tokens
  CMUdict loaded from /mnt/local_E/MFA_Pause/repo/dict/cmudict.dict: 125088 entries
  CMUdict loaded from /mnt/local_E/MFA_Pause/repo/dict/cmudict.dict: 125088 entries
  CMUdict loaded from /mnt/local_E/MFA_Pause/repo/dict/cmudict.dict: 125088 entries
  CMUdict loaded from /mnt/local_E/MFA_Pause/repo/dict/cmudict.dict: 125088 entries
  CMUdict loaded from /mnt/local_E/MFA_Pause/repo/dict/cmudict.dict: 125088 entries
  CMUdict loaded from /mnt/local_E/MFA_Pause/repo/dict/cmudict.dict: 125088 entries
  CMUdict loaded from /mnt/local_E/MFA_Pause/repo/dict/cmudict.dict: 125088 entries
  _snap_to_ctc: token count mismatch (MFA=34, CTC=35) — NW aligned 34/34 tokens
  CMUdict loaded from /mnt/local_E/MFA_Pause/repo/dict/cmudict.dict: 125088 entries
  CMUdict loaded from /mnt/local_E/MFA_Pause/repo/dict/cmudict.dict: 125088 entries
  CMUdict loaded from /mnt/local_E/MFA_Pause/repo/dict/cmudict.dict: 125088 entries
  CMUdict loaded from /mnt/local_E/MFA_Pause/repo/dict/cmudict.dict: 125088 entries
  CMUdict loaded from /mnt/local_E/MFA_Pause/repo/dict/cmudict.dict: 125088 entries
  CMUdict loaded from /mnt/local_E/MFA_Pause/repo/dict/cmudict.dict: 125088 entries
  CMUdict loaded from /mnt/local_E/MFA_Pause/repo/dict/cmudict.dict: 125088 entries
  CMUdict loaded from /mnt/local_E/MFA_Pause/repo/dict/cmudict.dict: 125088 entries
  CMUdict loaded from /mnt/local_E/MFA_Pause/repo/dict/cmudict.dict: 125088 entries
  CMUdict loaded from /mnt/local_E/MFA_Pause/repo/dict/cmudict.dict: 125088 entries
  CMUdict loaded from /mnt/local_E/MFA_Pause/repo/dict/cmudict.dict: 125088 entries
  CMUdict loaded from /mnt/local_E/MFA_Pause/repo/dict/cmudict.dict: 125088 entries
  CMUdict loaded from /mnt/local_E/MFA_Pause/repo/dict/cmudict.dict: 125088 entries
  CMUdict loaded from /mnt/local_E/MFA_Pause/repo/dict/cmudict.dict: 125088 entries
  _snap_to_ctc: token count mismatch (MFA=31, CTC=32) — NW aligned 31/31 tokens
  _snap_to_ctc: token count mismatch (MFA=25, CTC=26) — NW aligned 25/25 tokens
  _snap_to_ctc: token count mismatch (MFA=23, CTC=24) — NW aligned 23/23 tokens
  CMUdict loaded from /mnt/local_E/MFA_Pause/repo/dict/cmudict.dict: 125088 entries
  _snap_to_ctc: token count mismatch (MFA=24, CTC=25) — NW aligned 24/24 tokens
  _snap_to_ctc: token count mismatch (MFA=34, CTC=35) — NW aligned 33/34 tokens
  _snap_to_ctc: token count mismatch (MFA=24, CTC=25) — NW aligned 24/24 tokens
  CMUdict loaded from /mnt/local_E/MFA_Pause/repo/dict/cmudict.dict: 125088 entries
  _snap_to_ctc: token count mismatch (MFA=27, CTC=28) — NW aligned 27/27 tokens
  CMUdict loaded from /mnt/local_E/MFA_Pause/repo/dict/cmudict.dict: 125088 entries
  CMUdict loaded from /mnt/local_E/MFA_Pause/repo/dict/cmudict.dict: 125088 entries
  CMUdict loaded from /mnt/local_E/MFA_Pause/repo/dict/cmudict.dict: 125088 entries
  CMUdict loaded from /mnt/local_E/MFA_Pause/repo/dict/cmudict.dict: 125088 entries
  CMUdict loaded from /mnt/local_E/MFA_Pause/repo/dict/cmudict.dict: 125088 entries
  CMUdict loaded from /mnt/local_E/MFA_Pause/repo/dict/cmudict.dict: 125088 entries
  CMUdict loaded from /mnt/local_E/MFA_Pause/repo/dict/cmudict.dict: 125088 entries
  CMUdict loaded from /mnt/local_E/MFA_Pause/repo/dict/cmudict.dict: 125088 entries
  CMUdict loaded from /mnt/local_E/MFA_Pause/repo/dict/cmudict.dict: 125088 entries
  CMUdict loaded from /mnt/local_E/MFA_Pause/repo/dict/cmudict.dict: 125088 entries
  CMUdict loaded from /mnt/local_E/MFA_Pause/repo/dict/cmudict.dict: 125088 entries
  CMUdict loaded from /mnt/local_E/MFA_Pause/repo/dict/cmudict.dict: 125088 entries
  CMUdict loaded from /mnt/local_E/MFA_Pause/repo/dict/cmudict.dict: 125088 entries
  CMUdict loaded from /mnt/local_E/MFA_Pause/repo/dict/cmudict.dict: 125088 entries
  CMUdict loaded from /mnt/local_E/MFA_Pause/repo/dict/cmudict.dict: 125088 entries
  CMUdict loaded from /mnt/local_E/MFA_Pause/repo/dict/cmudict.dict: 125088 entries
  CMUdict loaded from /mnt/local_E/MFA_Pause/repo/dict/cmudict.dict: 125088 entries
  CMUdict loaded from /mnt/local_E/MFA_Pause/repo/dict/cmudict.dict: 125088 entries
Done. {'filtered_mid_sp_unexpected_silence_strict_interior_sp': 69, 'filtered_mid_sp_unexpected_silence_strict_interior_sp_ctc_lexical_sequence_mismatch_phones_owner_mismatch_warnings': 6, 'filtered_mid_sp_unexpected_silence_strict_interior_sp_ctc_lexical_sequence_mismatch_mfa_unknown_source': 9, 'filtered_mid_sp_unexpected_silence_strict_interior_sp_warnings': 17, 'ok': 18, 'filtered_mid_sp_unexpected_silence_strict_interior_sp_ctc_lexical_sequence_mismatch_phones_owner_mismatch_mfa_unknown_source_warnings': 1, 'filtered_sp3_mid_sp_unexpected_silence_strict_interior_sp': 1, 'filtered_mid_sp_strict_interior_sp': 1, 'filtered_mid_sp_unexpected_silence_strict_interior_sp_ctc_lexical_sequence_mismatch_mfa_unknown_source_warnings': 4, 'filtered_warnings': 2, 'filtered_ctc_lexical_sequence_mismatch_phones_owner_mismatch_warnings': 1, 'filtered_mid_sp_strict_interior_sp_warnings': 1, 'filtered_english_provenance_rejected_ctc_lexical_sequence_mismatch_warnings': 1}. report=/mnt/nvme3/mfa_work_laria_0825/gpu_6/batch_0006_LAria-edf184b39c/workspace/strict_ok_runs/20260825T115246Z_3391144/output/postprocess_report.jsonl
  14 mandatory-integrity failures isolated in filtered/
  CMUdict loaded from /mnt/local_E/MFA_Pause/repo/dict/cmudict.dict: 125088 entries
  _snap_to_ctc: token count mismatch (MFA=20, CTC=21) — NW aligned 20/20 tokens
  CMUdict loaded from /mnt/local_E/MFA_Pause/repo/dict/cmudict.dict: 125088 entries
  CMUdict loaded from /mnt/local_E/MFA_Pause/repo/dict/cmudict.dict: 125088 entries
  CMUdict loaded from /mnt/local_E/MFA_Pause/repo/dict/cmudict.dict: 125088 entries
  CMUdict loaded from /mnt/local_E/MFA_Pause/repo/dict/cmudict.dict: 125088 entries
  CMUdict loaded from /mnt/local_E/MFA_Pause/repo/dict/cmudict.dict: 125088 entries
  CMUdict loaded from /mnt/local_E/MFA_Pause/repo/dict/cmudict.dict: 125088 entries
  CMUdict loaded from /mnt/local_E/MFA_Pause/repo/dict/cmudict.dict: 125088 entries
  CMUdict loaded from /mnt/local_E/MFA_Pause/repo/dict/cmudict.dict: 125088 entries
  CMUdict loaded from /mnt/local_E/MFA_Pause/repo/dict/cmudict.dict: 125088 entries
  CMUdict loaded from /mnt/local_E/MFA_Pause/repo/dict/cmudict.dict: 125088 entries
Done. {'filtered_mid_sp_unexpected_silence_strict_interior_sp': 75, 'ok': 21, 'filtered_warnings': 4, 'filtered_mid_sp_unexpected_silence_strict_interior_sp_warnings': 10, 'filtered_mid_sp_unexpected_silence_strict_interior_sp_ctc_lexical_sequence_mismatch_phones_owner_mismatch_warnings': 5, 'filtered_mid_sp_unexpected_silence_strict_interior_sp_ctc_lexical_sequence_mismatch_mfa_unknown_source': 10, 'filtered_mid_sp_unexpected_silence_strict_interior_sp_ctc_lexical_sequence_mismatch_phones_owner_mismatch_mfa_unknown_source_warnings': 3, 'filtered_ctc_lexical_sequence_mismatch_phones_owner_mismatch_warnings': 2, 'filtered_english_provenance_rejected_ctc_lexical_sequence_mismatch_warnings': 1, 'filtered_sp3_mid_sp_unexpected_silence_strict_interior_sp_ctc_lexical_sequence_mismatch_mfa_unknown_source': 1}. report=/mnt/nvme1/mfa_work_laria_0825/gpu_5/batch_0005_LAria-edf184b39c/workspace/strict_ok_runs/20260825T115246Z_3391141/output/postprocess_report.jsonl
  14 mandatory-integrity failures isolated in filtered/
  CMUdict loaded from /mnt/local_E/MFA_Pause/repo/dict/cmudict.dict: 125088 entries
  CMUdict loaded from /mnt/local_E/MFA_Pause/repo/dict/cmudict.dict: 125088 entries
  CMUdict loaded from /mnt/local_E/MFA_Pause/repo/dict/cmudict.dict: 125088 entries
  CMUdict loaded from /mnt/local_E/MFA_Pause/repo/dict/cmudict.dict: 125088 entries
  CMUdict loaded from /mnt/local_E/MFA_Pause/repo/dict/cmudict.dict: 125088 entries
  CMUdict loaded from /mnt/local_E/MFA_Pause/repo/dict/cmudict.dict: 125088 entries
  CMUdict loaded from /mnt/local_E/MFA_Pause/repo/dict/cmudict.dict: 125088 entries
  CMUdict loaded from /mnt/local_E/MFA_Pause/repo/dict/cmudict.dict: 125088 entries
  CMUdict loaded from /mnt/local_E/MFA_Pause/repo/dict/cmudict.dict: 125088 entries
  CMUdict loaded from /mnt/local_E/MFA_Pause/repo/dict/cmudict.dict: 125088 entries
  CMUdict loaded from /mnt/local_E/MFA_Pause/repo/dict/cmudict.dict: 125088 entries
  CMUdict loaded from /mnt/local_E/MFA_Pause/repo/dict/cmudict.dict: 125088 entries
  CMUdict loaded from /mnt/local_E/MFA_Pause/repo/dict/cmudict.dict: 125088 entries
  CMUdict loaded from /mnt/local_E/MFA_Pause/repo/dict/cmudict.dict: 125088 entries
  CMUdict loaded from /mnt/local_E/MFA_Pause/repo/dict/cmudict.dict: 125088 entries
  CMUdict loaded from /mnt/local_E/MFA_Pause/repo/dict/cmudict.dict: 125088 entries
  CMUdict loaded from /mnt/local_E/MFA_Pause/repo/dict/cmudict.dict: 125088 entries
  CMUdict loaded from /mnt/local_E/MFA_Pause/repo/dict/cmudict.dict: 125088 entries
  CMUdict loaded from /mnt/local_E/MFA_Pause/repo/dict/cmudict.dict: 125088 entries
  CMUdict loaded from /mnt/local_E/MFA_Pause/repo/dict/cmudict.dict: 125088 entries
  CMUdict loaded from /mnt/local_E/MFA_Pause/repo/dict/cmudict.dict: 125088 entries
  CMUdict loaded from /mnt/local_E/MFA_Pause/repo/dict/cmudict.dict: 125088 entries
  CMUdict loaded from /mnt/local_E/MFA_Pause/repo/dict/cmudict.dict: 125088 entries
  CMUdict loaded from /mnt/local_E/MFA_Pause/repo/dict/cmudict.dict: 125088 entries
  CMUdict loaded from /mnt/local_E/MFA_Pause/repo/dict/cmudict.dict: 125088 entries
  CMUdict loaded from /mnt/local_E/MFA_Pause/repo/dict/cmudict.dict: 125088 entries
  CMUdict loaded from /mnt/local_E/MFA_Pause/repo/dict/cmudict.dict: 125088 entries
  CMUdict loaded from /mnt/local_E/MFA_Pause/repo/dict/cmudict.dict: 125088 entries
  CMUdict loaded from /mnt/local_E/MFA_Pause/repo/dict/cmudict.dict: 125088 entries
  CMUdict loaded from /mnt/local_E/MFA_Pause/repo/dict/cmudict.dict: 125088 entries
  CMUdict loaded from /mnt/local_E/MFA_Pause/repo/dict/cmudict.dict: 125088 entries
  _snap_to_ctc: token count mismatch (MFA=30, CTC=31) — NW aligned 29/30 tokens
  CMUdict loaded from /mnt/local_E/MFA_Pause/repo/dict/cmudict.dict: 125088 entries
  CMUdict loaded from /mnt/local_E/MFA_Pause/repo/dict/cmudict.dict: 125088 entries
  CMUdict loaded from /mnt/local_E/MFA_Pause/repo/dict/cmudict.dict: 125088 entries
  CMUdict loaded from /mnt/local_E/MFA_Pause/repo/dict/cmudict.dict: 125088 entries
  CMUdict loaded from /mnt/local_E/MFA_Pause/repo/dict/cmudict.dict: 125088 entries
  _snap_to_ctc: token count mismatch (MFA=33, CTC=34) — NW aligned 33/33 tokens
  CMUdict loaded from /mnt/local_E/MFA_Pause/repo/dict/cmudict.dict: 125088 entries
  CMUdict loaded from /mnt/local_E/MFA_Pause/repo/dict/cmudict.dict: 125088 entries
  CMUdict loaded from /mnt/local_E/MFA_Pause/repo/dict/cmudict.dict: 125088 entries
  CMUdict loaded from /mnt/local_E/MFA_Pause/repo/dict/cmudict.dict: 125088 entries
  CMUdict loaded from /mnt/local_E/MFA_Pause/repo/dict/cmudict.dict: 125088 entries
  CMUdict loaded from /mnt/local_E/MFA_Pause/repo/dict/cmudict.dict: 125088 entries
  CMUdict loaded from /mnt/local_E/MFA_Pause/repo/dict/cmudict.dict: 125088 entries
  CMUdict loaded from /mnt/local_E/MFA_Pause/repo/dict/cmudict.dict: 125088 entries
  CMUdict loaded from /mnt/local_E/MFA_Pause/repo/dict/cmudict.dict: 125088 entries
  _snap_to_ctc: token count mismatch (MFA=57, CTC=58) — NW aligned 56/57 tokens
  CMUdict loaded from /mnt/local_E/MFA_Pause/repo/dict/cmudict.dict: 125088 entries
Loading dictionaries...
  Pinyin dict: 2210 entries
  IPA dict: 19512 entries
  IPA->Pinyin phone mappings: 119
  Tone reference table: /mnt/nvme4/mfa_work_laria_0825/gpu_3/batch_0003_LAria-edf184b39c/workspace/strict_ok_runs/20260825T115246Z_3391138/output/tone_mapping.json
  Tone marks: ˥˥->1, ˥->1, ˧˥->2, ˨˩˦->3, ˥˩->4, ˩->5
  Postprocess parallel: 32 workers for 130 files (ProcessPool)
  CMUdict loaded from /mnt/local_E/MFA_Pause/repo/dict/cmudict.dict: 125088 entries
  CMUdict loaded from /mnt/local_E/MFA_Pause/repo/dict/cmudict.dict: 125088 entries
  CMUdict loaded from /mnt/local_E/MFA_Pause/repo/dict/cmudict.dict: 125088 entries
  CMUdict loaded from /mnt/local_E/MFA_Pause/repo/dict/cmudict.dict: 125088 entries
  CMUdict loaded from /mnt/local_E/MFA_Pause/repo/dict/cmudict.dict: 125088 entries
  CMUdict loaded from /mnt/local_E/MFA_Pause/repo/dict/cmudict.dict: 125088 entries
  CMUdict loaded from /mnt/local_E/MFA_Pause/repo/dict/cmudict.dict: 125088 entries
Done. {'filtered_mid_sp_unexpected_silence_strict_interior_sp': 73, 'filtered_mid_sp_unexpected_silence_strict_interior_sp_warnings': 10, 'ok': 17, 'filtered_english_provenance_rejected_ctc_lexical_sequence_mismatch_warnings': 2, 'filtered_warnings': 4, 'filtered_ctc_lexical_sequence_mismatch_mfa_unknown_source': 1, 'filtered_sp3_mid_sp_unexpected_silence_strict_interior_sp': 2, 'filtered_mid_sp_unexpected_silence_strict_interior_sp_ctc_lexical_sequence_mismatch_mfa_unknown_source': 7, 'filtered_ctc_lexical_sequence_mismatch_phones_owner_mismatch_warnings': 3, 'filtered_mid_sp_unexpected_silence_strict_interior_sp_ctc_lexical_sequence_mismatch_phones_owner_mismatch_warnings': 3, 'filtered_mid_sp_unexpected_silence_strict_interior_sp_words_hanzi_bounds_mismatch': 2, 'filtered_english_provenance_rejected_mid_sp_unexpected_silence_strict_interior_sp_ctc_lexical_sequence_mismatch_warnings': 3, 'filtered_sp3_mid_sp_unexpected_silence_strict_interior_sp_ctc_lexical_sequence_mismatch_phones_owner_mismatch_warnings': 1, 'filtered_mid_sp_unexpected_silence_strict_interior_sp_ctc_lexical_sequence_mismatch_phones_owner_mismatch_mfa_unknown_source_warnings': 1, 'filtered_mid_sp_bgm_suspect_unexpected_silence_strict_interior_sp_ctc_processed_lexical_count_mismatch_ctc_lexical_sequence_mismatch_phones_owner_mismatch_warnings': 1, 'filtered_mid_sp_unexpected_silence_strict_interior_sp_ctc_lexical_sequence_mismatch_mfa_unknown_source_warnings': 2}. report=/mnt/nvme3/mfa_work_laria_0825/gpu_2/batch_0002_LAria-edf184b39c/workspace/strict_ok_runs/20260825T115246Z_3391137/output/postprocess_report.jsonl
  11 mandatory-integrity failures isolated in filtered/
  CMUdict loaded from /mnt/local_E/MFA_Pause/repo/dict/cmudict.dict: 125088 entries
  CMUdict loaded from /mnt/local_E/MFA_Pause/repo/dict/cmudict.dict: 125088 entries
  CMUdict loaded from /mnt/local_E/MFA_Pause/repo/dict/cmudict.dict: 125088 entries
  CMUdict loaded from /mnt/local_E/MFA_Pause/repo/dict/cmudict.dict: 125088 entries
  CMUdict loaded from /mnt/local_E/MFA_Pause/repo/dict/cmudict.dict: 125088 entries
Done. {'filtered_mid_sp_unexpected_silence_strict_interior_sp': 63, 'filtered_ctc_lexical_sequence_mismatch_phones_owner_mismatch_warnings': 1, 'filtered_mid_sp_unexpected_silence_strict_interior_sp_warnings': 18, 'filtered_mid_sp_unexpected_silence_strict_interior_sp_ctc_lexical_sequence_mismatch_mfa_unknown_source': 13, 'filtered_mid_sp_strict_interior_sp': 4, 'filtered_mid_sp_unexpected_silence_strict_interior_sp_ctc_lexical_sequence_mismatch_mfa_unknown_source_warnings': 7, 'ok': 14, 'filtered_mid_sp_bgm_suspect_unexpected_silence_strict_interior_sp': 1, 'filtered_mid_sp_unexpected_silence_strict_interior_sp_ctc_lexical_sequence_mismatch_phones_owner_mismatch_warnings': 4, 'filtered_mid_sp_unexpected_silence_strict_interior_sp_ctc_lexical_sequence_mismatch_phones_owner_mismatch_mfa_unknown_source_warnings': 1, 'filtered_warnings': 2, 'filtered_english_provenance_rejected_mid_sp_unexpected_silence_strict_interior_sp_ctc_lexical_sequence_mismatch_mfa_unknown_source_warnings': 1, 'filtered_english_provenance_rejected_mid_sp_unexpected_silence_strict_interior_sp_ctc_lexical_sequence_mismatch_warnings': 2, 'filtered_mid_sp_bgm_suspect_unexpected_silence_strict_interior_sp_ctc_lexical_sequence_mismatch_phones_owner_mismatch_warnings': 1}. report=/mnt/nvme0/mfa_work_laria_0825/gpu_4/batch_0004_LAria-edf184b39c/workspace/strict_ok_runs/20260825T115246Z_3391143/output/postprocess_report.jsonl
  22 mandatory-integrity failures isolated in filtered/
  CMUdict loaded from /mnt/local_E/MFA_Pause/repo/dict/cmudict.dict: 125088 entries
  CMUdict loaded from /mnt/local_E/MFA_Pause/repo/dict/cmudict.dict: 125088 entries
  CMUdict loaded from /mnt/local_E/MFA_Pause/repo/dict/cmudict.dict: 125088 entries
  _snap_to_ctc: token count mismatch (MFA=25, CTC=26) — NW aligned 25/25 tokens
  CMUdict loaded from /mnt/local_E/MFA_Pause/repo/dict/cmudict.dict: 125088 entries
  CMUdict loaded from /mnt/local_E/MFA_Pause/repo/dict/cmudict.dict: 125088 entries
  CMUdict loaded from /mnt/local_E/MFA_Pause/repo/dict/cmudict.dict: 125088 entries
Config: /mnt/local_E/MFA_Pause/repo/configs/laria_v5_no_reference_strict_8gpu_20260825.yaml
Pipeline mode: nvrasr_fallback
Using Python: /home/user/miniconda3/envs/mfa-dev/bin/python3
  ═══════════════════════════════════════════════════════════
  NVMe audio cache not found.
  Run once to eliminate NAS I/O (~30 min, one-time):
    python scripts/cache_audio_to_nvme.py \
        --source /mnt/nvme1/mfa_work_laria_0825/gpu_5/batch_0005_LAria-edf184b39c/audio
  Or use --auto-cache to create a temp cache for this run.
  Falling back to NAS audio (slower).
  ═══════════════════════════════════════════════════════════
  Strict run output: /mnt/nvme1/mfa_work_laria_0825/gpu_5/batch_0005_LAria-edf184b39c/workspace/strict_ok_runs/20260825T115246Z_3391141/output
  Strict run filtered: /mnt/nvme1/mfa_work_laria_0825/gpu_5/batch_0005_LAria-edf184b39c/workspace/strict_ok_runs/20260825T115246Z_3391141/filtered
  Versioned publish target: /mnt/nvme1/mfa_work_laria_0825/gpu_5/batch_0005_LAria-edf184b39c/output.runs/20260825T115246Z_3391141

############################################################
  Chinese MFA Pipeline  [nvrasr_fallback]
  Input:  /mnt/nvme1/mfa_work_laria_0825/gpu_5/batch_0005_LAria-edf184b39c/audio
  Output: /mnt/nvme1/mfa_work_laria_0825/gpu_5/batch_0005_LAria-edf184b39c/workspace/strict_ok_runs/20260825T115246Z_3391141/output
  Steps:  resample -> adjust -> align -> align_en -> postprocess -> strict_ok
############################################################

  >>> [resample] Resample to 16kHz for MFA
  Frozen pre-CTC stems: 132/132 (limit=0, source=existing_manifest)
  CTC receipt has incomplete audio_bindings; rebuilding axis binding
  Selected 132 WAVs from frozen pre-CTC subset (source namespace may contain extras)
  Resampled to 16000Hz -> /mnt/nvme1/mfa_work_laria_0825/gpu_5/batch_0005_LAria-edf184b39c/workspace/audio_16k  (132 done, 132 resampled)

  >>> [adjust] Adjust CTC boundaries (energy-based)

============================================================
  Step 5: Adjust CTC boundaries (energy-based)
  /home/user/miniconda3/envs/mfa-dev/bin/python3 /mnt/local_E/MFA_Pause/repo/scripts/adjust_ctc_boundaries.py --ctc-dir /mnt/nvme1/mfa_work_laria_0825/gpu_5/batch_0005_LAria-edf184b39c/workspace/ctc_pretg_adj --audio-dir /mnt/nvme1/mfa_work_laria_0825/gpu_5/batch_0005_LAria-edf184b39c/audio --output-dir /mnt/nvme1/mfa_work_laria_0825/gpu_5/batch_0005_LAria-edf184b39c/workspace/ctc_pretg_adj --raw-manifest /mnt/nvme1/mfa_work_laria_0825/gpu_5/batch_0005_LAria-edf184b39c/workspace/ctc_pretg/.ctc_raw_manifest.json --overwrite
============================================================


  >>> [align] MFA align (NVASR corpus + CTC anchors)
  NVASR corpus: /mnt/nvme1/mfa_work_laria_0825/gpu_5/batch_0005_LAria-edf184b39c/workspace/ctc_pretg_adj (.lab files from ASR text)
  CTC anchors:  /mnt/nvme1/mfa_work_laria_0825/gpu_5/batch_0005_LAria-edf184b39c/workspace/ctc_pretg_adj
  Transcript and anchors from SAME source -> 100% word match

============================================================
  Step 6: MFA Align (NVASR corpus + CTC anchors)
============================================================

  MFA output set: 132/132 complete

  >>> [align_en] English MFA align (English-only segments)

============================================================
  English MFA Alignment
  /home/user/miniconda3/envs/mfa-dev/bin/python3 /mnt/local_E/MFA_Pause/repo/scripts/align_english_mfa.py --ctc-dir /mnt/nvme1/mfa_work_laria_0825/gpu_5/batch_0005_LAria-edf184b39c/workspace/ctc_pretg_adj --audio-dir /mnt/nvme1/mfa_work_laria_0825/gpu_5/batch_0005_LAria-edf184b39c/workspace/audio_16k --output-dir /mnt/nvme1/mfa_work_laria_0825/gpu_5/batch_0005_LAria-edf184b39c/workspace/en_phones --acoustic-model /mnt/local_E/MFA_Pause/pretrained_models/acoustic/english_us_arpa.zip --dictionary /mnt/local_E/MFA_Pause/repo/dict/cmudict.dict --g2p-model /mnt/local_E/MFA_Pause/pretrained_models/g2p/english_us_arpa.zip --temp-dir /mnt/nvme1/mfa_work_laria_0825/gpu_5/batch_0005_LAria-edf184b39c/workspace/temp_en_mfa --num-jobs 4 --padding-ms 50 --min-segment-dur-ms 150 --max-gap-merge-s 0.35 --beam 10 --retry-beam 40 --singleton-retry-beam 100 --singleton-retry-retry-beam 1000 --singleton-retry-timeout 600 --singleton-retry-limit 16 --timeout 1800 --g2p-timeout 300 --strict-provenance --python /home/user/miniconda3/envs/mfa-dev/bin/python3
============================================================


  >>> [postprocess] Post-processing (includes NVV brackets + sp1 normalization)

============================================================
  Step 7: Post-processing
  /home/user/miniconda3/envs/mfa-dev/bin/python3 /mnt/local_E/MFA_Pause/repo/scripts/postprocess_textgrids.py --txt-dir /mnt/nvme1/mfa_work_laria_0825/gpu_5/batch_0005_LAria-edf184b39c/workspace/ctc_pretg_adj --textgrid-dir /mnt/nvme1/mfa_work_laria_0825/gpu_5/batch_0005_LAria-edf184b39c/workspace/aligned --output-dir /mnt/nvme1/mfa_work_laria_0825/gpu_5/batch_0005_LAria-edf184b39c/workspace/strict_ok_runs/20260825T115246Z_3391141/output --filtered-dir /mnt/nvme1/mfa_work_laria_0825/gpu_5/batch_0005_LAria-edf184b39c/workspace/strict_ok_runs/20260825T115246Z_3391141/filtered --wav-dir /mnt/nvme1/mfa_work_laria_0825/gpu_5/batch_0005_LAria-edf184b39c/workspace/audio_16k --raw-text-dir /mnt/nvme1/mfa_work_laria_0825/gpu_5/batch_0005_LAria-edf184b39c/audio --original-txt-dir /mnt/nvme1/mfa_work_laria_0825/gpu_5/batch_0005_LAria-edf184b39c/audio --reference-mode fallback --pinyin-dict /mnt/local_E/MFA_Pause/repo/dict/fullpinyin_enword.dict --ipa-dict /mnt/local_E/MFA_Pause/repo/dict/mfa_ipa.dict --en-phones-dir /mnt/nvme1/mfa_work_laria_0825/gpu_5/batch_0005_LAria-edf184b39c/workspace/en_phones --tone-ref /mnt/nvme1/mfa_work_laria_0825/gpu_5/batch_0005_LAria-edf184b39c/workspace/strict_ok_runs/20260825T115246Z_3391141/output/tone_mapping.json --merge-max-sil-sec 0.2 --fix-short-word-sec 0.25 --fix-min-silence-sec 0.4 --fix-search-sec 0.5 --bgm-noise-floor-ratio 2.0 --bgm-min-sil-dur 0.3 --bgm-speech-ratio 1.0 --bgm-min-energy 0.01 --bgm-max-threshold 0.05 --no-enable-word-in-silence-filter --filter-word-energy-ratio 0 --filter-short-phone-sec 0.015 --filter-long-word-sec 1.0 --filter-min-word-sec 0.15 --filter-min-word-dur-sec 0.02 --filter-min-phone-coverage 0.35 --filter-edge-gap-sec 0.25 --filter-flank-silence-sec 0.4 --filter-long-consonant-sec 999.0 --filter-long-vowel-sec 999.0 --filter-short-phone-en-sec 0.01 --filter-long-vowel-en-sec 0.5 --filter-long-consonant-en-sec 1.0 --filter-min-en-phone-coverage 0.25 --strict-ok --allow-filtered-integrity-failures --mfa-input-axis-receipt /mnt/nvme1/mfa_work_laria_0825/gpu_5/batch_0005_LAria-edf184b39c/workspace/.mfa_input_axis_receipt.json --mfa-alignment-axis-receipt /mnt/nvme1/mfa_work_laria_0825/gpu_5/batch_0005_LAria-edf184b39c/workspace/.mfa_alignment_axis_receipt.json --mfa-axis-audio-root /mnt/nvme1/mfa_work_laria_0825/gpu_5/batch_0005_LAria-edf184b39c/workspace/audio_16k --tts-authoritative-audio-root /mnt/nvme1/mfa_work_laria_0825/gpu_5/batch_0005_LAria-edf184b39c/audio --overwrite
============================================================

  Postprocess contract: 132 stems, 21 output, 111 filtered

  >>> [strict_ok] Independent strict-ok audit and manifest

============================================================
  Step 8: strict-ok independent audit
  /home/user/miniconda3/envs/mfa-dev/bin/python3 /mnt/local_E/MFA_Pause/repo/scripts/audit_strict_ok.py --output-dir /mnt/nvme1/mfa_work_laria_0825/gpu_5/batch_0005_LAria-edf184b39c/workspace/strict_ok_runs/20260825T115246Z_3391141/output --filtered-dir /mnt/nvme1/mfa_work_laria_0825/gpu_5/batch_0005_LAria-edf184b39c/workspace/strict_ok_runs/20260825T115246Z_3391141/filtered --ctc-dir /mnt/nvme1/mfa_work_laria_0825/gpu_5/batch_0005_LAria-edf184b39c/workspace/ctc_pretg_adj --reference-dir /mnt/nvme1/mfa_work_laria_0825/gpu_5/batch_0005_LAria-edf184b39c/audio --reference-mode fallback --wav-dir /mnt/nvme1/mfa_work_laria_0825/gpu_5/batch_0005_LAria-edf184b39c/workspace/audio_16k --aligned-dir /mnt/nvme1/mfa_work_laria_0825/gpu_5/batch_0005_LAria-edf184b39c/workspace/aligned --en-phones-dir /mnt/nvme1/mfa_work_laria_0825/gpu_5/batch_0005_LAria-edf184b39c/workspace/en_phones --en-aligned-dir /mnt/nvme1/mfa_work_laria_0825/gpu_5/batch_0005_LAria-edf184b39c/workspace/temp_en_mfa/en_aligned --en-manifest /mnt/nvme1/mfa_work_laria_0825/gpu_5/batch_0005_LAria-edf184b39c/workspace/en_phones/en_alignment_manifest.json --report /mnt/nvme1/mfa_work_laria_0825/gpu_5/batch_0005_LAria-edf184b39c/workspace/strict_ok_runs/20260825T115246Z_3391141/output/postprocess_report.jsonl --manifest /mnt/nvme1/mfa_work_laria_0825/gpu_5/batch_0005_LAria-edf184b39c/workspace/strict_ok_runs/20260825T115246Z_3391141/output/strict_ok_manifest.json --pipeline-receipt /mnt/nvme1/mfa_work_laria_0825/gpu_5/batch_0005_LAria-edf184b39c/workspace/strict_ok_runs/20260825T115246Z_3391141/output/.pipeline_run_receipt_v2.json --mfa-input-axis-receipt /mnt/nvme1/mfa_work_laria_0825/gpu_5/batch_0005_LAria-edf184b39c/workspace/.mfa_input_axis_receipt.json --mfa-alignment-axis-receipt /mnt/nvme1/mfa_work_laria_0825/gpu_5/batch_0005_LAria-edf184b39c/workspace/.mfa_alignment_axis_receipt.json --mfa-axis-audio-root /mnt/nvme1/mfa_work_laria_0825/gpu_5/batch_0005_LAria-edf184b39c/workspace/audio_16k --tts-authoritative-audio-root /mnt/nvme1/mfa_work_laria_0825/gpu_5/batch_0005_LAria-edf184b39c/audio
============================================================
  _snap_to_ctc: token count mismatch (MFA=42, CTC=43) — NW aligned 42/42 tokens
  _snap_to_ctc: token count mismatch (MFA=37, CTC=38) — NW aligned 37/37 tokens
  _snap_to_ctc: token count mismatch (MFA=30, CTC=31) — NW aligned 30/30 tokens
  CMUdict loaded from /mnt/local_E/MFA_Pause/repo/dict/cmudict.dict: 125088 entries
  _snap_to_ctc: token count mismatch (MFA=35, CTC=36) — NW aligned 35/35 tokens
  _snap_to_ctc: token count mismatch (MFA=40, CTC=41) — NW aligned 40/40 tokens
  _snap_to_ctc: token count mismatch (MFA=42, CTC=43) — NW aligned 42/42 tokens
  _snap_to_ctc: token count mismatch (MFA=34, CTC=35) — NW aligned 34/34 tokens
Config: /mnt/local_E/MFA_Pause/repo/configs/laria_v5_no_reference_strict_8gpu_20260825.yaml
Pipeline mode: nvrasr_fallback
Using Python: /home/user/miniconda3/envs/mfa-dev/bin/python3
  ═══════════════════════════════════════════════════════════
  NVMe audio cache not found.
  Run once to eliminate NAS I/O (~30 min, one-time):
    python scripts/cache_audio_to_nvme.py \
        --source /mnt/nvme3/mfa_work_laria_0825/gpu_6/batch_0006_LAria-edf184b39c/audio
  Or use --auto-cache to create a temp cache for this run.
  Falling back to NAS audio (slower).
  ═══════════════════════════════════════════════════════════
  Strict run output: /mnt/nvme3/mfa_work_laria_0825/gpu_6/batch_0006_LAria-edf184b39c/workspace/strict_ok_runs/20260825T115246Z_3391144/output
  Strict run filtered: /mnt/nvme3/mfa_work_laria_0825/gpu_6/batch_0006_LAria-edf184b39c/workspace/strict_ok_runs/20260825T115246Z_3391144/filtered
  Versioned publish target: /mnt/nvme3/mfa_work_laria_0825/gpu_6/batch_0006_LAria-edf184b39c/output.runs/20260825T115246Z_3391144

############################################################
  Chinese MFA Pipeline  [nvrasr_fallback]
  Input:  /mnt/nvme3/mfa_work_laria_0825/gpu_6/batch_0006_LAria-edf184b39c/audio
  Output: /mnt/nvme3/mfa_work_laria_0825/gpu_6/batch_0006_LAria-edf184b39c/workspace/strict_ok_runs/20260825T115246Z_3391144/output
  Steps:  resample -> adjust -> align -> align_en -> postprocess -> strict_ok
############################################################

  >>> [resample] Resample to 16kHz for MFA
  Frozen pre-CTC stems: 132/132 (limit=0, source=existing_manifest)
  CTC receipt has incomplete audio_bindings; rebuilding axis binding
  Selected 132 WAVs from frozen pre-CTC subset (source namespace may contain extras)
  Resampled to 16000Hz -> /mnt/nvme3/mfa_work_laria_0825/gpu_6/batch_0006_LAria-edf184b39c/workspace/audio_16k  (132 done, 132 resampled)

  >>> [adjust] Adjust CTC boundaries (energy-based)

============================================================
  Step 5: Adjust CTC boundaries (energy-based)
  /home/user/miniconda3/envs/mfa-dev/bin/python3 /mnt/local_E/MFA_Pause/repo/scripts/adjust_ctc_boundaries.py --ctc-dir /mnt/nvme3/mfa_work_laria_0825/gpu_6/batch_0006_LAria-edf184b39c/workspace/ctc_pretg_adj --audio-dir /mnt/nvme3/mfa_work_laria_0825/gpu_6/batch_0006_LAria-edf184b39c/audio --output-dir /mnt/nvme3/mfa_work_laria_0825/gpu_6/batch_0006_LAria-edf184b39c/workspace/ctc_pretg_adj --raw-manifest /mnt/nvme3/mfa_work_laria_0825/gpu_6/batch_0006_LAria-edf184b39c/workspace/ctc_pretg/.ctc_raw_manifest.json --overwrite
============================================================


  >>> [align] MFA align (NVASR corpus + CTC anchors)
  NVASR corpus: /mnt/nvme3/mfa_work_laria_0825/gpu_6/batch_0006_LAria-edf184b39c/workspace/ctc_pretg_adj (.lab files from ASR text)
  CTC anchors:  /mnt/nvme3/mfa_work_laria_0825/gpu_6/batch_0006_LAria-edf184b39c/workspace/ctc_pretg_adj
  Transcript and anchors from SAME source -> 100% word match

============================================================
  Step 6: MFA Align (NVASR corpus + CTC anchors)
============================================================

  MFA partial mode: 131/132 aligned; 1 explicitly skipped
  MFA output set: 131/132 complete

  >>> [align_en] English MFA align (English-only segments)

============================================================
  English MFA Alignment
  /home/user/miniconda3/envs/mfa-dev/bin/python3 /mnt/local_E/MFA_Pause/repo/scripts/align_english_mfa.py --ctc-dir /mnt/nvme3/mfa_work_laria_0825/gpu_6/batch_0006_LAria-edf184b39c/workspace/ctc_pretg_adj --audio-dir /mnt/nvme3/mfa_work_laria_0825/gpu_6/batch_0006_LAria-edf184b39c/workspace/audio_16k --output-dir /mnt/nvme3/mfa_work_laria_0825/gpu_6/batch_0006_LAria-edf184b39c/workspace/en_phones --acoustic-model /mnt/local_E/MFA_Pause/pretrained_models/acoustic/english_us_arpa.zip --dictionary /mnt/local_E/MFA_Pause/repo/dict/cmudict.dict --g2p-model /mnt/local_E/MFA_Pause/pretrained_models/g2p/english_us_arpa.zip --temp-dir /mnt/nvme3/mfa_work_laria_0825/gpu_6/batch_0006_LAria-edf184b39c/workspace/temp_en_mfa --num-jobs 4 --padding-ms 50 --min-segment-dur-ms 150 --max-gap-merge-s 0.35 --beam 10 --retry-beam 40 --singleton-retry-beam 100 --singleton-retry-retry-beam 1000 --singleton-retry-timeout 600 --singleton-retry-limit 16 --timeout 1800 --g2p-timeout 300 --strict-provenance --python /home/user/miniconda3/envs/mfa-dev/bin/python3
============================================================


  >>> [postprocess] Post-processing (includes NVV brackets + sp1 normalization)

============================================================
  Step 7: Post-processing
  /home/user/miniconda3/envs/mfa-dev/bin/python3 /mnt/local_E/MFA_Pause/repo/scripts/postprocess_textgrids.py --txt-dir /mnt/nvme3/mfa_work_laria_0825/gpu_6/batch_0006_LAria-edf184b39c/workspace/ctc_pretg_adj --textgrid-dir /mnt/nvme3/mfa_work_laria_0825/gpu_6/batch_0006_LAria-edf184b39c/workspace/aligned --output-dir /mnt/nvme3/mfa_work_laria_0825/gpu_6/batch_0006_LAria-edf184b39c/workspace/strict_ok_runs/20260825T115246Z_3391144/output --filtered-dir /mnt/nvme3/mfa_work_laria_0825/gpu_6/batch_0006_LAria-edf184b39c/workspace/strict_ok_runs/20260825T115246Z_3391144/filtered --wav-dir /mnt/nvme3/mfa_work_laria_0825/gpu_6/batch_0006_LAria-edf184b39c/workspace/audio_16k --raw-text-dir /mnt/nvme3/mfa_work_laria_0825/gpu_6/batch_0006_LAria-edf184b39c/audio --original-txt-dir /mnt/nvme3/mfa_work_laria_0825/gpu_6/batch_0006_LAria-edf184b39c/audio --reference-mode fallback --pinyin-dict /mnt/local_E/MFA_Pause/repo/dict/fullpinyin_enword.dict --ipa-dict /mnt/local_E/MFA_Pause/repo/dict/mfa_ipa.dict --en-phones-dir /mnt/nvme3/mfa_work_laria_0825/gpu_6/batch_0006_LAria-edf184b39c/workspace/en_phones --tone-ref /mnt/nvme3/mfa_work_laria_0825/gpu_6/batch_0006_LAria-edf184b39c/workspace/strict_ok_runs/20260825T115246Z_3391144/output/tone_mapping.json --merge-max-sil-sec 0.2 --fix-short-word-sec 0.25 --fix-min-silence-sec 0.4 --fix-search-sec 0.5 --bgm-noise-floor-ratio 2.0 --bgm-min-sil-dur 0.3 --bgm-speech-ratio 1.0 --bgm-min-energy 0.01 --bgm-max-threshold 0.05 --no-enable-word-in-silence-filter --filter-word-energy-ratio 0 --filter-short-phone-sec 0.015 --filter-long-word-sec 1.0 --filter-min-word-sec 0.15 --filter-min-word-dur-sec 0.02 --filter-min-phone-coverage 0.35 --filter-edge-gap-sec 0.25 --filter-flank-silence-sec 0.4 --filter-long-consonant-sec 999.0 --filter-long-vowel-sec 999.0 --filter-short-phone-en-sec 0.01 --filter-long-vowel-en-sec 0.5 --filter-long-consonant-en-sec 1.0 --filter-min-en-phone-coverage 0.25 --strict-ok --allow-filtered-integrity-failures --mfa-input-axis-receipt /mnt/nvme3/mfa_work_laria_0825/gpu_6/batch_0006_LAria-edf184b39c/workspace/.mfa_input_axis_receipt.json --mfa-alignment-axis-receipt /mnt/nvme3/mfa_work_laria_0825/gpu_6/batch_0006_LAria-edf184b39c/workspace/.mfa_alignment_axis_receipt.json --mfa-axis-audio-root /mnt/nvme3/mfa_work_laria_0825/gpu_6/batch_0006_LAria-edf184b39c/workspace/audio_16k --tts-authoritative-audio-root /mnt/nvme3/mfa_work_laria_0825/gpu_6/batch_0006_LAria-edf184b39c/audio --overwrite
============================================================

  Partial MFA accounting: 1 stems placed in filtered/ as missing_mfa_alignment
  Postprocess contract: 132 stems, 18 output, 114 filtered

  >>> [strict_ok] Independent strict-ok audit and manifest

============================================================
  Step 8: strict-ok independent audit
  /home/user/miniconda3/envs/mfa-dev/bin/python3 /mnt/local_E/MFA_Pause/repo/scripts/audit_strict_ok.py --output-dir /mnt/nvme3/mfa_work_laria_0825/gpu_6/batch_0006_LAria-edf184b39c/workspace/strict_ok_runs/20260825T115246Z_3391144/output --filtered-dir /mnt/nvme3/mfa_work_laria_0825/gpu_6/batch_0006_LAria-edf184b39c/workspace/strict_ok_runs/20260825T115246Z_3391144/filtered --ctc-dir /mnt/nvme3/mfa_work_laria_0825/gpu_6/batch_0006_LAria-edf184b39c/workspace/ctc_pretg_adj --reference-dir /mnt/nvme3/mfa_work_laria_0825/gpu_6/batch_0006_LAria-edf184b39c/audio --reference-mode fallback --wav-dir /mnt/nvme3/mfa_work_laria_0825/gpu_6/batch_0006_LAria-edf184b39c/workspace/audio_16k --aligned-dir /mnt/nvme3/mfa_work_laria_0825/gpu_6/batch_0006_LAria-edf184b39c/workspace/aligned --en-phones-dir /mnt/nvme3/mfa_work_laria_0825/gpu_6/batch_0006_LAria-edf184b39c/workspace/en_phones --en-aligned-dir /mnt/nvme3/mfa_work_laria_0825/gpu_6/batch_0006_LAria-edf184b39c/workspace/temp_en_mfa/en_aligned --en-manifest /mnt/nvme3/mfa_work_laria_0825/gpu_6/batch_0006_LAria-edf184b39c/workspace/en_phones/en_alignment_manifest.json --report /mnt/nvme3/mfa_work_laria_0825/gpu_6/batch_0006_LAria-edf184b39c/workspace/strict_ok_runs/20260825T115246Z_3391144/output/postprocess_report.jsonl --manifest /mnt/nvme3/mfa_work_laria_0825/gpu_6/batch_0006_LAria-edf184b39c/workspace/strict_ok_runs/20260825T115246Z_3391144/output/strict_ok_manifest.json --pipeline-receipt /mnt/nvme3/mfa_work_laria_0825/gpu_6/batch_0006_LAria-edf184b39c/workspace/strict_ok_runs/20260825T115246Z_3391144/output/.pipeline_run_receipt_v2.json --mfa-input-axis-receipt /mnt/nvme3/mfa_work_laria_0825/gpu_6/batch_0006_LAria-edf184b39c/workspace/.mfa_input_axis_receipt.json --mfa-alignment-axis-receipt /mnt/nvme3/mfa_work_laria_0825/gpu_6/batch_0006_LAria-edf184b39c/workspace/.mfa_alignment_axis_receipt.json --mfa-axis-audio-root /mnt/nvme3/mfa_work_laria_0825/gpu_6/batch_0006_LAria-edf184b39c/workspace/audio_16k --tts-authoritative-audio-root /mnt/nvme3/mfa_work_laria_0825/gpu_6/batch_0006_LAria-edf184b39c/audio
============================================================
  _snap_to_ctc: token count mismatch (MFA=35, CTC=36) — NW aligned 35/35 tokens
  _snap_to_ctc: token count mismatch (MFA=27, CTC=28) — NW aligned 27/27 tokens
  _snap_to_ctc: token count mismatch (MFA=41, CTC=42) — NW aligned 41/41 tokens
  _snap_to_ctc: token count mismatch (MFA=41, CTC=42) — NW aligned 41/41 tokens
Config: /mnt/local_E/MFA_Pause/repo/configs/laria_v5_no_reference_strict_8gpu_20260825.yaml
Pipeline mode: nvrasr_fallback
Using Python: /home/user/miniconda3/envs/mfa-dev/bin/python3
  ═══════════════════════════════════════════════════════════
  NVMe audio cache not found.
  Run once to eliminate NAS I/O (~30 min, one-time):
    python scripts/cache_audio_to_nvme.py \
        --source /mnt/nvme3/mfa_work_laria_0825/gpu_2/batch_0002_LAria-edf184b39c/audio
  Or use --auto-cache to create a temp cache for this run.
  Falling back to NAS audio (slower).
  ═══════════════════════════════════════════════════════════
  Strict run output: /mnt/nvme3/mfa_work_laria_0825/gpu_2/batch_0002_LAria-edf184b39c/workspace/strict_ok_runs/20260825T115246Z_3391137/output
  Strict run filtered: /mnt/nvme3/mfa_work_laria_0825/gpu_2/batch_0002_LAria-edf184b39c/workspace/strict_ok_runs/20260825T115246Z_3391137/filtered
  Versioned publish target: /mnt/nvme3/mfa_work_laria_0825/gpu_2/batch_0002_LAria-edf184b39c/output.runs/20260825T115246Z_3391137

############################################################
  Chinese MFA Pipeline  [nvrasr_fallback]
  Input:  /mnt/nvme3/mfa_work_laria_0825/gpu_2/batch_0002_LAria-edf184b39c/audio
  Output: /mnt/nvme3/mfa_work_laria_0825/gpu_2/batch_0002_LAria-edf184b39c/workspace/strict_ok_runs/20260825T115246Z_3391137/output
  Steps:  resample -> adjust -> align -> align_en -> postprocess -> strict_ok
############################################################

  >>> [resample] Resample to 16kHz for MFA
  Frozen pre-CTC stems: 132/132 (limit=0, source=existing_manifest)
  CTC receipt has incomplete audio_bindings; rebuilding axis binding
  Selected 132 WAVs from frozen pre-CTC subset (source namespace may contain extras)
  Resampled to 16000Hz -> /mnt/nvme3/mfa_work_laria_0825/gpu_2/batch_0002_LAria-edf184b39c/workspace/audio_16k  (132 done, 132 resampled)

  >>> [adjust] Adjust CTC boundaries (energy-based)

============================================================
  Step 5: Adjust CTC boundaries (energy-based)
  /home/user/miniconda3/envs/mfa-dev/bin/python3 /mnt/local_E/MFA_Pause/repo/scripts/adjust_ctc_boundaries.py --ctc-dir /mnt/nvme3/mfa_work_laria_0825/gpu_2/batch_0002_LAria-edf184b39c/workspace/ctc_pretg_adj --audio-dir /mnt/nvme3/mfa_work_laria_0825/gpu_2/batch_0002_LAria-edf184b39c/audio --output-dir /mnt/nvme3/mfa_work_laria_0825/gpu_2/batch_0002_LAria-edf184b39c/workspace/ctc_pretg_adj --raw-manifest /mnt/nvme3/mfa_work_laria_0825/gpu_2/batch_0002_LAria-edf184b39c/workspace/ctc_pretg/.ctc_raw_manifest.json --overwrite
============================================================


  >>> [align] MFA align (NVASR corpus + CTC anchors)
  NVASR corpus: /mnt/nvme3/mfa_work_laria_0825/gpu_2/batch_0002_LAria-edf184b39c/workspace/ctc_pretg_adj (.lab files from ASR text)
  CTC anchors:  /mnt/nvme3/mfa_work_laria_0825/gpu_2/batch_0002_LAria-edf184b39c/workspace/ctc_pretg_adj
  Transcript and anchors from SAME source -> 100% word match

============================================================
  Step 6: MFA Align (NVASR corpus + CTC anchors)
============================================================

  MFA output set: 132/132 complete

  >>> [align_en] English MFA align (English-only segments)

============================================================
  English MFA Alignment
  /home/user/miniconda3/envs/mfa-dev/bin/python3 /mnt/local_E/MFA_Pause/repo/scripts/align_english_mfa.py --ctc-dir /mnt/nvme3/mfa_work_laria_0825/gpu_2/batch_0002_LAria-edf184b39c/workspace/ctc_pretg_adj --audio-dir /mnt/nvme3/mfa_work_laria_0825/gpu_2/batch_0002_LAria-edf184b39c/workspace/audio_16k --output-dir /mnt/nvme3/mfa_work_laria_0825/gpu_2/batch_0002_LAria-edf184b39c/workspace/en_phones --acoustic-model /mnt/local_E/MFA_Pause/pretrained_models/acoustic/english_us_arpa.zip --dictionary /mnt/local_E/MFA_Pause/repo/dict/cmudict.dict --g2p-model /mnt/local_E/MFA_Pause/pretrained_models/g2p/english_us_arpa.zip --temp-dir /mnt/nvme3/mfa_work_laria_0825/gpu_2/batch_0002_LAria-edf184b39c/workspace/temp_en_mfa --num-jobs 4 --padding-ms 50 --min-segment-dur-ms 150 --max-gap-merge-s 0.35 --beam 10 --retry-beam 40 --singleton-retry-beam 100 --singleton-retry-retry-beam 1000 --singleton-retry-timeout 600 --singleton-retry-limit 16 --timeout 1800 --g2p-timeout 300 --strict-provenance --python /home/user/miniconda3/envs/mfa-dev/bin/python3
============================================================


  >>> [postprocess] Post-processing (includes NVV brackets + sp1 normalization)

============================================================
  Step 7: Post-processing
  /home/user/miniconda3/envs/mfa-dev/bin/python3 /mnt/local_E/MFA_Pause/repo/scripts/postprocess_textgrids.py --txt-dir /mnt/nvme3/mfa_work_laria_0825/gpu_2/batch_0002_LAria-edf184b39c/workspace/ctc_pretg_adj --textgrid-dir /mnt/nvme3/mfa_work_laria_0825/gpu_2/batch_0002_LAria-edf184b39c/workspace/aligned --output-dir /mnt/nvme3/mfa_work_laria_0825/gpu_2/batch_0002_LAria-edf184b39c/workspace/strict_ok_runs/20260825T115246Z_3391137/output --filtered-dir /mnt/nvme3/mfa_work_laria_0825/gpu_2/batch_0002_LAria-edf184b39c/workspace/strict_ok_runs/20260825T115246Z_3391137/filtered --wav-dir /mnt/nvme3/mfa_work_laria_0825/gpu_2/batch_0002_LAria-edf184b39c/workspace/audio_16k --raw-text-dir /mnt/nvme3/mfa_work_laria_0825/gpu_2/batch_0002_LAria-edf184b39c/audio --original-txt-dir /mnt/nvme3/mfa_work_laria_0825/gpu_2/batch_0002_LAria-edf184b39c/audio --reference-mode fallback --pinyin-dict /mnt/local_E/MFA_Pause/repo/dict/fullpinyin_enword.dict --ipa-dict /mnt/local_E/MFA_Pause/repo/dict/mfa_ipa.dict --en-phones-dir /mnt/nvme3/mfa_work_laria_0825/gpu_2/batch_0002_LAria-edf184b39c/workspace/en_phones --tone-ref /mnt/nvme3/mfa_work_laria_0825/gpu_2/batch_0002_LAria-edf184b39c/workspace/strict_ok_runs/20260825T115246Z_3391137/output/tone_mapping.json --merge-max-sil-sec 0.2 --fix-short-word-sec 0.25 --fix-min-silence-sec 0.4 --fix-search-sec 0.5 --bgm-noise-floor-ratio 2.0 --bgm-min-sil-dur 0.3 --bgm-speech-ratio 1.0 --bgm-min-energy 0.01 --bgm-max-threshold 0.05 --no-enable-word-in-silence-filter --filter-word-energy-ratio 0 --filter-short-phone-sec 0.015 --filter-long-word-sec 1.0 --filter-min-word-sec 0.15 --filter-min-word-dur-sec 0.02 --filter-min-phone-coverage 0.35 --filter-edge-gap-sec 0.25 --filter-flank-silence-sec 0.4 --filter-long-consonant-sec 999.0 --filter-long-vowel-sec 999.0 --filter-short-phone-en-sec 0.01 --filter-long-vowel-en-sec 0.5 --filter-long-consonant-en-sec 1.0 --filter-min-en-phone-coverage 0.25 --strict-ok --allow-filtered-integrity-failures --mfa-input-axis-receipt /mnt/nvme3/mfa_work_laria_0825/gpu_2/batch_0002_LAria-edf184b39c/workspace/.mfa_input_axis_receipt.json --mfa-alignment-axis-receipt /mnt/nvme3/mfa_work_laria_0825/gpu_2/batch_0002_LAria-edf184b39c/workspace/.mfa_alignment_axis_receipt.json --mfa-axis-audio-root /mnt/nvme3/mfa_work_laria_0825/gpu_2/batch_0002_LAria-edf184b39c/workspace/audio_16k --tts-authoritative-audio-root /mnt/nvme3/mfa_work_laria_0825/gpu_2/batch_0002_LAria-edf184b39c/audio --overwrite
============================================================

  Postprocess contract: 132 stems, 17 output, 115 filtered

  >>> [strict_ok] Independent strict-ok audit and manifest

============================================================
  Step 8: strict-ok independent audit
  /home/user/miniconda3/envs/mfa-dev/bin/python3 /mnt/local_E/MFA_Pause/repo/scripts/audit_strict_ok.py --output-dir /mnt/nvme3/mfa_work_laria_0825/gpu_2/batch_0002_LAria-edf184b39c/workspace/strict_ok_runs/20260825T115246Z_3391137/output --filtered-dir /mnt/nvme3/mfa_work_laria_0825/gpu_2/batch_0002_LAria-edf184b39c/workspace/strict_ok_runs/20260825T115246Z_3391137/filtered --ctc-dir /mnt/nvme3/mfa_work_laria_0825/gpu_2/batch_0002_LAria-edf184b39c/workspace/ctc_pretg_adj --reference-dir /mnt/nvme3/mfa_work_laria_0825/gpu_2/batch_0002_LAria-edf184b39c/audio --reference-mode fallback --wav-dir /mnt/nvme3/mfa_work_laria_0825/gpu_2/batch_0002_LAria-edf184b39c/workspace/audio_16k --aligned-dir /mnt/nvme3/mfa_work_laria_0825/gpu_2/batch_0002_LAria-edf184b39c/workspace/aligned --en-phones-dir /mnt/nvme3/mfa_work_laria_0825/gpu_2/batch_0002_LAria-edf184b39c/workspace/en_phones --en-aligned-dir /mnt/nvme3/mfa_work_laria_0825/gpu_2/batch_0002_LAria-edf184b39c/workspace/temp_en_mfa/en_aligned --en-manifest /mnt/nvme3/mfa_work_laria_0825/gpu_2/batch_0002_LAria-edf184b39c/workspace/en_phones/en_alignment_manifest.json --report /mnt/nvme3/mfa_work_laria_0825/gpu_2/batch_0002_LAria-edf184b39c/workspace/strict_ok_runs/20260825T115246Z_3391137/output/postprocess_report.jsonl --manifest /mnt/nvme3/mfa_work_laria_0825/gpu_2/batch_0002_LAria-edf184b39c/workspace/strict_ok_runs/20260825T115246Z_3391137/output/strict_ok_manifest.json --pipeline-receipt /mnt/nvme3/mfa_work_laria_0825/gpu_2/batch_0002_LAria-edf184b39c/workspace/strict_ok_runs/20260825T115246Z_3391137/output/.pipeline_run_receipt_v2.json --mfa-input-axis-receipt /mnt/nvme3/mfa_work_laria_0825/gpu_2/batch_0002_LAria-edf184b39c/workspace/.mfa_input_axis_receipt.json --mfa-alignment-axis-receipt /mnt/nvme3/mfa_work_laria_0825/gpu_2/batch_0002_LAria-edf184b39c/workspace/.mfa_alignment_axis_receipt.json --mfa-axis-audio-root /mnt/nvme3/mfa_work_laria_0825/gpu_2/batch_0002_LAria-edf184b39c/workspace/audio_16k --tts-authoritative-audio-root /mnt/nvme3/mfa_work_laria_0825/gpu_2/batch_0002_LAria-edf184b39c/audio
============================================================
Traceback (most recent call last):
  File "/mnt/local_E/MFA_Pause/repo/scripts/audit_strict_ok.py", line 2786, in <module>
    raise SystemExit(main())
                     ^^^^^^
  File "/mnt/local_E/MFA_Pause/repo/scripts/audit_strict_ok.py", line 2758, in main
    manifest, clean = audit(args)
                      ^^^^^^^^^^^
  File "/mnt/local_E/MFA_Pause/repo/scripts/audit_strict_ok.py", line 2325, in audit
    axis_global_reasons, axis_stem_reasons = _axis_contract_reasons(args, expected)
                                             ^^^^^^^^^^^^^^^^^^^^^^^^^^^^^^^^^^^^^^
  File "/mnt/local_E/MFA_Pause/repo/scripts/audit_strict_ok.py", line 579, in _axis_contract_reasons
    tts_meta = _axis_wav_meta(tts)
               ^^^^^^^^^^^^^^^^^^^
  File "/mnt/local_E/MFA_Pause/repo/scripts/audit_strict_ok.py", line 399, in _axis_wav_meta
    with wave.open(str(path), "rb") as handle:
         ^^^^^^^^^^^^^^^^^^^^^^^^^^
  File "/home/user/miniconda3/envs/mfa-dev/lib/python3.11/wave.py", line 631, in open
    return Wave_read(f)
           ^^^^^^^^^^^^
  File "/home/user/miniconda3/envs/mfa-dev/lib/python3.11/wave.py", line 283, in __init__
    self.initfp(f)
  File "/home/user/miniconda3/envs/mfa-dev/lib/python3.11/wave.py", line 263, in initfp
    self._read_fmt_chunk(chunk)
  File "/home/user/miniconda3/envs/mfa-dev/lib/python3.11/wave.py", line 388, in _read_fmt_chunk
    raise Error('unknown format: %r' % (wFormatTag,))
wave.Error: unknown format: 3
Traceback (most recent call last):
  File "/mnt/local_E/MFA_Pause/repo/scripts/audit_strict_ok.py", line 2786, in <module>
    raise SystemExit(main())
                     ^^^^^^
  File "/mnt/local_E/MFA_Pause/repo/scripts/audit_strict_ok.py", line 2758, in main
    manifest, clean = audit(args)
                      ^^^^^^^^^^^
  File "/mnt/local_E/MFA_Pause/repo/scripts/audit_strict_ok.py", line 2325, in audit
    axis_global_reasons, axis_stem_reasons = _axis_contract_reasons(args, expected)
                                             ^^^^^^^^^^^^^^^^^^^^^^^^^^^^^^^^^^^^^^
  File "/mnt/local_E/MFA_Pause/repo/scripts/audit_strict_ok.py", line 579, in _axis_contract_reasons
    tts_meta = _axis_wav_meta(tts)
               ^^^^^^^^^^^^^^^^^^^
  File "/mnt/local_E/MFA_Pause/repo/scripts/audit_strict_ok.py", line 399, in _axis_wav_meta
    with wave.open(str(path), "rb") as handle:
         ^^^^^^^^^^^^^^^^^^^^^^^^^^
  File "/home/user/miniconda3/envs/mfa-dev/lib/python3.11/wave.py", line 631, in open
    return Wave_read(f)
           ^^^^^^^^^^^^
  File "/home/user/miniconda3/envs/mfa-dev/lib/python3.11/wave.py", line 283, in __init__
    self.initfp(f)
  File "/home/user/miniconda3/envs/mfa-dev/lib/python3.11/wave.py", line 263, in initfp
    self._read_fmt_chunk(chunk)
  File "/home/user/miniconda3/envs/mfa-dev/lib/python3.11/wave.py", line 388, in _read_fmt_chunk
    raise Error('unknown format: %r' % (wFormatTag,))
wave.Error: unknown format: 3
  CMUdict loaded from /mnt/local_E/MFA_Pause/repo/dict/cmudict.dict: 125088 entries
Done. {'filtered_mid_sp_unexpected_silence_strict_interior_sp': 71, 'ok': 22, 'filtered_mid_sp_unexpected_silence_strict_interior_sp_warnings': 12, 'filtered_mid_sp_strict_interior_sp': 1, 'filtered_mid_sp_unexpected_silence_strict_interior_sp_ctc_lexical_sequence_mismatch_phones_owner_mismatch_mfa_unknown_source_warnings': 2, 'filtered_mid_sp_unexpected_silence_strict_interior_sp_ctc_lexical_sequence_mismatch_mfa_unknown_source': 9, 'filtered_mid_sp_unexpected_silence_strict_interior_sp_ctc_lexical_sequence_mismatch_mfa_unknown_source_warnings': 2, 'filtered_warnings': 5, 'filtered_mid_sp_bgm_suspect_unexpected_silence_strict_interior_sp': 2, 'filtered_english_provenance_rejected_mid_sp_unexpected_silence_strict_interior_sp_ctc_lexical_sequence_mismatch_warnings': 2, 'filtered_mid_sp_unexpected_silence_strict_interior_sp_ctc_lexical_sequence_mismatch_phones_owner_mismatch_warnings': 1, 'filtered_ctc_lexical_sequence_mismatch_mfa_unknown_source': 1, 'filtered_ctc_lexical_sequence_mismatch_phones_owner_mismatch_warnings': 1}. report=/mnt/nvme0/mfa_work_laria_0825/gpu_0/batch_0000_LAria-edf184b39c/workspace/strict_ok_runs/20260825T115246Z_3391133/output/postprocess_report.jsonl
  14 mandatory-integrity failures isolated in filtered/
  CMUdict loaded from /mnt/local_E/MFA_Pause/repo/dict/cmudict.dict: 125088 entries
  CMUdict loaded from /mnt/local_E/MFA_Pause/repo/dict/cmudict.dict: 125088 entries
  CMUdict loaded from /mnt/local_E/MFA_Pause/repo/dict/cmudict.dict: 125088 entries
  CMUdict loaded from /mnt/local_E/MFA_Pause/repo/dict/cmudict.dict: 125088 entries
  CMUdict loaded from /mnt/local_E/MFA_Pause/repo/dict/cmudict.dict: 125088 entries
  CMUdict loaded from /mnt/local_E/MFA_Pause/repo/dict/cmudict.dict: 125088 entries
  CMUdict loaded from /mnt/local_E/MFA_Pause/repo/dict/cmudict.dict: 125088 entries
  CMUdict loaded from /mnt/local_E/MFA_Pause/repo/dict/cmudict.dict: 125088 entries
  CMUdict loaded from /mnt/local_E/MFA_Pause/repo/dict/cmudict.dict: 125088 entries
  CMUdict loaded from /mnt/local_E/MFA_Pause/repo/dict/cmudict.dict: 125088 entries
  CMUdict loaded from /mnt/local_E/MFA_Pause/repo/dict/cmudict.dict: 125088 entries
  CMUdict loaded from /mnt/local_E/MFA_Pause/repo/dict/cmudict.dict: 125088 entries
  CMUdict loaded from /mnt/local_E/MFA_Pause/repo/dict/cmudict.dict: 125088 entries
  CMUdict loaded from /mnt/local_E/MFA_Pause/repo/dict/cmudict.dict: 125088 entries
  CMUdict loaded from /mnt/local_E/MFA_Pause/repo/dict/cmudict.dict: 125088 entries
  CMUdict loaded from /mnt/local_E/MFA_Pause/repo/dict/cmudict.dict: 125088 entries
  CMUdict loaded from /mnt/local_E/MFA_Pause/repo/dict/cmudict.dict: 125088 entries
Config: /mnt/local_E/MFA_Pause/repo/configs/laria_v5_no_reference_strict_8gpu_20260825.yaml
Pipeline mode: nvrasr_fallback
Using Python: /home/user/miniconda3/envs/mfa-dev/bin/python3
  ═══════════════════════════════════════════════════════════
  NVMe audio cache not found.
  Run once to eliminate NAS I/O (~30 min, one-time):
    python scripts/cache_audio_to_nvme.py \
        --source /mnt/nvme0/mfa_work_laria_0825/gpu_4/batch_0004_LAria-edf184b39c/audio
  Or use --auto-cache to create a temp cache for this run.
  Falling back to NAS audio (slower).
  ═══════════════════════════════════════════════════════════
  Strict run output: /mnt/nvme0/mfa_work_laria_0825/gpu_4/batch_0004_LAria-edf184b39c/workspace/strict_ok_runs/20260825T115246Z_3391143/output
  Strict run filtered: /mnt/nvme0/mfa_work_laria_0825/gpu_4/batch_0004_LAria-edf184b39c/workspace/strict_ok_runs/20260825T115246Z_3391143/filtered
  Versioned publish target: /mnt/nvme0/mfa_work_laria_0825/gpu_4/batch_0004_LAria-edf184b39c/output.runs/20260825T115246Z_3391143

############################################################
  Chinese MFA Pipeline  [nvrasr_fallback]
  Input:  /mnt/nvme0/mfa_work_laria_0825/gpu_4/batch_0004_LAria-edf184b39c/audio
  Output: /mnt/nvme0/mfa_work_laria_0825/gpu_4/batch_0004_LAria-edf184b39c/workspace/strict_ok_runs/20260825T115246Z_3391143/output
  Steps:  resample -> adjust -> align -> align_en -> postprocess -> strict_ok
############################################################

  >>> [resample] Resample to 16kHz for MFA
  Frozen pre-CTC stems: 132/132 (limit=0, source=existing_manifest)
  CTC receipt has incomplete audio_bindings; rebuilding axis binding
  Selected 132 WAVs from frozen pre-CTC subset (source namespace may contain extras)
  Resampled to 16000Hz -> /mnt/nvme0/mfa_work_laria_0825/gpu_4/batch_0004_LAria-edf184b39c/workspace/audio_16k  (132 done, 132 resampled)

  >>> [adjust] Adjust CTC boundaries (energy-based)

============================================================
  Step 5: Adjust CTC boundaries (energy-based)
  /home/user/miniconda3/envs/mfa-dev/bin/python3 /mnt/local_E/MFA_Pause/repo/scripts/adjust_ctc_boundaries.py --ctc-dir /mnt/nvme0/mfa_work_laria_0825/gpu_4/batch_0004_LAria-edf184b39c/workspace/ctc_pretg_adj --audio-dir /mnt/nvme0/mfa_work_laria_0825/gpu_4/batch_0004_LAria-edf184b39c/audio --output-dir /mnt/nvme0/mfa_work_laria_0825/gpu_4/batch_0004_LAria-edf184b39c/workspace/ctc_pretg_adj --raw-manifest /mnt/nvme0/mfa_work_laria_0825/gpu_4/batch_0004_LAria-edf184b39c/workspace/ctc_pretg/.ctc_raw_manifest.json --overwrite
============================================================


  >>> [align] MFA align (NVASR corpus + CTC anchors)
  NVASR corpus: /mnt/nvme0/mfa_work_laria_0825/gpu_4/batch_0004_LAria-edf184b39c/workspace/ctc_pretg_adj (.lab files from ASR text)
  CTC anchors:  /mnt/nvme0/mfa_work_laria_0825/gpu_4/batch_0004_LAria-edf184b39c/workspace/ctc_pretg_adj
  Transcript and anchors from SAME source -> 100% word match

============================================================
  Step 6: MFA Align (NVASR corpus + CTC anchors)
============================================================

  MFA output set: 132/132 complete

  >>> [align_en] English MFA align (English-only segments)

============================================================
  English MFA Alignment
  /home/user/miniconda3/envs/mfa-dev/bin/python3 /mnt/local_E/MFA_Pause/repo/scripts/align_english_mfa.py --ctc-dir /mnt/nvme0/mfa_work_laria_0825/gpu_4/batch_0004_LAria-edf184b39c/workspace/ctc_pretg_adj --audio-dir /mnt/nvme0/mfa_work_laria_0825/gpu_4/batch_0004_LAria-edf184b39c/workspace/audio_16k --output-dir /mnt/nvme0/mfa_work_laria_0825/gpu_4/batch_0004_LAria-edf184b39c/workspace/en_phones --acoustic-model /mnt/local_E/MFA_Pause/pretrained_models/acoustic/english_us_arpa.zip --dictionary /mnt/local_E/MFA_Pause/repo/dict/cmudict.dict --g2p-model /mnt/local_E/MFA_Pause/pretrained_models/g2p/english_us_arpa.zip --temp-dir /mnt/nvme0/mfa_work_laria_0825/gpu_4/batch_0004_LAria-edf184b39c/workspace/temp_en_mfa --num-jobs 4 --padding-ms 50 --min-segment-dur-ms 150 --max-gap-merge-s 0.35 --beam 10 --retry-beam 40 --singleton-retry-beam 100 --singleton-retry-retry-beam 1000 --singleton-retry-timeout 600 --singleton-retry-limit 16 --timeout 1800 --g2p-timeout 300 --strict-provenance --python /home/user/miniconda3/envs/mfa-dev/bin/python3
============================================================


  >>> [postprocess] Post-processing (includes NVV brackets + sp1 normalization)

============================================================
  Step 7: Post-processing
  /home/user/miniconda3/envs/mfa-dev/bin/python3 /mnt/local_E/MFA_Pause/repo/scripts/postprocess_textgrids.py --txt-dir /mnt/nvme0/mfa_work_laria_0825/gpu_4/batch_0004_LAria-edf184b39c/workspace/ctc_pretg_adj --textgrid-dir /mnt/nvme0/mfa_work_laria_0825/gpu_4/batch_0004_LAria-edf184b39c/workspace/aligned --output-dir /mnt/nvme0/mfa_work_laria_0825/gpu_4/batch_0004_LAria-edf184b39c/workspace/strict_ok_runs/20260825T115246Z_3391143/output --filtered-dir /mnt/nvme0/mfa_work_laria_0825/gpu_4/batch_0004_LAria-edf184b39c/workspace/strict_ok_runs/20260825T115246Z_3391143/filtered --wav-dir /mnt/nvme0/mfa_work_laria_0825/gpu_4/batch_0004_LAria-edf184b39c/workspace/audio_16k --raw-text-dir /mnt/nvme0/mfa_work_laria_0825/gpu_4/batch_0004_LAria-edf184b39c/audio --original-txt-dir /mnt/nvme0/mfa_work_laria_0825/gpu_4/batch_0004_LAria-edf184b39c/audio --reference-mode fallback --pinyin-dict /mnt/local_E/MFA_Pause/repo/dict/fullpinyin_enword.dict --ipa-dict /mnt/local_E/MFA_Pause/repo/dict/mfa_ipa.dict --en-phones-dir /mnt/nvme0/mfa_work_laria_0825/gpu_4/batch_0004_LAria-edf184b39c/workspace/en_phones --tone-ref /mnt/nvme0/mfa_work_laria_0825/gpu_4/batch_0004_LAria-edf184b39c/workspace/strict_ok_runs/20260825T115246Z_3391143/output/tone_mapping.json --merge-max-sil-sec 0.2 --fix-short-word-sec 0.25 --fix-min-silence-sec 0.4 --fix-search-sec 0.5 --bgm-noise-floor-ratio 2.0 --bgm-min-sil-dur 0.3 --bgm-speech-ratio 1.0 --bgm-min-energy 0.01 --bgm-max-threshold 0.05 --no-enable-word-in-silence-filter --filter-word-energy-ratio 0 --filter-short-phone-sec 0.015 --filter-long-word-sec 1.0 --filter-min-word-sec 0.15 --filter-min-word-dur-sec 0.02 --filter-min-phone-coverage 0.35 --filter-edge-gap-sec 0.25 --filter-flank-silence-sec 0.4 --filter-long-consonant-sec 999.0 --filter-long-vowel-sec 999.0 --filter-short-phone-en-sec 0.01 --filter-long-vowel-en-sec 0.5 --filter-long-consonant-en-sec 1.0 --filter-min-en-phone-coverage 0.25 --strict-ok --allow-filtered-integrity-failures --mfa-input-axis-receipt /mnt/nvme0/mfa_work_laria_0825/gpu_4/batch_0004_LAria-edf184b39c/workspace/.mfa_input_axis_receipt.json --mfa-alignment-axis-receipt /mnt/nvme0/mfa_work_laria_0825/gpu_4/batch_0004_LAria-edf184b39c/workspace/.mfa_alignment_axis_receipt.json --mfa-axis-audio-root /mnt/nvme0/mfa_work_laria_0825/gpu_4/batch_0004_LAria-edf184b39c/workspace/audio_16k --tts-authoritative-audio-root /mnt/nvme0/mfa_work_laria_0825/gpu_4/batch_0004_LAria-edf184b39c/audio --overwrite
============================================================

  Postprocess contract: 132 stems, 14 output, 118 filtered

  >>> [strict_ok] Independent strict-ok audit and manifest

============================================================
  Step 8: strict-ok independent audit
  /home/user/miniconda3/envs/mfa-dev/bin/python3 /mnt/local_E/MFA_Pause/repo/scripts/audit_strict_ok.py --output-dir /mnt/nvme0/mfa_work_laria_0825/gpu_4/batch_0004_LAria-edf184b39c/workspace/strict_ok_runs/20260825T115246Z_3391143/output --filtered-dir /mnt/nvme0/mfa_work_laria_0825/gpu_4/batch_0004_LAria-edf184b39c/workspace/strict_ok_runs/20260825T115246Z_3391143/filtered --ctc-dir /mnt/nvme0/mfa_work_laria_0825/gpu_4/batch_0004_LAria-edf184b39c/workspace/ctc_pretg_adj --reference-dir /mnt/nvme0/mfa_work_laria_0825/gpu_4/batch_0004_LAria-edf184b39c/audio --reference-mode fallback --wav-dir /mnt/nvme0/mfa_work_laria_0825/gpu_4/batch_0004_LAria-edf184b39c/workspace/audio_16k --aligned-dir /mnt/nvme0/mfa_work_laria_0825/gpu_4/batch_0004_LAria-edf184b39c/workspace/aligned --en-phones-dir /mnt/nvme0/mfa_work_laria_0825/gpu_4/batch_0004_LAria-edf184b39c/workspace/en_phones --en-aligned-dir /mnt/nvme0/mfa_work_laria_0825/gpu_4/batch_0004_LAria-edf184b39c/workspace/temp_en_mfa/en_aligned --en-manifest /mnt/nvme0/mfa_work_laria_0825/gpu_4/batch_0004_LAria-edf184b39c/workspace/en_phones/en_alignment_manifest.json --report /mnt/nvme0/mfa_work_laria_0825/gpu_4/batch_0004_LAria-edf184b39c/workspace/strict_ok_runs/20260825T115246Z_3391143/output/postprocess_report.jsonl --manifest /mnt/nvme0/mfa_work_laria_0825/gpu_4/batch_0004_LAria-edf184b39c/workspace/strict_ok_runs/20260825T115246Z_3391143/output/strict_ok_manifest.json --pipeline-receipt /mnt/nvme0/mfa_work_laria_0825/gpu_4/batch_0004_LAria-edf184b39c/workspace/strict_ok_runs/20260825T115246Z_3391143/output/.pipeline_run_receipt_v2.json --mfa-input-axis-receipt /mnt/nvme0/mfa_work_laria_0825/gpu_4/batch_0004_LAria-edf184b39c/workspace/.mfa_input_axis_receipt.json --mfa-alignment-axis-receipt /mnt/nvme0/mfa_work_laria_0825/gpu_4/batch_0004_LAria-edf184b39c/workspace/.mfa_alignment_axis_receipt.json --mfa-axis-audio-root /mnt/nvme0/mfa_work_laria_0825/gpu_4/batch_0004_LAria-edf184b39c/workspace/audio_16k --tts-authoritative-audio-root /mnt/nvme0/mfa_work_laria_0825/gpu_4/batch_0004_LAria-edf184b39c/audio
============================================================
  CMUdict loaded from /mnt/local_E/MFA_Pause/repo/dict/cmudict.dict: 125088 entries
  CMUdict loaded from /mnt/local_E/MFA_Pause/repo/dict/cmudict.dict: 125088 entries
  CMUdict loaded from /mnt/local_E/MFA_Pause/repo/dict/cmudict.dict: 125088 entries
  CMUdict loaded from /mnt/local_E/MFA_Pause/repo/dict/cmudict.dict: 125088 entries
Traceback (most recent call last):
  File "/mnt/local_E/MFA_Pause/repo/scripts/audit_strict_ok.py", line 2786, in <module>
Done. {'filtered_mid_sp_unexpected_silence_strict_interior_sp': 79, 'filtered_warnings': 2, 'filtered_mid_sp_unexpected_silence_strict_interior_sp_ctc_lexical_sequence_mismatch_mfa_unknown_source': 9, 'filtered_mid_sp_unexpected_silence_strict_interior_sp_warnings': 10, 'ok': 18, 'filtered_mid_sp_unexpected_silence_strict_interior_sp_ctc_lexical_sequence_mismatch_phones_owner_mismatch_warnings': 5, 'filtered_sp3_mid_sp_unexpected_silence_strict_interior_sp': 1, 'filtered_mid_sp_unexpected_silence_strict_interior_sp_ctc_processed_lexical_count_mismatch_ctc_lexical_sequence_mismatch_phones_owner_mismatch_warnings': 2, 'filtered_mid_sp_unexpected_silence_strict_interior_sp_ctc_lexical_sequence_mismatch_mfa_unknown_source_warnings': 2, 'filtered_mid_sp_unexpected_silence_strict_interior_sp_words_hanzi_bounds_mismatch': 1, 'filtered_english_provenance_rejected_mid_sp_unexpected_silence_strict_interior_sp_ctc_lexical_sequence_mismatch_warnings': 1}. report=/mnt/nvme1/mfa_work_laria_0825/gpu_1/batch_0001_LAria-edf184b39c/workspace/strict_ok_runs/20260825T115246Z_3391135/output/postprocess_report.jsonl
  11 mandatory-integrity failures isolated in filtered/
  CMUdict loaded from /mnt/local_E/MFA_Pause/repo/dict/cmudict.dict: 125088 entries
  CMUdict loaded from /mnt/local_E/MFA_Pause/repo/dict/cmudict.dict: 125088 entries
  CMUdict loaded from /mnt/local_E/MFA_Pause/repo/dict/cmudict.dict: 125088 entries
  CMUdict loaded from /mnt/local_E/MFA_Pause/repo/dict/cmudict.dict: 125088 entries
  CMUdict loaded from /mnt/local_E/MFA_Pause/repo/dict/cmudict.dict: 125088 entries
Done. {'filtered_mid_sp_unexpected_silence_strict_interior_sp': 55, 'filtered_mid_sp_unexpected_silence_strict_interior_sp_warnings': 19, 'ok': 22, 'filtered_mid_sp_unexpected_silence_strict_interior_sp_ctc_lexical_sequence_mismatch_mfa_unknown_source': 15, 'filtered_english_provenance_rejected': 1, 'filtered_mid_sp_strict_interior_sp': 2, 'filtered_mid_sp_unexpected_silence_strict_interior_sp_ctc_lexical_sequence_mismatch_mfa_unknown_source_warnings': 5, 'filtered_english_provenance_rejected_mid_sp_unexpected_silence_strict_interior_sp_ctc_lexical_sequence_mismatch_warnings': 1, 'filtered_mid_sp_unexpected_silence_strict_interior_sp_ctc_lexical_sequence_mismatch_phones_owner_mismatch_warnings': 5, 'filtered_short_word': 1, 'filtered_ctc_lexical_sequence_mismatch_phones_owner_mismatch_warnings': 2, 'filtered_mid_sp_short_word_unexpected_silence_strict_interior_sp': 1, 'filtered_warnings': 1, 'filtered_sp3_mid_sp_unexpected_silence_strict_interior_sp': 1}. report=/mnt/nvme4/mfa_work_laria_0825/gpu_7/batch_0007_LAria-edf184b39c/workspace/strict_ok_runs/20260825T115246Z_3391145/output/postprocess_report.jsonl
  20 mandatory-integrity failures isolated in filtered/
  CMUdict loaded from /mnt/local_E/MFA_Pause/repo/dict/cmudict.dict: 125088 entries
  CMUdict loaded from /mnt/local_E/MFA_Pause/repo/dict/cmudict.dict: 125088 entries
  CMUdict loaded from /mnt/local_E/MFA_Pause/repo/dict/cmudict.dict: 125088 entries
  CMUdict loaded from /mnt/local_E/MFA_Pause/repo/dict/cmudict.dict: 125088 entries
  _snap_to_ctc: token count mismatch (MFA=25, CTC=26) — NW aligned 25/25 tokens
  _snap_to_ctc: token count mismatch (MFA=27, CTC=28) — NW aligned 27/27 tokens
  CMUdict loaded from /mnt/local_E/MFA_Pause/repo/dict/cmudict.dict: 125088 entries
Config: /mnt/local_E/MFA_Pause/repo/configs/laria_v5_no_reference_strict_8gpu_20260825.yaml
Pipeline mode: nvrasr_fallback
Using Python: /home/user/miniconda3/envs/mfa-dev/bin/python3
  ═══════════════════════════════════════════════════════════
  NVMe audio cache not found.
  Run once to eliminate NAS I/O (~30 min, one-time):
    python scripts/cache_audio_to_nvme.py \
        --source /mnt/nvme0/mfa_work_laria_0825/gpu_0/batch_0000_LAria-edf184b39c/audio
  Or use --auto-cache to create a temp cache for this run.
  Falling back to NAS audio (slower).
  ═══════════════════════════════════════════════════════════
  Strict run output: /mnt/nvme0/mfa_work_laria_0825/gpu_0/batch_0000_LAria-edf184b39c/workspace/strict_ok_runs/20260825T115246Z_3391133/output
  Strict run filtered: /mnt/nvme0/mfa_work_laria_0825/gpu_0/batch_0000_LAria-edf184b39c/workspace/strict_ok_runs/20260825T115246Z_3391133/filtered
  Versioned publish target: /mnt/nvme0/mfa_work_laria_0825/gpu_0/batch_0000_LAria-edf184b39c/output.runs/20260825T115246Z_3391133

############################################################
  Chinese MFA Pipeline  [nvrasr_fallback]
  Input:  /mnt/nvme0/mfa_work_laria_0825/gpu_0/batch_0000_LAria-edf184b39c/audio
  Output: /mnt/nvme0/mfa_work_laria_0825/gpu_0/batch_0000_LAria-edf184b39c/workspace/strict_ok_runs/20260825T115246Z_3391133/output
  Steps:  resample -> adjust -> align -> align_en -> postprocess -> strict_ok
############################################################

  >>> [resample] Resample to 16kHz for MFA
  Frozen pre-CTC stems: 132/132 (limit=0, source=existing_manifest)
  CTC receipt has incomplete audio_bindings; rebuilding axis binding
  Selected 132 WAVs from frozen pre-CTC subset (source namespace may contain extras)
  Resampled to 16000Hz -> /mnt/nvme0/mfa_work_laria_0825/gpu_0/batch_0000_LAria-edf184b39c/workspace/audio_16k  (132 done, 132 resampled)

  >>> [adjust] Adjust CTC boundaries (energy-based)

============================================================
  Step 5: Adjust CTC boundaries (energy-based)
  /home/user/miniconda3/envs/mfa-dev/bin/python3 /mnt/local_E/MFA_Pause/repo/scripts/adjust_ctc_boundaries.py --ctc-dir /mnt/nvme0/mfa_work_laria_0825/gpu_0/batch_0000_LAria-edf184b39c/workspace/ctc_pretg_adj --audio-dir /mnt/nvme0/mfa_work_laria_0825/gpu_0/batch_0000_LAria-edf184b39c/audio --output-dir /mnt/nvme0/mfa_work_laria_0825/gpu_0/batch_0000_LAria-edf184b39c/workspace/ctc_pretg_adj --raw-manifest /mnt/nvme0/mfa_work_laria_0825/gpu_0/batch_0000_LAria-edf184b39c/workspace/ctc_pretg/.ctc_raw_manifest.json --overwrite
============================================================


  >>> [align] MFA align (NVASR corpus + CTC anchors)
  NVASR corpus: /mnt/nvme0/mfa_work_laria_0825/gpu_0/batch_0000_LAria-edf184b39c/workspace/ctc_pretg_adj (.lab files from ASR text)
  CTC anchors:  /mnt/nvme0/mfa_work_laria_0825/gpu_0/batch_0000_LAria-edf184b39c/workspace/ctc_pretg_adj
  Transcript and anchors from SAME source -> 100% word match

============================================================
  Step 6: MFA Align (NVASR corpus + CTC anchors)
============================================================

  MFA partial mode: 131/132 aligned; 1 explicitly skipped
  MFA output set: 131/132 complete

  >>> [align_en] English MFA align (English-only segments)

============================================================
  English MFA Alignment
  /home/user/miniconda3/envs/mfa-dev/bin/python3 /mnt/local_E/MFA_Pause/repo/scripts/align_english_mfa.py --ctc-dir /mnt/nvme0/mfa_work_laria_0825/gpu_0/batch_0000_LAria-edf184b39c/workspace/ctc_pretg_adj --audio-dir /mnt/nvme0/mfa_work_laria_0825/gpu_0/batch_0000_LAria-edf184b39c/workspace/audio_16k --output-dir /mnt/nvme0/mfa_work_laria_0825/gpu_0/batch_0000_LAria-edf184b39c/workspace/en_phones --acoustic-model /mnt/local_E/MFA_Pause/pretrained_models/acoustic/english_us_arpa.zip --dictionary /mnt/local_E/MFA_Pause/repo/dict/cmudict.dict --g2p-model /mnt/local_E/MFA_Pause/pretrained_models/g2p/english_us_arpa.zip --temp-dir /mnt/nvme0/mfa_work_laria_0825/gpu_0/batch_0000_LAria-edf184b39c/workspace/temp_en_mfa --num-jobs 4 --padding-ms 50 --min-segment-dur-ms 150 --max-gap-merge-s 0.35 --beam 10 --retry-beam 40 --singleton-retry-beam 100 --singleton-retry-retry-beam 1000 --singleton-retry-timeout 600 --singleton-retry-limit 16 --timeout 1800 --g2p-timeout 300 --strict-provenance --python /home/user/miniconda3/envs/mfa-dev/bin/python3
============================================================


  >>> [postprocess] Post-processing (includes NVV brackets + sp1 normalization)

============================================================
  Step 7: Post-processing
  /home/user/miniconda3/envs/mfa-dev/bin/python3 /mnt/local_E/MFA_Pause/repo/scripts/postprocess_textgrids.py --txt-dir /mnt/nvme0/mfa_work_laria_0825/gpu_0/batch_0000_LAria-edf184b39c/workspace/ctc_pretg_adj --textgrid-dir /mnt/nvme0/mfa_work_laria_0825/gpu_0/batch_0000_LAria-edf184b39c/workspace/aligned --output-dir /mnt/nvme0/mfa_work_laria_0825/gpu_0/batch_0000_LAria-edf184b39c/workspace/strict_ok_runs/20260825T115246Z_3391133/output --filtered-dir /mnt/nvme0/mfa_work_laria_0825/gpu_0/batch_0000_LAria-edf184b39c/workspace/strict_ok_runs/20260825T115246Z_3391133/filtered --wav-dir /mnt/nvme0/mfa_work_laria_0825/gpu_0/batch_0000_LAria-edf184b39c/workspace/audio_16k --raw-text-dir /mnt/nvme0/mfa_work_laria_0825/gpu_0/batch_0000_LAria-edf184b39c/audio --original-txt-dir /mnt/nvme0/mfa_work_laria_0825/gpu_0/batch_0000_LAria-edf184b39c/audio --reference-mode fallback --pinyin-dict /mnt/local_E/MFA_Pause/repo/dict/fullpinyin_enword.dict --ipa-dict /mnt/local_E/MFA_Pause/repo/dict/mfa_ipa.dict --en-phones-dir /mnt/nvme0/mfa_work_laria_0825/gpu_0/batch_0000_LAria-edf184b39c/workspace/en_phones --tone-ref /mnt/nvme0/mfa_work_laria_0825/gpu_0/batch_0000_LAria-edf184b39c/workspace/strict_ok_runs/20260825T115246Z_3391133/output/tone_mapping.json --merge-max-sil-sec 0.2 --fix-short-word-sec 0.25 --fix-min-silence-sec 0.4 --fix-search-sec 0.5 --bgm-noise-floor-ratio 2.0 --bgm-min-sil-dur 0.3 --bgm-speech-ratio 1.0 --bgm-min-energy 0.01 --bgm-max-threshold 0.05 --no-enable-word-in-silence-filter --filter-word-energy-ratio 0 --filter-short-phone-sec 0.015 --filter-long-word-sec 1.0 --filter-min-word-sec 0.15 --filter-min-word-dur-sec 0.02 --filter-min-phone-coverage 0.35 --filter-edge-gap-sec 0.25 --filter-flank-silence-sec 0.4 --filter-long-consonant-sec 999.0 --filter-long-vowel-sec 999.0 --filter-short-phone-en-sec 0.01 --filter-long-vowel-en-sec 0.5 --filter-long-consonant-en-sec 1.0 --filter-min-en-phone-coverage 0.25 --strict-ok --allow-filtered-integrity-failures --mfa-input-axis-receipt /mnt/nvme0/mfa_work_laria_0825/gpu_0/batch_0000_LAria-edf184b39c/workspace/.mfa_input_axis_receipt.json --mfa-alignment-axis-receipt /mnt/nvme0/mfa_work_laria_0825/gpu_0/batch_0000_LAria-edf184b39c/workspace/.mfa_alignment_axis_receipt.json --mfa-axis-audio-root /mnt/nvme0/mfa_work_laria_0825/gpu_0/batch_0000_LAria-edf184b39c/workspace/audio_16k --tts-authoritative-audio-root /mnt/nvme0/mfa_work_laria_0825/gpu_0/batch_0000_LAria-edf184b39c/audio --overwrite
============================================================

  Partial MFA accounting: 1 stems placed in filtered/ as missing_mfa_alignment
  Postprocess contract: 132 stems, 22 output, 110 filtered

  >>> [strict_ok] Independent strict-ok audit and manifest

============================================================
  Step 8: strict-ok independent audit
  /home/user/miniconda3/envs/mfa-dev/bin/python3 /mnt/local_E/MFA_Pause/repo/scripts/audit_strict_ok.py --output-dir /mnt/nvme0/mfa_work_laria_0825/gpu_0/batch_0000_LAria-edf184b39c/workspace/strict_ok_runs/20260825T115246Z_3391133/output --filtered-dir /mnt/nvme0/mfa_work_laria_0825/gpu_0/batch_0000_LAria-edf184b39c/workspace/strict_ok_runs/20260825T115246Z_3391133/filtered --ctc-dir /mnt/nvme0/mfa_work_laria_0825/gpu_0/batch_0000_LAria-edf184b39c/workspace/ctc_pretg_adj --reference-dir /mnt/nvme0/mfa_work_laria_0825/gpu_0/batch_0000_LAria-edf184b39c/audio --reference-mode fallback --wav-dir /mnt/nvme0/mfa_work_laria_0825/gpu_0/batch_0000_LAria-edf184b39c/workspace/audio_16k --aligned-dir /mnt/nvme0/mfa_work_laria_0825/gpu_0/batch_0000_LAria-edf184b39c/workspace/aligned --en-phones-dir /mnt/nvme0/mfa_work_laria_0825/gpu_0/batch_0000_LAria-edf184b39c/workspace/en_phones --en-aligned-dir /mnt/nvme0/mfa_work_laria_0825/gpu_0/batch_0000_LAria-edf184b39c/workspace/temp_en_mfa/en_aligned --en-manifest /mnt/nvme0/mfa_work_laria_0825/gpu_0/batch_0000_LAria-edf184b39c/workspace/en_phones/en_alignment_manifest.json --report /mnt/nvme0/mfa_work_laria_0825/gpu_0/batch_0000_LAria-edf184b39c/workspace/strict_ok_runs/20260825T115246Z_3391133/output/postprocess_report.jsonl --manifest /mnt/nvme0/mfa_work_laria_0825/gpu_0/batch_0000_LAria-edf184b39c/workspace/strict_ok_runs/20260825T115246Z_3391133/output/strict_ok_manifest.json --pipeline-receipt /mnt/nvme0/mfa_work_laria_0825/gpu_0/batch_0000_LAria-edf184b39c/workspace/strict_ok_runs/20260825T115246Z_3391133/output/.pipeline_run_receipt_v2.json --mfa-input-axis-receipt /mnt/nvme0/mfa_work_laria_0825/gpu_0/batch_0000_LAria-edf184b39c/workspace/.mfa_input_axis_receipt.json --mfa-alignment-axis-receipt /mnt/nvme0/mfa_work_laria_0825/gpu_0/batch_0000_LAria-edf184b39c/workspace/.mfa_alignment_axis_receipt.json --mfa-axis-audio-root /mnt/nvme0/mfa_work_laria_0825/gpu_0/batch_0000_LAria-edf184b39c/workspace/audio_16k --tts-authoritative-audio-root /mnt/nvme0/mfa_work_laria_0825/gpu_0/batch_0000_LAria-edf184b39c/audio
============================================================
    raise SystemExit(main())
                     ^^^^^^
  File "/mnt/local_E/MFA_Pause/repo/scripts/audit_strict_ok.py", line 2758, in main
    manifest, clean = audit(args)
                      ^^^^^^^^^^^
  File "/mnt/local_E/MFA_Pause/repo/scripts/audit_strict_ok.py", line 2325, in audit
  _snap_to_ctc: token count mismatch (MFA=32, CTC=33) — NW aligned 32/32 tokens
    axis_global_reasons, axis_stem_reasons = _axis_contract_reasons(args, expected)
                                             ^^^^^^^^^^^^^^^^^^^^^^^^^^^^^^^^^^^^^^
  File "/mnt/local_E/MFA_Pause/repo/scripts/audit_strict_ok.py", line 579, in _axis_contract_reasons
  _snap_to_ctc: token count mismatch (MFA=31, CTC=32) — NW aligned 31/31 tokens
    tts_meta = _axis_wav_meta(tts)
               ^^^^^^^^^^^^^^^^^^^
  File "/mnt/local_E/MFA_Pause/repo/scripts/audit_strict_ok.py", line 399, in _axis_wav_meta
    with wave.open(str(path), "rb") as handle:
         ^^^^^^^^^^^^^^^^^^^^^^^^^^
  File "/home/user/miniconda3/envs/mfa-dev/lib/python3.11/wave.py", line 631, in open
    return Wave_read(f)
           ^^^^^^^^^^^^
  File "/home/user/miniconda3/envs/mfa-dev/lib/python3.11/wave.py", line 283, in __init__
    self.initfp(f)
  File "/home/user/miniconda3/envs/mfa-dev/lib/python3.11/wave.py", line 263, in initfp
    self._read_fmt_chunk(chunk)
  File "/home/user/miniconda3/envs/mfa-dev/lib/python3.11/wave.py", line 388, in _read_fmt_chunk
    raise Error('unknown format: %r' % (wFormatTag,))
wave.Error: unknown format: 3
  _snap_to_ctc: token count mismatch (MFA=22, CTC=23) — NW aligned 22/22 tokens
Config: /mnt/local_E/MFA_Pause/repo/configs/laria_v5_no_reference_strict_8gpu_20260825.yaml
Pipeline mode: nvrasr_fallback
Using Python: /home/user/miniconda3/envs/mfa-dev/bin/python3
  ═══════════════════════════════════════════════════════════
  NVMe audio cache not found.
  Run once to eliminate NAS I/O (~30 min, one-time):
    python scripts/cache_audio_to_nvme.py \
        --source /mnt/nvme1/mfa_work_laria_0825/gpu_1/batch_0001_LAria-edf184b39c/audio
  Or use --auto-cache to create a temp cache for this run.
  Falling back to NAS audio (slower).
  ═══════════════════════════════════════════════════════════
  Strict run output: /mnt/nvme1/mfa_work_laria_0825/gpu_1/batch_0001_LAria-edf184b39c/workspace/strict_ok_runs/20260825T115246Z_3391135/output
  Strict run filtered: /mnt/nvme1/mfa_work_laria_0825/gpu_1/batch_0001_LAria-edf184b39c/workspace/strict_ok_runs/20260825T115246Z_3391135/filtered
  Versioned publish target: /mnt/nvme1/mfa_work_laria_0825/gpu_1/batch_0001_LAria-edf184b39c/output.runs/20260825T115246Z_3391135

############################################################
  Chinese MFA Pipeline  [nvrasr_fallback]
  Input:  /mnt/nvme1/mfa_work_laria_0825/gpu_1/batch_0001_LAria-edf184b39c/audio
  Output: /mnt/nvme1/mfa_work_laria_0825/gpu_1/batch_0001_LAria-edf184b39c/workspace/strict_ok_runs/20260825T115246Z_3391135/output
  Steps:  resample -> adjust -> align -> align_en -> postprocess -> strict_ok
############################################################

  >>> [resample] Resample to 16kHz for MFA
  Frozen pre-CTC stems: 132/132 (limit=0, source=existing_manifest)
  CTC receipt has incomplete audio_bindings; rebuilding axis binding
  Selected 132 WAVs from frozen pre-CTC subset (source namespace may contain extras)
  Resampled to 16000Hz -> /mnt/nvme1/mfa_work_laria_0825/gpu_1/batch_0001_LAria-edf184b39c/workspace/audio_16k  (132 done, 132 resampled)

  >>> [adjust] Adjust CTC boundaries (energy-based)

============================================================
  Step 5: Adjust CTC boundaries (energy-based)
  /home/user/miniconda3/envs/mfa-dev/bin/python3 /mnt/local_E/MFA_Pause/repo/scripts/adjust_ctc_boundaries.py --ctc-dir /mnt/nvme1/mfa_work_laria_0825/gpu_1/batch_0001_LAria-edf184b39c/workspace/ctc_pretg_adj --audio-dir /mnt/nvme1/mfa_work_laria_0825/gpu_1/batch_0001_LAria-edf184b39c/audio --output-dir /mnt/nvme1/mfa_work_laria_0825/gpu_1/batch_0001_LAria-edf184b39c/workspace/ctc_pretg_adj --raw-manifest /mnt/nvme1/mfa_work_laria_0825/gpu_1/batch_0001_LAria-edf184b39c/workspace/ctc_pretg/.ctc_raw_manifest.json --overwrite
============================================================


  >>> [align] MFA align (NVASR corpus + CTC anchors)
  NVASR corpus: /mnt/nvme1/mfa_work_laria_0825/gpu_1/batch_0001_LAria-edf184b39c/workspace/ctc_pretg_adj (.lab files from ASR text)
  CTC anchors:  /mnt/nvme1/mfa_work_laria_0825/gpu_1/batch_0001_LAria-edf184b39c/workspace/ctc_pretg_adj
  Transcript and anchors from SAME source -> 100% word match

============================================================
  Step 6: MFA Align (NVASR corpus + CTC anchors)
============================================================

  MFA partial mode: 130/132 aligned; 2 explicitly skipped
  MFA output set: 130/132 complete

  >>> [align_en] English MFA align (English-only segments)

============================================================
  English MFA Alignment
  /home/user/miniconda3/envs/mfa-dev/bin/python3 /mnt/local_E/MFA_Pause/repo/scripts/align_english_mfa.py --ctc-dir /mnt/nvme1/mfa_work_laria_0825/gpu_1/batch_0001_LAria-edf184b39c/workspace/ctc_pretg_adj --audio-dir /mnt/nvme1/mfa_work_laria_0825/gpu_1/batch_0001_LAria-edf184b39c/workspace/audio_16k --output-dir /mnt/nvme1/mfa_work_laria_0825/gpu_1/batch_0001_LAria-edf184b39c/workspace/en_phones --acoustic-model /mnt/local_E/MFA_Pause/pretrained_models/acoustic/english_us_arpa.zip --dictionary /mnt/local_E/MFA_Pause/repo/dict/cmudict.dict --g2p-model /mnt/local_E/MFA_Pause/pretrained_models/g2p/english_us_arpa.zip --temp-dir /mnt/nvme1/mfa_work_laria_0825/gpu_1/batch_0001_LAria-edf184b39c/workspace/temp_en_mfa --num-jobs 4 --padding-ms 50 --min-segment-dur-ms 150 --max-gap-merge-s 0.35 --beam 10 --retry-beam 40 --singleton-retry-beam 100 --singleton-retry-retry-beam 1000 --singleton-retry-timeout 600 --singleton-retry-limit 16 --timeout 1800 --g2p-timeout 300 --strict-provenance --python /home/user/miniconda3/envs/mfa-dev/bin/python3
============================================================


  >>> [postprocess] Post-processing (includes NVV brackets + sp1 normalization)

============================================================
  Step 7: Post-processing
  /home/user/miniconda3/envs/mfa-dev/bin/python3 /mnt/local_E/MFA_Pause/repo/scripts/postprocess_textgrids.py --txt-dir /mnt/nvme1/mfa_work_laria_0825/gpu_1/batch_0001_LAria-edf184b39c/workspace/ctc_pretg_adj --textgrid-dir /mnt/nvme1/mfa_work_laria_0825/gpu_1/batch_0001_LAria-edf184b39c/workspace/aligned --output-dir /mnt/nvme1/mfa_work_laria_0825/gpu_1/batch_0001_LAria-edf184b39c/workspace/strict_ok_runs/20260825T115246Z_3391135/output --filtered-dir /mnt/nvme1/mfa_work_laria_0825/gpu_1/batch_0001_LAria-edf184b39c/workspace/strict_ok_runs/20260825T115246Z_3391135/filtered --wav-dir /mnt/nvme1/mfa_work_laria_0825/gpu_1/batch_0001_LAria-edf184b39c/workspace/audio_16k --raw-text-dir /mnt/nvme1/mfa_work_laria_0825/gpu_1/batch_0001_LAria-edf184b39c/audio --original-txt-dir /mnt/nvme1/mfa_work_laria_0825/gpu_1/batch_0001_LAria-edf184b39c/audio --reference-mode fallback --pinyin-dict /mnt/local_E/MFA_Pause/repo/dict/fullpinyin_enword.dict --ipa-dict /mnt/local_E/MFA_Pause/repo/dict/mfa_ipa.dict --en-phones-dir /mnt/nvme1/mfa_work_laria_0825/gpu_1/batch_0001_LAria-edf184b39c/workspace/en_phones --tone-ref /mnt/nvme1/mfa_work_laria_0825/gpu_1/batch_0001_LAria-edf184b39c/workspace/strict_ok_runs/20260825T115246Z_3391135/output/tone_mapping.json --merge-max-sil-sec 0.2 --fix-short-word-sec 0.25 --fix-min-silence-sec 0.4 --fix-search-sec 0.5 --bgm-noise-floor-ratio 2.0 --bgm-min-sil-dur 0.3 --bgm-speech-ratio 1.0 --bgm-min-energy 0.01 --bgm-max-threshold 0.05 --no-enable-word-in-silence-filter --filter-word-energy-ratio 0 --filter-short-phone-sec 0.015 --filter-long-word-sec 1.0 --filter-min-word-sec 0.15 --filter-min-word-dur-sec 0.02 --filter-min-phone-coverage 0.35 --filter-edge-gap-sec 0.25 --filter-flank-silence-sec 0.4 --filter-long-consonant-sec 999.0 --filter-long-vowel-sec 999.0 --filter-short-phone-en-sec 0.01 --filter-long-vowel-en-sec 0.5 --filter-long-consonant-en-sec 1.0 --filter-min-en-phone-coverage 0.25 --strict-ok --allow-filtered-integrity-failures --mfa-input-axis-receipt /mnt/nvme1/mfa_work_laria_0825/gpu_1/batch_0001_LAria-edf184b39c/workspace/.mfa_input_axis_receipt.json --mfa-alignment-axis-receipt /mnt/nvme1/mfa_work_laria_0825/gpu_1/batch_0001_LAria-edf184b39c/workspace/.mfa_alignment_axis_receipt.json --mfa-axis-audio-root /mnt/nvme1/mfa_work_laria_0825/gpu_1/batch_0001_LAria-edf184b39c/workspace/audio_16k --tts-authoritative-audio-root /mnt/nvme1/mfa_work_laria_0825/gpu_1/batch_0001_LAria-edf184b39c/audio --overwrite
============================================================

  Partial MFA accounting: 2 stems placed in filtered/ as missing_mfa_alignment
  Postprocess contract: 132 stems, 18 output, 114 filtered

  >>> [strict_ok] Independent strict-ok audit and manifest

============================================================
  Step 8: strict-ok independent audit
  /home/user/miniconda3/envs/mfa-dev/bin/python3 /mnt/local_E/MFA_Pause/repo/scripts/audit_strict_ok.py --output-dir /mnt/nvme1/mfa_work_laria_0825/gpu_1/batch_0001_LAria-edf184b39c/workspace/strict_ok_runs/20260825T115246Z_3391135/output --filtered-dir /mnt/nvme1/mfa_work_laria_0825/gpu_1/batch_0001_LAria-edf184b39c/workspace/strict_ok_runs/20260825T115246Z_3391135/filtered --ctc-dir /mnt/nvme1/mfa_work_laria_0825/gpu_1/batch_0001_LAria-edf184b39c/workspace/ctc_pretg_adj --reference-dir /mnt/nvme1/mfa_work_laria_0825/gpu_1/batch_0001_LAria-edf184b39c/audio --reference-mode fallback --wav-dir /mnt/nvme1/mfa_work_laria_0825/gpu_1/batch_0001_LAria-edf184b39c/workspace/audio_16k --aligned-dir /mnt/nvme1/mfa_work_laria_0825/gpu_1/batch_0001_LAria-edf184b39c/workspace/aligned --en-phones-dir /mnt/nvme1/mfa_work_laria_0825/gpu_1/batch_0001_LAria-edf184b39c/workspace/en_phones --en-aligned-dir /mnt/nvme1/mfa_work_laria_0825/gpu_1/batch_0001_LAria-edf184b39c/workspace/temp_en_mfa/en_aligned --en-manifest /mnt/nvme1/mfa_work_laria_0825/gpu_1/batch_0001_LAria-edf184b39c/workspace/en_phones/en_alignment_manifest.json --report /mnt/nvme1/mfa_work_laria_0825/gpu_1/batch_0001_LAria-edf184b39c/workspace/strict_ok_runs/20260825T115246Z_3391135/output/postprocess_report.jsonl --manifest /mnt/nvme1/mfa_work_laria_0825/gpu_1/batch_0001_LAria-edf184b39c/workspace/strict_ok_runs/20260825T115246Z_3391135/output/strict_ok_manifest.json --pipeline-receipt /mnt/nvme1/mfa_work_laria_0825/gpu_1/batch_0001_LAria-edf184b39c/workspace/strict_ok_runs/20260825T115246Z_3391135/output/.pipeline_run_receipt_v2.json --mfa-input-axis-receipt /mnt/nvme1/mfa_work_laria_0825/gpu_1/batch_0001_LAria-edf184b39c/workspace/.mfa_input_axis_receipt.json --mfa-alignment-axis-receipt /mnt/nvme1/mfa_work_laria_0825/gpu_1/batch_0001_LAria-edf184b39c/workspace/.mfa_alignment_axis_receipt.json --mfa-axis-audio-root /mnt/nvme1/mfa_work_laria_0825/gpu_1/batch_0001_LAria-edf184b39c/workspace/audio_16k --tts-authoritative-audio-root /mnt/nvme1/mfa_work_laria_0825/gpu_1/batch_0001_LAria-edf184b39c/audio
============================================================
Config: /mnt/local_E/MFA_Pause/repo/configs/laria_v5_no_reference_strict_8gpu_20260825.yaml
Pipeline mode: nvrasr_fallback
Using Python: /home/user/miniconda3/envs/mfa-dev/bin/python3
  ═══════════════════════════════════════════════════════════
  NVMe audio cache not found.
  Run once to eliminate NAS I/O (~30 min, one-time):
    python scripts/cache_audio_to_nvme.py \
        --source /mnt/nvme4/mfa_work_laria_0825/gpu_7/batch_0007_LAria-edf184b39c/audio
  Or use --auto-cache to create a temp cache for this run.
  Falling back to NAS audio (slower).
  ═══════════════════════════════════════════════════════════
  Strict run output: /mnt/nvme4/mfa_work_laria_0825/gpu_7/batch_0007_LAria-edf184b39c/workspace/strict_ok_runs/20260825T115246Z_3391145/output
  Strict run filtered: /mnt/nvme4/mfa_work_laria_0825/gpu_7/batch_0007_LAria-edf184b39c/workspace/strict_ok_runs/20260825T115246Z_3391145/filtered
  Versioned publish target: /mnt/nvme4/mfa_work_laria_0825/gpu_7/batch_0007_LAria-edf184b39c/output.runs/20260825T115246Z_3391145

############################################################
  Chinese MFA Pipeline  [nvrasr_fallback]
  Input:  /mnt/nvme4/mfa_work_laria_0825/gpu_7/batch_0007_LAria-edf184b39c/audio
  Output: /mnt/nvme4/mfa_work_laria_0825/gpu_7/batch_0007_LAria-edf184b39c/workspace/strict_ok_runs/20260825T115246Z_3391145/output
  Steps:  resample -> adjust -> align -> align_en -> postprocess -> strict_ok
############################################################

  >>> [resample] Resample to 16kHz for MFA
  Frozen pre-CTC stems: 131/131 (limit=0, source=existing_manifest)
  CTC receipt has incomplete audio_bindings; rebuilding axis binding
  Selected 131 WAVs from frozen pre-CTC subset (source namespace may contain extras)
  Resampled to 16000Hz -> /mnt/nvme4/mfa_work_laria_0825/gpu_7/batch_0007_LAria-edf184b39c/workspace/audio_16k  (131 done, 131 resampled)

  >>> [adjust] Adjust CTC boundaries (energy-based)

============================================================
  Step 5: Adjust CTC boundaries (energy-based)
  /home/user/miniconda3/envs/mfa-dev/bin/python3 /mnt/local_E/MFA_Pause/repo/scripts/adjust_ctc_boundaries.py --ctc-dir /mnt/nvme4/mfa_work_laria_0825/gpu_7/batch_0007_LAria-edf184b39c/workspace/ctc_pretg_adj --audio-dir /mnt/nvme4/mfa_work_laria_0825/gpu_7/batch_0007_LAria-edf184b39c/audio --output-dir /mnt/nvme4/mfa_work_laria_0825/gpu_7/batch_0007_LAria-edf184b39c/workspace/ctc_pretg_adj --raw-manifest /mnt/nvme4/mfa_work_laria_0825/gpu_7/batch_0007_LAria-edf184b39c/workspace/ctc_pretg/.ctc_raw_manifest.json --overwrite
============================================================


  >>> [align] MFA align (NVASR corpus + CTC anchors)
  NVASR corpus: /mnt/nvme4/mfa_work_laria_0825/gpu_7/batch_0007_LAria-edf184b39c/workspace/ctc_pretg_adj (.lab files from ASR text)
  CTC anchors:  /mnt/nvme4/mfa_work_laria_0825/gpu_7/batch_0007_LAria-edf184b39c/workspace/ctc_pretg_adj
  Transcript and anchors from SAME source -> 100% word match

============================================================
  Step 6: MFA Align (NVASR corpus + CTC anchors)
============================================================

  MFA output set: 131/131 complete

  >>> [align_en] English MFA align (English-only segments)

============================================================
  English MFA Alignment
  /home/user/miniconda3/envs/mfa-dev/bin/python3 /mnt/local_E/MFA_Pause/repo/scripts/align_english_mfa.py --ctc-dir /mnt/nvme4/mfa_work_laria_0825/gpu_7/batch_0007_LAria-edf184b39c/workspace/ctc_pretg_adj --audio-dir /mnt/nvme4/mfa_work_laria_0825/gpu_7/batch_0007_LAria-edf184b39c/workspace/audio_16k --output-dir /mnt/nvme4/mfa_work_laria_0825/gpu_7/batch_0007_LAria-edf184b39c/workspace/en_phones --acoustic-model /mnt/local_E/MFA_Pause/pretrained_models/acoustic/english_us_arpa.zip --dictionary /mnt/local_E/MFA_Pause/repo/dict/cmudict.dict --g2p-model /mnt/local_E/MFA_Pause/pretrained_models/g2p/english_us_arpa.zip --temp-dir /mnt/nvme4/mfa_work_laria_0825/gpu_7/batch_0007_LAria-edf184b39c/workspace/temp_en_mfa --num-jobs 4 --padding-ms 50 --min-segment-dur-ms 150 --max-gap-merge-s 0.35 --beam 10 --retry-beam 40 --singleton-retry-beam 100 --singleton-retry-retry-beam 1000 --singleton-retry-timeout 600 --singleton-retry-limit 16 --timeout 1800 --g2p-timeout 300 --strict-provenance --python /home/user/miniconda3/envs/mfa-dev/bin/python3
============================================================


  >>> [postprocess] Post-processing (includes NVV brackets + sp1 normalization)

============================================================
  Step 7: Post-processing
  /home/user/miniconda3/envs/mfa-dev/bin/python3 /mnt/local_E/MFA_Pause/repo/scripts/postprocess_textgrids.py --txt-dir /mnt/nvme4/mfa_work_laria_0825/gpu_7/batch_0007_LAria-edf184b39c/workspace/ctc_pretg_adj --textgrid-dir /mnt/nvme4/mfa_work_laria_0825/gpu_7/batch_0007_LAria-edf184b39c/workspace/aligned --output-dir /mnt/nvme4/mfa_work_laria_0825/gpu_7/batch_0007_LAria-edf184b39c/workspace/strict_ok_runs/20260825T115246Z_3391145/output --filtered-dir /mnt/nvme4/mfa_work_laria_0825/gpu_7/batch_0007_LAria-edf184b39c/workspace/strict_ok_runs/20260825T115246Z_3391145/filtered --wav-dir /mnt/nvme4/mfa_work_laria_0825/gpu_7/batch_0007_LAria-edf184b39c/workspace/audio_16k --raw-text-dir /mnt/nvme4/mfa_work_laria_0825/gpu_7/batch_0007_LAria-edf184b39c/audio --original-txt-dir /mnt/nvme4/mfa_work_laria_0825/gpu_7/batch_0007_LAria-edf184b39c/audio --reference-mode fallback --pinyin-dict /mnt/local_E/MFA_Pause/repo/dict/fullpinyin_enword.dict --ipa-dict /mnt/local_E/MFA_Pause/repo/dict/mfa_ipa.dict --en-phones-dir /mnt/nvme4/mfa_work_laria_0825/gpu_7/batch_0007_LAria-edf184b39c/workspace/en_phones --tone-ref /mnt/nvme4/mfa_work_laria_0825/gpu_7/batch_0007_LAria-edf184b39c/workspace/strict_ok_runs/20260825T115246Z_3391145/output/tone_mapping.json --merge-max-sil-sec 0.2 --fix-short-word-sec 0.25 --fix-min-silence-sec 0.4 --fix-search-sec 0.5 --bgm-noise-floor-ratio 2.0 --bgm-min-sil-dur 0.3 --bgm-speech-ratio 1.0 --bgm-min-energy 0.01 --bgm-max-threshold 0.05 --no-enable-word-in-silence-filter --filter-word-energy-ratio 0 --filter-short-phone-sec 0.015 --filter-long-word-sec 1.0 --filter-min-word-sec 0.15 --filter-min-word-dur-sec 0.02 --filter-min-phone-coverage 0.35 --filter-edge-gap-sec 0.25 --filter-flank-silence-sec 0.4 --filter-long-consonant-sec 999.0 --filter-long-vowel-sec 999.0 --filter-short-phone-en-sec 0.01 --filter-long-vowel-en-sec 0.5 --filter-long-consonant-en-sec 1.0 --filter-min-en-phone-coverage 0.25 --strict-ok --allow-filtered-integrity-failures --mfa-input-axis-receipt /mnt/nvme4/mfa_work_laria_0825/gpu_7/batch_0007_LAria-edf184b39c/workspace/.mfa_input_axis_receipt.json --mfa-alignment-axis-receipt /mnt/nvme4/mfa_work_laria_0825/gpu_7/batch_0007_LAria-edf184b39c/workspace/.mfa_alignment_axis_receipt.json --mfa-axis-audio-root /mnt/nvme4/mfa_work_laria_0825/gpu_7/batch_0007_LAria-edf184b39c/workspace/audio_16k --tts-authoritative-audio-root /mnt/nvme4/mfa_work_laria_0825/gpu_7/batch_0007_LAria-edf184b39c/audio --overwrite
============================================================

  Postprocess contract: 131 stems, 22 output, 109 filtered

  >>> [strict_ok] Independent strict-ok audit and manifest

============================================================
  Step 8: strict-ok independent audit
  /home/user/miniconda3/envs/mfa-dev/bin/python3 /mnt/local_E/MFA_Pause/repo/scripts/audit_strict_ok.py --output-dir /mnt/nvme4/mfa_work_laria_0825/gpu_7/batch_0007_LAria-edf184b39c/workspace/strict_ok_runs/20260825T115246Z_3391145/output --filtered-dir /mnt/nvme4/mfa_work_laria_0825/gpu_7/batch_0007_LAria-edf184b39c/workspace/strict_ok_runs/20260825T115246Z_3391145/filtered --ctc-dir /mnt/nvme4/mfa_work_laria_0825/gpu_7/batch_0007_LAria-edf184b39c/workspace/ctc_pretg_adj --reference-dir /mnt/nvme4/mfa_work_laria_0825/gpu_7/batch_0007_LAria-edf184b39c/audio --reference-mode fallback --wav-dir /mnt/nvme4/mfa_work_laria_0825/gpu_7/batch_0007_LAria-edf184b39c/workspace/audio_16k --aligned-dir /mnt/nvme4/mfa_work_laria_0825/gpu_7/batch_0007_LAria-edf184b39c/workspace/aligned --en-phones-dir /mnt/nvme4/mfa_work_laria_0825/gpu_7/batch_0007_LAria-edf184b39c/workspace/en_phones --en-aligned-dir /mnt/nvme4/mfa_work_laria_0825/gpu_7/batch_0007_LAria-edf184b39c/workspace/temp_en_mfa/en_aligned --en-manifest /mnt/nvme4/mfa_work_laria_0825/gpu_7/batch_0007_LAria-edf184b39c/workspace/en_phones/en_alignment_manifest.json --report /mnt/nvme4/mfa_work_laria_0825/gpu_7/batch_0007_LAria-edf184b39c/workspace/strict_ok_runs/20260825T115246Z_3391145/output/postprocess_report.jsonl --manifest /mnt/nvme4/mfa_work_laria_0825/gpu_7/batch_0007_LAria-edf184b39c/workspace/strict_ok_runs/20260825T115246Z_3391145/output/strict_ok_manifest.json --pipeline-receipt /mnt/nvme4/mfa_work_laria_0825/gpu_7/batch_0007_LAria-edf184b39c/workspace/strict_ok_runs/20260825T115246Z_3391145/output/.pipeline_run_receipt_v2.json --mfa-input-axis-receipt /mnt/nvme4/mfa_work_laria_0825/gpu_7/batch_0007_LAria-edf184b39c/workspace/.mfa_input_axis_receipt.json --mfa-alignment-axis-receipt /mnt/nvme4/mfa_work_laria_0825/gpu_7/batch_0007_LAria-edf184b39c/workspace/.mfa_alignment_axis_receipt.json --mfa-axis-audio-root /mnt/nvme4/mfa_work_laria_0825/gpu_7/batch_0007_LAria-edf184b39c/workspace/audio_16k --tts-authoritative-audio-root /mnt/nvme4/mfa_work_laria_0825/gpu_7/batch_0007_LAria-edf184b39c/audio
============================================================
Traceback (most recent call last):
  File "/mnt/local_E/MFA_Pause/repo/scripts/audit_strict_ok.py", line 2786, in <module>
    raise SystemExit(main())
                     ^^^^^^
  File "/mnt/local_E/MFA_Pause/repo/scripts/audit_strict_ok.py", line 2758, in main
    manifest, clean = audit(args)
                      ^^^^^^^^^^^
  File "/mnt/local_E/MFA_Pause/repo/scripts/audit_strict_ok.py", line 2325, in audit
    axis_global_reasons, axis_stem_reasons = _axis_contract_reasons(args, expected)
                                             ^^^^^^^^^^^^^^^^^^^^^^^^^^^^^^^^^^^^^^
  File "/mnt/local_E/MFA_Pause/repo/scripts/audit_strict_ok.py", line 579, in _axis_contract_reasons
    tts_meta = _axis_wav_meta(tts)
               ^^^^^^^^^^^^^^^^^^^
  File "/mnt/local_E/MFA_Pause/repo/scripts/audit_strict_ok.py", line 399, in _axis_wav_meta
    with wave.open(str(path), "rb") as handle:
         ^^^^^^^^^^^^^^^^^^^^^^^^^^
  File "/home/user/miniconda3/envs/mfa-dev/lib/python3.11/wave.py", line 631, in open
    return Wave_read(f)
           ^^^^^^^^^^^^
  File "/home/user/miniconda3/envs/mfa-dev/lib/python3.11/wave.py", line 283, in __init__
    self.initfp(f)
  File "/home/user/miniconda3/envs/mfa-dev/lib/python3.11/wave.py", line 263, in initfp
    self._read_fmt_chunk(chunk)
  File "/home/user/miniconda3/envs/mfa-dev/lib/python3.11/wave.py", line 388, in _read_fmt_chunk
    raise Error('unknown format: %r' % (wFormatTag,))
wave.Error: unknown format: 3
Done. {'ok': 17, 'filtered_mid_sp_unexpected_silence_strict_interior_sp_ctc_lexical_sequence_mismatch_mfa_unknown_source': 13, 'filtered_mid_sp_unexpected_silence_strict_interior_sp': 64, 'filtered_english_provenance_rejected_mid_sp_unexpected_silence_strict_interior_sp_warnings': 1, 'filtered_warnings': 2, 'filtered_mid_sp_unexpected_silence_strict_interior_sp_warnings': 16, 'filtered_sp3_mid_sp_unexpected_silence_strict_interior_sp': 2, 'filtered_english_provenance_rejected_mid_sp_unexpected_silence_strict_interior_sp_ctc_lexical_sequence_mismatch_warnings': 2, 'filtered_sp3_mid_sp_unexpected_silence_strict_interior_sp_ctc_lexical_sequence_mismatch_mfa_unknown_source': 1, 'filtered_ctc_lexical_sequence_mismatch_mfa_unknown_source': 1, 'filtered_sp3_mid_sp_unexpected_silence_strict_interior_sp_words_hanzi_bounds_mismatch': 1, 'filtered_mid_sp_unexpected_silence_strict_interior_sp_ctc_lexical_sequence_mismatch_phones_owner_mismatch_warnings': 4, 'filtered_ctc_lexical_sequence_mismatch_mfa_unknown_source_warnings': 1, 'filtered_mid_sp_strict_interior_sp': 1, 'filtered_mid_sp_unexpected_silence_strict_interior_sp_ctc_lexical_sequence_mismatch_mfa_unknown_source_warnings': 2, 'filtered_ctc_lexical_sequence_mismatch_phones_owner_mismatch_warnings': 1, 'filtered_mid_sp_bgm_suspect_unexpected_silence_strict_interior_sp': 1}. report=/mnt/nvme4/mfa_work_laria_0825/gpu_3/batch_0003_LAria-edf184b39c/workspace/strict_ok_runs/20260825T115246Z_3391138/output/postprocess_report.jsonl
  18 mandatory-integrity failures isolated in filtered/
Traceback (most recent call last):
  File "/mnt/local_E/MFA_Pause/repo/scripts/audit_strict_ok.py", line 2786, in <module>
    raise SystemExit(main())
                     ^^^^^^
  File "/mnt/local_E/MFA_Pause/repo/scripts/audit_strict_ok.py", line 2758, in main
    manifest, clean = audit(args)
                      ^^^^^^^^^^^
  File "/mnt/local_E/MFA_Pause/repo/scripts/audit_strict_ok.py", line 2325, in audit
    axis_global_reasons, axis_stem_reasons = _axis_contract_reasons(args, expected)
                                             ^^^^^^^^^^^^^^^^^^^^^^^^^^^^^^^^^^^^^^
  File "/mnt/local_E/MFA_Pause/repo/scripts/audit_strict_ok.py", line 579, in _axis_contract_reasons
    tts_meta = _axis_wav_meta(tts)
               ^^^^^^^^^^^^^^^^^^^
  File "/mnt/local_E/MFA_Pause/repo/scripts/audit_strict_ok.py", line 399, in _axis_wav_meta
    with wave.open(str(path), "rb") as handle:
         ^^^^^^^^^^^^^^^^^^^^^^^^^^
  File "/home/user/miniconda3/envs/mfa-dev/lib/python3.11/wave.py", line 631, in open
    return Wave_read(f)
           ^^^^^^^^^^^^
  File "/home/user/miniconda3/envs/mfa-dev/lib/python3.11/wave.py", line 283, in __init__
    self.initfp(f)
  File "/home/user/miniconda3/envs/mfa-dev/lib/python3.11/wave.py", line 263, in initfp
    self._read_fmt_chunk(chunk)
  File "/home/user/miniconda3/envs/mfa-dev/lib/python3.11/wave.py", line 388, in _read_fmt_chunk
    raise Error('unknown format: %r' % (wFormatTag,))
wave.Error: unknown format: 3
Traceback (most recent call last):
  File "/mnt/local_E/MFA_Pause/repo/scripts/audit_strict_ok.py", line 2786, in <module>
    raise SystemExit(main())
                     ^^^^^^
  File "/mnt/local_E/MFA_Pause/repo/scripts/audit_strict_ok.py", line 2758, in main
    manifest, clean = audit(args)
                      ^^^^^^^^^^^
  File "/mnt/local_E/MFA_Pause/repo/scripts/audit_strict_ok.py", line 2325, in audit
    axis_global_reasons, axis_stem_reasons = _axis_contract_reasons(args, expected)
                                             ^^^^^^^^^^^^^^^^^^^^^^^^^^^^^^^^^^^^^^
  File "/mnt/local_E/MFA_Pause/repo/scripts/audit_strict_ok.py", line 579, in _axis_contract_reasons
    tts_meta = _axis_wav_meta(tts)
               ^^^^^^^^^^^^^^^^^^^
  File "/mnt/local_E/MFA_Pause/repo/scripts/audit_strict_ok.py", line 399, in _axis_wav_meta
    with wave.open(str(path), "rb") as handle:
         ^^^^^^^^^^^^^^^^^^^^^^^^^^
  File "/home/user/miniconda3/envs/mfa-dev/lib/python3.11/wave.py", line 631, in open
    return Wave_read(f)
           ^^^^^^^^^^^^
  File "/home/user/miniconda3/envs/mfa-dev/lib/python3.11/wave.py", line 283, in __init__
    self.initfp(f)
  File "/home/user/miniconda3/envs/mfa-dev/lib/python3.11/wave.py", line 263, in initfp
    self._read_fmt_chunk(chunk)
  File "/home/user/miniconda3/envs/mfa-dev/lib/python3.11/wave.py", line 388, in _read_fmt_chunk
    raise Error('unknown format: %r' % (wFormatTag,))
wave.Error: unknown format: 3
Traceback (most recent call last):
  File "/mnt/local_E/MFA_Pause/repo/scripts/audit_strict_ok.py", line 2786, in <module>
    raise SystemExit(main())
                     ^^^^^^
  File "/mnt/local_E/MFA_Pause/repo/scripts/audit_strict_ok.py", line 2758, in main
    manifest, clean = audit(args)
                      ^^^^^^^^^^^
  File "/mnt/local_E/MFA_Pause/repo/scripts/audit_strict_ok.py", line 2325, in audit
    axis_global_reasons, axis_stem_reasons = _axis_contract_reasons(args, expected)
                                             ^^^^^^^^^^^^^^^^^^^^^^^^^^^^^^^^^^^^^^
  File "/mnt/local_E/MFA_Pause/repo/scripts/audit_strict_ok.py", line 579, in _axis_contract_reasons
    tts_meta = _axis_wav_meta(tts)
               ^^^^^^^^^^^^^^^^^^^
  File "/mnt/local_E/MFA_Pause/repo/scripts/audit_strict_ok.py", line 399, in _axis_wav_meta
    with wave.open(str(path), "rb") as handle:
         ^^^^^^^^^^^^^^^^^^^^^^^^^^
  File "/home/user/miniconda3/envs/mfa-dev/lib/python3.11/wave.py", line 631, in open
    return Wave_read(f)
           ^^^^^^^^^^^^
  File "/home/user/miniconda3/envs/mfa-dev/lib/python3.11/wave.py", line 283, in __init__
    self.initfp(f)
  File "/home/user/miniconda3/envs/mfa-dev/lib/python3.11/wave.py", line 263, in initfp
    self._read_fmt_chunk(chunk)
  File "/home/user/miniconda3/envs/mfa-dev/lib/python3.11/wave.py", line 388, in _read_fmt_chunk
    raise Error('unknown format: %r' % (wFormatTag,))
wave.Error: unknown format: 3
Config: /mnt/local_E/MFA_Pause/repo/configs/laria_v5_no_reference_strict_8gpu_20260825.yaml
Pipeline mode: nvrasr_fallback
Using Python: /home/user/miniconda3/envs/mfa-dev/bin/python3
  ═══════════════════════════════════════════════════════════
  NVMe audio cache not found.
  Run once to eliminate NAS I/O (~30 min, one-time):
    python scripts/cache_audio_to_nvme.py \
        --source /mnt/nvme4/mfa_work_laria_0825/gpu_3/batch_0003_LAria-edf184b39c/audio
  Or use --auto-cache to create a temp cache for this run.
  Falling back to NAS audio (slower).
  ═══════════════════════════════════════════════════════════
  Strict run output: /mnt/nvme4/mfa_work_laria_0825/gpu_3/batch_0003_LAria-edf184b39c/workspace/strict_ok_runs/20260825T115246Z_3391138/output
  Strict run filtered: /mnt/nvme4/mfa_work_laria_0825/gpu_3/batch_0003_LAria-edf184b39c/workspace/strict_ok_runs/20260825T115246Z_3391138/filtered
  Versioned publish target: /mnt/nvme4/mfa_work_laria_0825/gpu_3/batch_0003_LAria-edf184b39c/output.runs/20260825T115246Z_3391138

############################################################
  Chinese MFA Pipeline  [nvrasr_fallback]
  Input:  /mnt/nvme4/mfa_work_laria_0825/gpu_3/batch_0003_LAria-edf184b39c/audio
  Output: /mnt/nvme4/mfa_work_laria_0825/gpu_3/batch_0003_LAria-edf184b39c/workspace/strict_ok_runs/20260825T115246Z_3391138/output
  Steps:  resample -> adjust -> align -> align_en -> postprocess -> strict_ok
############################################################

  >>> [resample] Resample to 16kHz for MFA
  Frozen pre-CTC stems: 132/132 (limit=0, source=existing_manifest)
  CTC receipt has incomplete audio_bindings; rebuilding axis binding
  Selected 132 WAVs from frozen pre-CTC subset (source namespace may contain extras)
  Resampled to 16000Hz -> /mnt/nvme4/mfa_work_laria_0825/gpu_3/batch_0003_LAria-edf184b39c/workspace/audio_16k  (132 done, 132 resampled)

  >>> [adjust] Adjust CTC boundaries (energy-based)

============================================================
  Step 5: Adjust CTC boundaries (energy-based)
  /home/user/miniconda3/envs/mfa-dev/bin/python3 /mnt/local_E/MFA_Pause/repo/scripts/adjust_ctc_boundaries.py --ctc-dir /mnt/nvme4/mfa_work_laria_0825/gpu_3/batch_0003_LAria-edf184b39c/workspace/ctc_pretg_adj --audio-dir /mnt/nvme4/mfa_work_laria_0825/gpu_3/batch_0003_LAria-edf184b39c/audio --output-dir /mnt/nvme4/mfa_work_laria_0825/gpu_3/batch_0003_LAria-edf184b39c/workspace/ctc_pretg_adj --raw-manifest /mnt/nvme4/mfa_work_laria_0825/gpu_3/batch_0003_LAria-edf184b39c/workspace/ctc_pretg/.ctc_raw_manifest.json --overwrite
============================================================


  >>> [align] MFA align (NVASR corpus + CTC anchors)
  NVASR corpus: /mnt/nvme4/mfa_work_laria_0825/gpu_3/batch_0003_LAria-edf184b39c/workspace/ctc_pretg_adj (.lab files from ASR text)
  CTC anchors:  /mnt/nvme4/mfa_work_laria_0825/gpu_3/batch_0003_LAria-edf184b39c/workspace/ctc_pretg_adj
  Transcript and anchors from SAME source -> 100% word match

============================================================
  Step 6: MFA Align (NVASR corpus + CTC anchors)
============================================================

  MFA partial mode: 130/132 aligned; 2 explicitly skipped
  MFA output set: 130/132 complete

  >>> [align_en] English MFA align (English-only segments)

============================================================
  English MFA Alignment
  /home/user/miniconda3/envs/mfa-dev/bin/python3 /mnt/local_E/MFA_Pause/repo/scripts/align_english_mfa.py --ctc-dir /mnt/nvme4/mfa_work_laria_0825/gpu_3/batch_0003_LAria-edf184b39c/workspace/ctc_pretg_adj --audio-dir /mnt/nvme4/mfa_work_laria_0825/gpu_3/batch_0003_LAria-edf184b39c/workspace/audio_16k --output-dir /mnt/nvme4/mfa_work_laria_0825/gpu_3/batch_0003_LAria-edf184b39c/workspace/en_phones --acoustic-model /mnt/local_E/MFA_Pause/pretrained_models/acoustic/english_us_arpa.zip --dictionary /mnt/local_E/MFA_Pause/repo/dict/cmudict.dict --g2p-model /mnt/local_E/MFA_Pause/pretrained_models/g2p/english_us_arpa.zip --temp-dir /mnt/nvme4/mfa_work_laria_0825/gpu_3/batch_0003_LAria-edf184b39c/workspace/temp_en_mfa --num-jobs 4 --padding-ms 50 --min-segment-dur-ms 150 --max-gap-merge-s 0.35 --beam 10 --retry-beam 40 --singleton-retry-beam 100 --singleton-retry-retry-beam 1000 --singleton-retry-timeout 600 --singleton-retry-limit 16 --timeout 1800 --g2p-timeout 300 --strict-provenance --python /home/user/miniconda3/envs/mfa-dev/bin/python3
============================================================


  >>> [postprocess] Post-processing (includes NVV brackets + sp1 normalization)

============================================================
  Step 7: Post-processing
  /home/user/miniconda3/envs/mfa-dev/bin/python3 /mnt/local_E/MFA_Pause/repo/scripts/postprocess_textgrids.py --txt-dir /mnt/nvme4/mfa_work_laria_0825/gpu_3/batch_0003_LAria-edf184b39c/workspace/ctc_pretg_adj --textgrid-dir /mnt/nvme4/mfa_work_laria_0825/gpu_3/batch_0003_LAria-edf184b39c/workspace/aligned --output-dir /mnt/nvme4/mfa_work_laria_0825/gpu_3/batch_0003_LAria-edf184b39c/workspace/strict_ok_runs/20260825T115246Z_3391138/output --filtered-dir /mnt/nvme4/mfa_work_laria_0825/gpu_3/batch_0003_LAria-edf184b39c/workspace/strict_ok_runs/20260825T115246Z_3391138/filtered --wav-dir /mnt/nvme4/mfa_work_laria_0825/gpu_3/batch_0003_LAria-edf184b39c/workspace/audio_16k --raw-text-dir /mnt/nvme4/mfa_work_laria_0825/gpu_3/batch_0003_LAria-edf184b39c/audio --original-txt-dir /mnt/nvme4/mfa_work_laria_0825/gpu_3/batch_0003_LAria-edf184b39c/audio --reference-mode fallback --pinyin-dict /mnt/local_E/MFA_Pause/repo/dict/fullpinyin_enword.dict --ipa-dict /mnt/local_E/MFA_Pause/repo/dict/mfa_ipa.dict --en-phones-dir /mnt/nvme4/mfa_work_laria_0825/gpu_3/batch_0003_LAria-edf184b39c/workspace/en_phones --tone-ref /mnt/nvme4/mfa_work_laria_0825/gpu_3/batch_0003_LAria-edf184b39c/workspace/strict_ok_runs/20260825T115246Z_3391138/output/tone_mapping.json --merge-max-sil-sec 0.2 --fix-short-word-sec 0.25 --fix-min-silence-sec 0.4 --fix-search-sec 0.5 --bgm-noise-floor-ratio 2.0 --bgm-min-sil-dur 0.3 --bgm-speech-ratio 1.0 --bgm-min-energy 0.01 --bgm-max-threshold 0.05 --no-enable-word-in-silence-filter --filter-word-energy-ratio 0 --filter-short-phone-sec 0.015 --filter-long-word-sec 1.0 --filter-min-word-sec 0.15 --filter-min-word-dur-sec 0.02 --filter-min-phone-coverage 0.35 --filter-edge-gap-sec 0.25 --filter-flank-silence-sec 0.4 --filter-long-consonant-sec 999.0 --filter-long-vowel-sec 999.0 --filter-short-phone-en-sec 0.01 --filter-long-vowel-en-sec 0.5 --filter-long-consonant-en-sec 1.0 --filter-min-en-phone-coverage 0.25 --strict-ok --allow-filtered-integrity-failures --mfa-input-axis-receipt /mnt/nvme4/mfa_work_laria_0825/gpu_3/batch_0003_LAria-edf184b39c/workspace/.mfa_input_axis_receipt.json --mfa-alignment-axis-receipt /mnt/nvme4/mfa_work_laria_0825/gpu_3/batch_0003_LAria-edf184b39c/workspace/.mfa_alignment_axis_receipt.json --mfa-axis-audio-root /mnt/nvme4/mfa_work_laria_0825/gpu_3/batch_0003_LAria-edf184b39c/workspace/audio_16k --tts-authoritative-audio-root /mnt/nvme4/mfa_work_laria_0825/gpu_3/batch_0003_LAria-edf184b39c/audio --overwrite
============================================================

  Partial MFA accounting: 2 stems placed in filtered/ as missing_mfa_alignment
  Postprocess contract: 132 stems, 17 output, 115 filtered

  >>> [strict_ok] Independent strict-ok audit and manifest

============================================================
  Step 8: strict-ok independent audit
  /home/user/miniconda3/envs/mfa-dev/bin/python3 /mnt/local_E/MFA_Pause/repo/scripts/audit_strict_ok.py --output-dir /mnt/nvme4/mfa_work_laria_0825/gpu_3/batch_0003_LAria-edf184b39c/workspace/strict_ok_runs/20260825T115246Z_3391138/output --filtered-dir /mnt/nvme4/mfa_work_laria_0825/gpu_3/batch_0003_LAria-edf184b39c/workspace/strict_ok_runs/20260825T115246Z_3391138/filtered --ctc-dir /mnt/nvme4/mfa_work_laria_0825/gpu_3/batch_0003_LAria-edf184b39c/workspace/ctc_pretg_adj --reference-dir /mnt/nvme4/mfa_work_laria_0825/gpu_3/batch_0003_LAria-edf184b39c/audio --reference-mode fallback --wav-dir /mnt/nvme4/mfa_work_laria_0825/gpu_3/batch_0003_LAria-edf184b39c/workspace/audio_16k --aligned-dir /mnt/nvme4/mfa_work_laria_0825/gpu_3/batch_0003_LAria-edf184b39c/workspace/aligned --en-phones-dir /mnt/nvme4/mfa_work_laria_0825/gpu_3/batch_0003_LAria-edf184b39c/workspace/en_phones --en-aligned-dir /mnt/nvme4/mfa_work_laria_0825/gpu_3/batch_0003_LAria-edf184b39c/workspace/temp_en_mfa/en_aligned --en-manifest /mnt/nvme4/mfa_work_laria_0825/gpu_3/batch_0003_LAria-edf184b39c/workspace/en_phones/en_alignment_manifest.json --report /mnt/nvme4/mfa_work_laria_0825/gpu_3/batch_0003_LAria-edf184b39c/workspace/strict_ok_runs/20260825T115246Z_3391138/output/postprocess_report.jsonl --manifest /mnt/nvme4/mfa_work_laria_0825/gpu_3/batch_0003_LAria-edf184b39c/workspace/strict_ok_runs/20260825T115246Z_3391138/output/strict_ok_manifest.json --pipeline-receipt /mnt/nvme4/mfa_work_laria_0825/gpu_3/batch_0003_LAria-edf184b39c/workspace/strict_ok_runs/20260825T115246Z_3391138/output/.pipeline_run_receipt_v2.json --mfa-input-axis-receipt /mnt/nvme4/mfa_work_laria_0825/gpu_3/batch_0003_LAria-edf184b39c/workspace/.mfa_input_axis_receipt.json --mfa-alignment-axis-receipt /mnt/nvme4/mfa_work_laria_0825/gpu_3/batch_0003_LAria-edf184b39c/workspace/.mfa_alignment_axis_receipt.json --mfa-axis-audio-root /mnt/nvme4/mfa_work_laria_0825/gpu_3/batch_0003_LAria-edf184b39c/workspace/audio_16k --tts-authoritative-audio-root /mnt/nvme4/mfa_work_laria_0825/gpu_3/batch_0003_LAria-edf184b39c/audio
============================================================
Traceback (most recent call last):
  File "/mnt/local_E/MFA_Pause/repo/scripts/audit_strict_ok.py", line 2786, in <module>
    raise SystemExit(main())
                     ^^^^^^
  File "/mnt/local_E/MFA_Pause/repo/scripts/audit_strict_ok.py", line 2758, in main
    manifest, clean = audit(args)
                      ^^^^^^^^^^^
  File "/mnt/local_E/MFA_Pause/repo/scripts/audit_strict_ok.py", line 2325, in audit
    axis_global_reasons, axis_stem_reasons = _axis_contract_reasons(args, expected)
                                             ^^^^^^^^^^^^^^^^^^^^^^^^^^^^^^^^^^^^^^
  File "/mnt/local_E/MFA_Pause/repo/scripts/audit_strict_ok.py", line 579, in _axis_contract_reasons
    tts_meta = _axis_wav_meta(tts)
               ^^^^^^^^^^^^^^^^^^^
  File "/mnt/local_E/MFA_Pause/repo/scripts/audit_strict_ok.py", line 399, in _axis_wav_meta
    with wave.open(str(path), "rb") as handle:
         ^^^^^^^^^^^^^^^^^^^^^^^^^^
  File "/home/user/miniconda3/envs/mfa-dev/lib/python3.11/wave.py", line 631, in open
    return Wave_read(f)
           ^^^^^^^^^^^^
  File "/home/user/miniconda3/envs/mfa-dev/lib/python3.11/wave.py", line 283, in __init__
    self.initfp(f)
  File "/home/user/miniconda3/envs/mfa-dev/lib/python3.11/wave.py", line 263, in initfp
    self._read_fmt_chunk(chunk)
  File "/home/user/miniconda3/envs/mfa-dev/lib/python3.11/wave.py", line 388, in _read_fmt_chunk
    raise Error('unknown format: %r' % (wFormatTag,))
wave.Error: unknown format: 3

  Kept 16kHz audio: /mnt/nvme3/mfa_work_laria_0825/gpu_2/batch_0002_LAria-edf184b39c/workspace/audio_16k

  Publish skipped because the pipeline failed: strict_ok

############################################################
  FAILED: strict_ok
  Output: /mnt/nvme3/mfa_work_laria_0825/gpu_2/batch_0002_LAria-edf184b39c/workspace/strict_ok_runs/20260825T115246Z_3391137/output
############################################################


  Kept 16kHz audio: /mnt/nvme0/mfa_work_laria_0825/gpu_4/batch_0004_LAria-edf184b39c/workspace/audio_16k

  Publish skipped because the pipeline failed: strict_ok

############################################################
  FAILED: strict_ok
  Output: /mnt/nvme0/mfa_work_laria_0825/gpu_4/batch_0004_LAria-edf184b39c/workspace/strict_ok_runs/20260825T115246Z_3391143/output
############################################################


  Kept 16kHz audio: /mnt/nvme0/mfa_work_laria_0825/gpu_0/batch_0000_LAria-edf184b39c/workspace/audio_16k

  Publish skipped because the pipeline failed: strict_ok

############################################################
  FAILED: strict_ok
  Output: /mnt/nvme0/mfa_work_laria_0825/gpu_0/batch_0000_LAria-edf184b39c/workspace/strict_ok_runs/20260825T115246Z_3391133/output
############################################################


  Kept 16kHz audio: /mnt/nvme1/mfa_work_laria_0825/gpu_5/batch_0005_LAria-edf184b39c/workspace/audio_16k

  Publish skipped because the pipeline failed: strict_ok

############################################################
  FAILED: strict_ok
  Output: /mnt/nvme1/mfa_work_laria_0825/gpu_5/batch_0005_LAria-edf184b39c/workspace/strict_ok_runs/20260825T115246Z_3391141/output
############################################################


  Kept 16kHz audio: /mnt/nvme4/mfa_work_laria_0825/gpu_3/batch_0003_LAria-edf184b39c/workspace/audio_16k

  Publish skipped because the pipeline failed: strict_ok

############################################################
  FAILED: strict_ok
  Output: /mnt/nvme4/mfa_work_laria_0825/gpu_3/batch_0003_LAria-edf184b39c/workspace/strict_ok_runs/20260825T115246Z_3391138/output
############################################################


  Kept 16kHz audio: /mnt/nvme4/mfa_work_laria_0825/gpu_7/batch_0007_LAria-edf184b39c/workspace/audio_16k

  Publish skipped because the pipeline failed: strict_ok

############################################################
  FAILED: strict_ok
  Output: /mnt/nvme4/mfa_work_laria_0825/gpu_7/batch_0007_LAria-edf184b39c/workspace/strict_ok_runs/20260825T115246Z_3391145/output
############################################################


  Kept 16kHz audio: /mnt/nvme3/mfa_work_laria_0825/gpu_6/batch_0006_LAria-edf184b39c/workspace/audio_16k

  Publish skipped because the pipeline failed: strict_ok

############################################################
  FAILED: strict_ok
  Output: /mnt/nvme3/mfa_work_laria_0825/gpu_6/batch_0006_LAria-edf184b39c/workspace/strict_ok_runs/20260825T115246Z_3391144/output
############################################################


  Kept 16kHz audio: /mnt/nvme1/mfa_work_laria_0825/gpu_1/batch_0001_LAria-edf184b39c/workspace/audio_16k

  Publish skipped because the pipeline failed: strict_ok

############################################################
  FAILED: strict_ok
  Output: /mnt/nvme1/mfa_work_laria_0825/gpu_1/batch_0001_LAria-edf184b39c/workspace/strict_ok_runs/20260825T115246Z_3391135/output
############################################################

  [CPU] Preserved: /mnt/nvme0/mfa_work_laria_0825/gpu_4/batch_0004_LAria-edf184b39c.FAILED
CPU_RETRY_END batch_0004 ok=False
  [CPU] Preserved: /mnt/nvme0/mfa_work_laria_0825/gpu_0/batch_0000_LAria-edf184b39c.FAILED
CPU_RETRY_END batch_0000 ok=False
  [CPU] Preserved: /mnt/nvme4/mfa_work_laria_0825/gpu_3/batch_0003_LAria-edf184b39c.FAILED
CPU_RETRY_END batch_0003 ok=False
  [CPU] Preserved: /mnt/nvme1/mfa_work_laria_0825/gpu_5/batch_0005_LAria-edf184b39c.FAILED
CPU_RETRY_END batch_0005 ok=False
  [CPU] Preserved: /mnt/nvme4/mfa_work_laria_0825/gpu_7/batch_0007_LAria-edf184b39c.FAILED
CPU_RETRY_END batch_0007 ok=False
  [CPU] Preserved: /mnt/nvme1/mfa_work_laria_0825/gpu_1/batch_0001_LAria-edf184b39c.FAILED
CPU_RETRY_END batch_0001 ok=False
  [CPU] Preserved: /mnt/nvme3/mfa_work_laria_0825/gpu_6/batch_0006_LAria-edf184b39c.FAILED
CPU_RETRY_END batch_0006 ok=False
  [CPU] Preserved: /mnt/nvme3/mfa_work_laria_0825/gpu_2/batch_0002_LAria-edf184b39c.FAILED
CPU_RETRY_END batch_0002 ok=False
CPU_RETRY_RESULTS {"0": false, "1": false, "2": false, "3": false, "4": false, "5": false, "6": false, "7": false}
RESTORED batch_0000: /mnt/nvme0/mfa_work_laria_0825/gpu_0/batch_0000_LAria-edf184b39c
RESTORED batch_0001: /mnt/nvme1/mfa_work_laria_0825/gpu_1/batch_0001_LAria-edf184b39c
RESTORED batch_0002: /mnt/nvme3/mfa_work_laria_0825/gpu_2/batch_0002_LAria-edf184b39c
RESTORED batch_0003: /mnt/nvme4/mfa_work_laria_0825/gpu_3/batch_0003_LAria-edf184b39c
RESTORED batch_0004: /mnt/nvme0/mfa_work_laria_0825/gpu_4/batch_0004_LAria-edf184b39c
RESTORED batch_0005: /mnt/nvme1/mfa_work_laria_0825/gpu_5/batch_0005_LAria-edf184b39c
RESTORED batch_0006: /mnt/nvme3/mfa_work_laria_0825/gpu_6/batch_0006_LAria-edf184b39c
RESTORED batch_0007: /mnt/nvme4/mfa_work_laria_0825/gpu_7/batch_0007_LAria-edf184b39c
CPU_RETRY_START batch_0000 stems=132
CPU_RETRY_START batch_0001 stems=132
CPU_RETRY_START batch_0002 stems=132
CPU_RETRY_START batch_0003 stems=132
CPU_RETRY_START batch_0004 stems=132
CPU_RETRY_START batch_0005 stems=132
CPU_RETRY_START batch_0006 stems=132
CPU_RETRY_START batch_0007 stems=131
  Parallel mode: 32 workers for 131 files (ProcessPool, BLAS=1 per worker)
  Parallel mode: 32 workers for 132 files (ProcessPool, BLAS=1 per worker)
  Parallel mode: 32 workers for 132 files (ProcessPool, BLAS=1 per worker)
  Parallel mode: 32 workers for 132 files (ProcessPool, BLAS=1 per worker)
  Parallel mode: 32 workers for 132 files (ProcessPool, BLAS=1 per worker)
  Parallel mode: 32 workers for 132 files (ProcessPool, BLAS=1 per worker)
  Parallel mode: 32 workers for 132 files (ProcessPool, BLAS=1 per worker)
  ... 100/131 files adjusted
  Parallel mode: 32 workers for 132 files (ProcessPool, BLAS=1 per worker)
  ... 100/132 files adjusted
  ... 100/132 files adjusted
  ... 100/132 files adjusted
  ... 100/132 files adjusted
  ... 100/132 files adjusted
  ... 100/132 files adjusted
  ... 100/132 files adjusted

==================================================
Total: 132 files
  Start adjustments:   370
  End extended:        109
  End shortened:       31
  Punct adjustments:   312
Output: /mnt/nvme0/mfa_work_laria_0825/gpu_4/batch_0004_LAria-edf184b39c/workspace/ctc_pretg_adj

==================================================
Total: 131 files
  Start adjustments:   363
  End extended:        109
  End shortened:       27
  Punct adjustments:   304
Output: /mnt/nvme4/mfa_work_laria_0825/gpu_7/batch_0007_LAria-edf184b39c/workspace/ctc_pretg_adj

==================================================
Total: 132 files
  Start adjustments:   364
  End extended:        105
  End shortened:       26
  Punct adjustments:   300
Output: /mnt/nvme1/mfa_work_laria_0825/gpu_1/batch_0001_LAria-edf184b39c/workspace/ctc_pretg_adj

==================================================
Total: 132 files
  Start adjustments:   365
  End extended:        107
  End shortened:       20
  Punct adjustments:   294
Output: /mnt/nvme3/mfa_work_laria_0825/gpu_6/batch_0006_LAria-edf184b39c/workspace/ctc_pretg_adj

==================================================
Total: 132 files
  Start adjustments:   361
  End extended:        104
  End shortened:       26
  Punct adjustments:   297
Output: /mnt/nvme1/mfa_work_laria_0825/gpu_5/batch_0005_LAria-edf184b39c/workspace/ctc_pretg_adj

==================================================
Total: 132 files
  Start adjustments:   346
  End extended:        106
  End shortened:       28
  Punct adjustments:   280
Output: /mnt/nvme0/mfa_work_laria_0825/gpu_0/batch_0000_LAria-edf184b39c/workspace/ctc_pretg_adj

==================================================
Total: 132 files
  Start adjustments:   372
  End extended:        120
  End shortened:       28
  Punct adjustments:   312
Output: /mnt/nvme4/mfa_work_laria_0825/gpu_3/batch_0003_LAria-edf184b39c/workspace/ctc_pretg_adj

==================================================
Total: 132 files
  Start adjustments:   351
  End extended:        113
  End shortened:       24
  Punct adjustments:   292
Output: /mnt/nvme3/mfa_work_laria_0825/gpu_2/batch_0002_LAria-edf184b39c/workspace/ctc_pretg_adj
<frozen runpy>:128: RuntimeWarning: 'montreal_forced_aligner.command_line.mfa' found in sys.modules after import of package 'montreal_forced_aligner.command_line', but prior to execution of 'montreal_forced_aligner.command_line.mfa'; this may result in unpredictable behaviour
<frozen runpy>:128: RuntimeWarning: 'montreal_forced_aligner.command_line.mfa' found in sys.modules after import of package 'montreal_forced_aligner.command_line', but prior to execution of 'montreal_forced_aligner.command_line.mfa'; this may result in unpredictable behaviour
<frozen runpy>:128: RuntimeWarning: 'montreal_forced_aligner.command_line.mfa' found in sys.modules after import of package 'montreal_forced_aligner.command_line', but prior to execution of 'montreal_forced_aligner.command_line.mfa'; this may result in unpredictable behaviour
<frozen runpy>:128: RuntimeWarning: 'montreal_forced_aligner.command_line.mfa' found in sys.modules after import of package 'montreal_forced_aligner.command_line', but prior to execution of 'montreal_forced_aligner.command_line.mfa'; this may result in unpredictable behaviour
<frozen runpy>:128: RuntimeWarning: 'montreal_forced_aligner.command_line.mfa' found in sys.modules after import of package 'montreal_forced_aligner.command_line', but prior to execution of 'montreal_forced_aligner.command_line.mfa'; this may result in unpredictable behaviour
<frozen runpy>:128: RuntimeWarning: 'montreal_forced_aligner.command_line.mfa' found in sys.modules after import of package 'montreal_forced_aligner.command_line', but prior to execution of 'montreal_forced_aligner.command_line.mfa'; this may result in unpredictable behaviour
<frozen runpy>:128: RuntimeWarning: 'montreal_forced_aligner.command_line.mfa' found in sys.modules after import of package 'montreal_forced_aligner.command_line', but prior to execution of 'montreal_forced_aligner.command_line.mfa'; this may result in unpredictable behaviour
<frozen runpy>:128: RuntimeWarning: 'montreal_forced_aligner.command_line.mfa' found in sys.modules after import of package 'montreal_forced_aligner.command_line', but prior to execution of 'montreal_forced_aligner.command_line.mfa'; this may result in unpredictable behaviour
 INFO     Alignment already done, skipping.                                     
 INFO     Alignment already done, skipping.                                     
 INFO     Alignment already done, skipping.                                     
 INFO     Alignment already done, skipping.                                     
 INFO     Alignment already done, skipping.                                     
 INFO     Alignment already done, skipping.                                     
 INFO     Analyzing alignment quality...                                        
 INFO     Analyzing alignment quality...                                        
 INFO     Analyzing alignment quality...                                        
 INFO     Alignment already done, skipping.                                     
 INFO     Alignment already done, skipping.                                     
 INFO     Analyzing alignment quality...                                        
 INFO     Alignment already done, skipping.                                     
 INFO     Alignment already done, skipping.                                     
 INFO     Alignment already done, skipping.                                     
 INFO     Alignment already done, skipping.                                     
 INFO     Analyzing alignment quality...                                        
 INFO     Analyzing alignment quality...                                        
 INFO     Alignment already done, skipping.                                     
 INFO     Alignment already done, skipping.                                     
 INFO     Analyzing alignment quality...                                        
 INFO     Alignment already done, skipping.                                     
 INFO     Alignment already done, skipping.                                     
 INFO     Analyzing alignment quality...                                        
  99% ━━━━━━━━━━━━━━━━━━━━━━━━━━━━━━━━━╸ 131/132  [ 0:00:02 < -:--:-- , ? it/s ]
  98% ━━━━━━━━━━━━━━━━━━━━━━━━━━━━━━━━━  130/132  [ 0:00:02 < -:--:-- , ? it/s ]
 INFO     Exporting alignment TextGrids to                                      
          /mnt/nvme3/mfa_work_laria_0825/gpu_6/batch_0006_LAria-edf184b39c/works
          pace/aligned...                                                       
 INFO     Exporting alignment TextGrids to                                      
          /mnt/nvme4/mfa_work_laria_0825/gpu_3/batch_0003_LAria-edf184b39c/works
          pace/aligned...                                                       
 100% ━━━━━━━━━━━━━━━━━━━━━━━━━━━━━━━━━━ 132/132  [ 0:00:02 < 0:00:00 , ? it/s ]
 INFO     Exporting alignment TextGrids to                                      
          /mnt/nvme3/mfa_work_laria_0825/gpu_2/batch_0002_LAria-edf184b39c/works
          pace/aligned...                                                       
  99% ━━━━━━━━━━━━━━━━━━━━━━━━━━━━━━━━━╸ 131/132  [ 0:00:02 < -:--:-- , ? it/s ]
 INFO     Exporting alignment TextGrids to                                      
          /mnt/nvme0/mfa_work_laria_0825/gpu_0/batch_0000_LAria-edf184b39c/works
          pace/aligned...                                                       
 100% ━━━━━━━━━━━━━━━━━━━━━━━━━━━━━━━━━━ 131/131  [ 0:00:02 < 0:00:00 , ? it/s ]
 100% ━━━━━━━━━━━━━━━━━━━━━━━━━━━━━━━━━━ 132/132  [ 0:00:02 < 0:00:00 , ? it/s ]
  98% ━━━━━━━━━━━━━━━━━━━━━━━━━━━━━━━━━  130/132  [ 0:00:02 < -:--:-- , ? it/s ]
 INFO     Exporting alignment TextGrids to                                      
          /mnt/nvme4/mfa_work_laria_0825/gpu_7/batch_0007_LAria-edf184b39c/works
          pace/aligned...                                                       
 INFO     Exporting alignment TextGrids to                                      
          /mnt/nvme1/mfa_work_laria_0825/gpu_5/batch_0005_LAria-edf184b39c/works
          pace/aligned...                                                       
 INFO     Exporting alignment TextGrids to                                      
          /mnt/nvme1/mfa_work_laria_0825/gpu_1/batch_0001_LAria-edf184b39c/works
          pace/aligned...                                                       
 100% ━━━━━━━━━━━━━━━━━━━━━━━━━━━━━━━━━━ 132/132  [ 0:00:02 < 0:00:00 , ? it/s ]
 INFO     Exporting alignment TextGrids to                                      
          /mnt/nvme0/mfa_work_laria_0825/gpu_4/batch_0004_LAria-edf184b39c/works
          pace/aligned...                                                       
  98% ━━━━━━━━━━━━━━━━━━━━━━━━━━━━━━━╸ 130/132  [ 0:00:02 < 0:00:01 , 129 it/s ]
 INFO     Finished exporting TextGrids to                                       
          /mnt/nvme4/mfa_work_laria_0825/gpu_3/batch_0003_LAria-edf184b39c/works
          pace/aligned!                                                         
 INFO     Done! Everything took 4.943 seconds                                   
  99% ━━━━━━━━━━━━━━━━━━━━━━━━━━━━━━━╸ 131/132  [ 0:00:02 < 0:00:01 , 130 it/s ]
 INFO     Finished exporting TextGrids to                                       
          /mnt/nvme3/mfa_work_laria_0825/gpu_6/batch_0006_LAria-edf184b39c/works
          pace/aligned!                                                         
 INFO     Done! Everything took 4.875 seconds                                   
 100% ━━━━━━━━━━━━━━━━━━━━━━━━━━━━━━━━ 132/132  [ 0:00:02 < 0:00:00 , 131 it/s ]
 INFO     Finished exporting TextGrids to                                       
          /mnt/nvme3/mfa_work_laria_0825/gpu_2/batch_0002_LAria-edf184b39c/works
          pace/aligned!                                                         
 INFO     Done! Everything took 4.924 seconds                                   
  99% ━━━━━━━━━━━━━━━━━━━━━━━━━━━━━━━╸ 131/132  [ 0:00:02 < 0:00:01 , 130 it/s ]
 INFO     Finished exporting TextGrids to                                       
          /mnt/nvme0/mfa_work_laria_0825/gpu_0/batch_0000_LAria-edf184b39c/works
          pace/aligned!                                                         
 INFO     Done! Everything took 5.086 seconds                                   
  98% ━━━━━━━━━━━━━━━━━━━━━━━━━━━━━━━╸ 130/132  [ 0:00:02 < 0:00:01 , 129 it/s ]
 INFO     Finished exporting TextGrids to                                       
          /mnt/nvme1/mfa_work_laria_0825/gpu_1/batch_0001_LAria-edf184b39c/works
          pace/aligned!                                                         
 100% ━━━━━━━━━━━━━━━━━━━━━━━━━━━━━━━━ 132/132  [ 0:00:02 < 0:00:00 , 131 it/s ]
 INFO     Finished exporting TextGrids to                                       
          /mnt/nvme1/mfa_work_laria_0825/gpu_5/batch_0005_LAria-edf184b39c/works
          pace/aligned!                                                         
 100% ━━━━━━━━━━━━━━━━━━━━━━━━━━━━━━━━ 131/131  [ 0:00:02 < 0:00:00 , 130 it/s ]
 INFO     Finished exporting TextGrids to                                       
          /mnt/nvme4/mfa_work_laria_0825/gpu_7/batch_0007_LAria-edf184b39c/works
          pace/aligned!                                                         
 INFO     Done! Everything took 5.115 seconds                                   
 INFO     Done! Everything took 5.118 seconds                                   
 INFO     Done! Everything took 5.148 seconds                                   
 100% ━━━━━━━━━━━━━━━━━━━━━━━━━━━━━━━━ 132/132  [ 0:00:02 < 0:00:00 , 131 it/s ]
 INFO     Finished exporting TextGrids to                                       
          /mnt/nvme0/mfa_work_laria_0825/gpu_4/batch_0004_LAria-edf184b39c/works
          pace/aligned!                                                         
 INFO     Done! Everything took 5.166 seconds                                   
Found 132 stems with CTC output
Scanning for English word segments...
  34 stems contain English words
  44 total English words
Extracting English audio segments...
  Building English corpus: 34 stems, 16 workers
Found 132 stems with CTC output
Scanning for English word segments...
  32 stems contain English words
  42 total English words
Extracting English audio segments...
  Building English corpus: 32 stems, 16 workers
Found 132 stems with CTC output
Scanning for English word segments...
  30 stems contain English words
  34 total English words
Extracting English audio segments...
  Building English corpus: 30 stems, 16 workers
Found 132 stems with CTC output
Scanning for English word segments...
  25 stems contain English words
  27 total English words
Extracting English audio segments...
  Building English corpus: 25 stems, 16 workers
Found 132 stems with CTC output
Scanning for English word segments...
  25 stems contain English words
  28 total English words
Extracting English audio segments...
  Building English corpus: 25 stems, 16 workers
Found 132 stems with CTC output
Scanning for English word segments...
  23 stems contain English words
  29 total English words
Extracting English audio segments...
  Building English corpus: 23 stems, 16 workers
Found 131 stems with CTC output
Scanning for English word segments...
  34 stems contain English words
  37 total English words
Extracting English audio segments...
  Building English corpus: 34 stems, 16 workers
Found 132 stems with CTC output
Scanning for English word segments...
  37 stems contain English words
  40 total English words
Extracting English audio segments...
  Building English corpus: 37 stems, 16 workers
  [32/32] stems processed
  41 English segments for MFA, 1 skipped (too short)
Building English dictionary...
  Running English MFA align (41 segments)...
  Wrote English phone data for 32 stems
Done: English MFA alignment complete (32 stems)
  [37/37] stems processed
  40 English segments for MFA, 0 skipped (too short)
Building English dictionary...
  Running English MFA align (40 segments)...
  Wrote English phone data for 37 stems
Done: English MFA alignment complete (37 stems)
  [25/25] stems processed
  28 English segments for MFA, 0 skipped (too short)
Building English dictionary...
  Running English MFA align (28 segments)...
  Wrote English phone data for 25 stems
Done: English MFA alignment complete (25 stems)
  [23/23] stems processed
  29 English segments for MFA, 0 skipped (too short)
Building English dictionary...
  Running English MFA align (29 segments)...
  Wrote English phone data for 23 stems
Done: English MFA alignment complete (23 stems)
  [25/25] stems processed
  27 English segments for MFA, 0 skipped (too short)
Building English dictionary...
  Running English MFA align (27 segments)...
  Wrote English phone data for 25 stems
Done: English MFA alignment complete (25 stems)
  [30/30] stems processed
  34 English segments for MFA, 0 skipped (too short)
Building English dictionary...
  Running English MFA align (34 segments)...
  Wrote English phone data for 30 stems
Done: English MFA alignment complete (30 stems)
Loading dictionaries...
  Pinyin dict: 2210 entries
  IPA dict: 19512 entries
  IPA->Pinyin phone mappings: 119
  Tone reference table: /mnt/nvme4/mfa_work_laria_0825/gpu_3/batch_0003_LAria-edf184b39c/workspace/strict_ok_runs/20260825T115549Z_3398941/output/tone_mapping.json
  Tone marks: ˥->1, ˥˥->1, ˧˥->2, ˨˩˦->3, ˥˩->4, ˩->5
  Postprocess parallel: 32 workers for 130 files (ProcessPool)
Loading dictionaries...
  Pinyin dict: 2210 entries
  IPA dict: 19512 entries
  IPA->Pinyin phone mappings: 119
  Tone reference table: /mnt/nvme0/mfa_work_laria_0825/gpu_4/batch_0004_LAria-edf184b39c/workspace/strict_ok_runs/20260825T115549Z_3398942/output/tone_mapping.json
  Tone marks: ˥->1, ˥˥->1, ˧˥->2, ˨˩˦->3, ˥˩->4, ˩->5
  Postprocess parallel: 32 workers for 132 files (ProcessPool)
  _snap_to_ctc: token count mismatch (MFA=28, CTC=29) — NW aligned 28/28 tokens
  _snap_to_ctc: token count mismatch (MFA=31, CTC=32) — NW aligned 31/31 tokens
  _snap_to_ctc: token count mismatch (MFA=38, CTC=39) — NW aligned 38/38 tokens
Loading dictionaries...
  Pinyin dict: 2210 entries
  IPA dict: 19512 entries
  IPA->Pinyin phone mappings: 119
  Tone reference table: /mnt/nvme1/mfa_work_laria_0825/gpu_5/batch_0005_LAria-edf184b39c/workspace/strict_ok_runs/20260825T115549Z_3398944/output/tone_mapping.json
  Tone marks: ˥->1, ˥˥->1, ˧˥->2, ˨˩˦->3, ˥˩->4, ˩->5
  Postprocess parallel: 32 workers for 132 files (ProcessPool)
  [34/34] stems processed
  44 English segments for MFA, 0 skipped (too short)
Building English dictionary...
  Running English MFA align (44 segments)...
  Wrote English phone data for 34 stems
Done: English MFA alignment complete (34 stems)
  _snap_to_ctc: token count mismatch (MFA=25, CTC=26) — NW aligned 25/25 tokens
Loading dictionaries...
  Pinyin dict: 2210 entries
  IPA dict: 19512 entries
  IPA->Pinyin phone mappings: 119
  Tone reference table: /mnt/nvme1/mfa_work_laria_0825/gpu_1/batch_0001_LAria-edf184b39c/workspace/strict_ok_runs/20260825T115549Z_3398937/output/tone_mapping.json
  Tone marks: ˥->1, ˥˥->1, ˧˥->2, ˨˩˦->3, ˥˩->4, ˩->5
  Postprocess parallel: 32 workers for 130 files (ProcessPool)
  _snap_to_ctc: token count mismatch (MFA=25, CTC=27) — NW aligned 25/25 tokens
  _snap_to_ctc: token count mismatch (MFA=27, CTC=28) — NW aligned 27/27 tokens
  [34/34] stems processed
  36 English segments for MFA, 1 skipped (too short)
Building English dictionary...
  Running English MFA align (36 segments)...
  Wrote English phone data for 34 stems
Done: English MFA alignment complete (34 stems)
  _snap_to_ctc: token count mismatch (MFA=56, CTC=57) — NW aligned 56/56 tokens
  CMUdict loaded from /mnt/local_E/MFA_Pause/repo/dict/cmudict.dict: 125088 entries
  CMUdict loaded from /mnt/local_E/MFA_Pause/repo/dict/cmudict.dict: 125088 entries
  CMUdict loaded from /mnt/local_E/MFA_Pause/repo/dict/cmudict.dict: 125088 entries
Loading dictionaries...
  Pinyin dict: 2210 entries
  IPA dict: 19512 entries
  IPA->Pinyin phone mappings: 119
  Tone reference table: /mnt/nvme3/mfa_work_laria_0825/gpu_2/batch_0002_LAria-edf184b39c/workspace/strict_ok_runs/20260825T115549Z_3398939/output/tone_mapping.json
  Tone marks: ˥˥->1, ˥->1, ˧˥->2, ˨˩˦->3, ˥˩->4, ˩->5
  Postprocess parallel: 32 workers for 132 files (ProcessPool)
  CMUdict loaded from /mnt/local_E/MFA_Pause/repo/dict/cmudict.dict: 125088 entries
  CMUdict loaded from /mnt/local_E/MFA_Pause/repo/dict/cmudict.dict: 125088 entries
  CMUdict loaded from /mnt/local_E/MFA_Pause/repo/dict/cmudict.dict: 125088 entries
  CMUdict loaded from /mnt/local_E/MFA_Pause/repo/dict/cmudict.dict: 125088 entries
  CMUdict loaded from /mnt/local_E/MFA_Pause/repo/dict/cmudict.dict: 125088 entries
  CMUdict loaded from /mnt/local_E/MFA_Pause/repo/dict/cmudict.dict: 125088 entries
  CMUdict loaded from /mnt/local_E/MFA_Pause/repo/dict/cmudict.dict: 125088 entries
  CMUdict loaded from /mnt/local_E/MFA_Pause/repo/dict/cmudict.dict: 125088 entries
  CMUdict loaded from /mnt/local_E/MFA_Pause/repo/dict/cmudict.dict: 125088 entries
  CMUdict loaded from /mnt/local_E/MFA_Pause/repo/dict/cmudict.dict: 125088 entries
  CMUdict loaded from /mnt/local_E/MFA_Pause/repo/dict/cmudict.dict: 125088 entries
  CMUdict loaded from /mnt/local_E/MFA_Pause/repo/dict/cmudict.dict: 125088 entries
  CMUdict loaded from /mnt/local_E/MFA_Pause/repo/dict/cmudict.dict: 125088 entries
  CMUdict loaded from /mnt/local_E/MFA_Pause/repo/dict/cmudict.dict: 125088 entries
  CMUdict loaded from /mnt/local_E/MFA_Pause/repo/dict/cmudict.dict: 125088 entries
  CMUdict loaded from /mnt/local_E/MFA_Pause/repo/dict/cmudict.dict: 125088 entries
  CMUdict loaded from /mnt/local_E/MFA_Pause/repo/dict/cmudict.dict: 125088 entries
Loading dictionaries...
  Pinyin dict: 2210 entries
  IPA dict: 19512 entries
  IPA->Pinyin phone mappings: 119
  Tone reference table: /mnt/nvme0/mfa_work_laria_0825/gpu_0/batch_0000_LAria-edf184b39c/workspace/strict_ok_runs/20260825T115549Z_3398935/output/tone_mapping.json
  Tone marks: ˥->1, ˥˥->1, ˧˥->2, ˨˩˦->3, ˥˩->4, ˩->5
  Postprocess parallel: 32 workers for 131 files (ProcessPool)
  CMUdict loaded from /mnt/local_E/MFA_Pause/repo/dict/cmudict.dict: 125088 entries
  CMUdict loaded from /mnt/local_E/MFA_Pause/repo/dict/cmudict.dict: 125088 entries
  CMUdict loaded from /mnt/local_E/MFA_Pause/repo/dict/cmudict.dict: 125088 entries
  CMUdict loaded from /mnt/local_E/MFA_Pause/repo/dict/cmudict.dict: 125088 entries
  CMUdict loaded from /mnt/local_E/MFA_Pause/repo/dict/cmudict.dict: 125088 entries
  CMUdict loaded from /mnt/local_E/MFA_Pause/repo/dict/cmudict.dict: 125088 entries
  CMUdict loaded from /mnt/local_E/MFA_Pause/repo/dict/cmudict.dict: 125088 entries
  CMUdict loaded from /mnt/local_E/MFA_Pause/repo/dict/cmudict.dict: 125088 entries
  CMUdict loaded from /mnt/local_E/MFA_Pause/repo/dict/cmudict.dict: 125088 entries
  CMUdict loaded from /mnt/local_E/MFA_Pause/repo/dict/cmudict.dict: 125088 entries
  CMUdict loaded from /mnt/local_E/MFA_Pause/repo/dict/cmudict.dict: 125088 entries
  CMUdict loaded from /mnt/local_E/MFA_Pause/repo/dict/cmudict.dict: 125088 entries
  CMUdict loaded from /mnt/local_E/MFA_Pause/repo/dict/cmudict.dict: 125088 entries
  CMUdict loaded from /mnt/local_E/MFA_Pause/repo/dict/cmudict.dict: 125088 entries
  CMUdict loaded from /mnt/local_E/MFA_Pause/repo/dict/cmudict.dict: 125088 entries
  CMUdict loaded from /mnt/local_E/MFA_Pause/repo/dict/cmudict.dict: 125088 entries
  CMUdict loaded from /mnt/local_E/MFA_Pause/repo/dict/cmudict.dict: 125088 entries
  CMUdict loaded from /mnt/local_E/MFA_Pause/repo/dict/cmudict.dict: 125088 entries
  CMUdict loaded from /mnt/local_E/MFA_Pause/repo/dict/cmudict.dict: 125088 entries
  CMUdict loaded from /mnt/local_E/MFA_Pause/repo/dict/cmudict.dict: 125088 entries
  CMUdict loaded from /mnt/local_E/MFA_Pause/repo/dict/cmudict.dict: 125088 entries
  CMUdict loaded from /mnt/local_E/MFA_Pause/repo/dict/cmudict.dict: 125088 entries
  CMUdict loaded from /mnt/local_E/MFA_Pause/repo/dict/cmudict.dict: 125088 entries
  CMUdict loaded from /mnt/local_E/MFA_Pause/repo/dict/cmudict.dict: 125088 entries
  CMUdict loaded from /mnt/local_E/MFA_Pause/repo/dict/cmudict.dict: 125088 entries
  CMUdict loaded from /mnt/local_E/MFA_Pause/repo/dict/cmudict.dict: 125088 entries
  CMUdict loaded from /mnt/local_E/MFA_Pause/repo/dict/cmudict.dict: 125088 entries
  CMUdict loaded from /mnt/local_E/MFA_Pause/repo/dict/cmudict.dict: 125088 entries
  CMUdict loaded from /mnt/local_E/MFA_Pause/repo/dict/cmudict.dict: 125088 entries
  CMUdict loaded from /mnt/local_E/MFA_Pause/repo/dict/cmudict.dict: 125088 entries
  CMUdict loaded from /mnt/local_E/MFA_Pause/repo/dict/cmudict.dict: 125088 entries
  CMUdict loaded from /mnt/local_E/MFA_Pause/repo/dict/cmudict.dict: 125088 entries
  CMUdict loaded from /mnt/local_E/MFA_Pause/repo/dict/cmudict.dict: 125088 entries
  CMUdict loaded from /mnt/local_E/MFA_Pause/repo/dict/cmudict.dict: 125088 entries
  CMUdict loaded from /mnt/local_E/MFA_Pause/repo/dict/cmudict.dict: 125088 entries
  CMUdict loaded from /mnt/local_E/MFA_Pause/repo/dict/cmudict.dict: 125088 entries
  CMUdict loaded from /mnt/local_E/MFA_Pause/repo/dict/cmudict.dict: 125088 entries
  CMUdict loaded from /mnt/local_E/MFA_Pause/repo/dict/cmudict.dict: 125088 entries
  CMUdict loaded from /mnt/local_E/MFA_Pause/repo/dict/cmudict.dict: 125088 entries
  CMUdict loaded from /mnt/local_E/MFA_Pause/repo/dict/cmudict.dict: 125088 entries
  CMUdict loaded from /mnt/local_E/MFA_Pause/repo/dict/cmudict.dict: 125088 entries
  CMUdict loaded from /mnt/local_E/MFA_Pause/repo/dict/cmudict.dict: 125088 entries
  CMUdict loaded from /mnt/local_E/MFA_Pause/repo/dict/cmudict.dict: 125088 entries
  CMUdict loaded from /mnt/local_E/MFA_Pause/repo/dict/cmudict.dict: 125088 entries
  CMUdict loaded from /mnt/local_E/MFA_Pause/repo/dict/cmudict.dict: 125088 entries
  CMUdict loaded from /mnt/local_E/MFA_Pause/repo/dict/cmudict.dict: 125088 entries
  CMUdict loaded from /mnt/local_E/MFA_Pause/repo/dict/cmudict.dict: 125088 entries
  _snap_to_ctc: token count mismatch (MFA=24, CTC=25) — NW aligned 24/24 tokens
  _snap_to_ctc: token count mismatch (MFA=25, CTC=26) — NW aligned 25/25 tokens
  CMUdict loaded from /mnt/local_E/MFA_Pause/repo/dict/cmudict.dict: 125088 entries
  CMUdict loaded from /mnt/local_E/MFA_Pause/repo/dict/cmudict.dict: 125088 entries
  CMUdict loaded from /mnt/local_E/MFA_Pause/repo/dict/cmudict.dict: 125088 entries
  _snap_to_ctc: token count mismatch (MFA=27, CTC=28) — NW aligned 27/27 tokens
  _snap_to_ctc: token count mismatch (MFA=37, CTC=38) — NW aligned 37/37 tokens
  CMUdict loaded from /mnt/local_E/MFA_Pause/repo/dict/cmudict.dict: 125088 entries
  CMUdict loaded from /mnt/local_E/MFA_Pause/repo/dict/cmudict.dict: 125088 entries
  CMUdict loaded from /mnt/local_E/MFA_Pause/repo/dict/cmudict.dict: 125088 entries
  CMUdict loaded from /mnt/local_E/MFA_Pause/repo/dict/cmudict.dict: 125088 entries
  CMUdict loaded from /mnt/local_E/MFA_Pause/repo/dict/cmudict.dict: 125088 entries
  CMUdict loaded from /mnt/local_E/MFA_Pause/repo/dict/cmudict.dict: 125088 entries
  CMUdict loaded from /mnt/local_E/MFA_Pause/repo/dict/cmudict.dict: 125088 entries
  CMUdict loaded from /mnt/local_E/MFA_Pause/repo/dict/cmudict.dict: 125088 entries
  CMUdict loaded from /mnt/local_E/MFA_Pause/repo/dict/cmudict.dict: 125088 entries
  CMUdict loaded from /mnt/local_E/MFA_Pause/repo/dict/cmudict.dict: 125088 entries
  CMUdict loaded from /mnt/local_E/MFA_Pause/repo/dict/cmudict.dict: 125088 entries
  CMUdict loaded from /mnt/local_E/MFA_Pause/repo/dict/cmudict.dict: 125088 entries
  CMUdict loaded from /mnt/local_E/MFA_Pause/repo/dict/cmudict.dict: 125088 entries
  CMUdict loaded from /mnt/local_E/MFA_Pause/repo/dict/cmudict.dict: 125088 entries
  _snap_to_ctc: token count mismatch (MFA=39, CTC=40) — NW aligned 39/39 tokens
  CMUdict loaded from /mnt/local_E/MFA_Pause/repo/dict/cmudict.dict: 125088 entries
  CMUdict loaded from /mnt/local_E/MFA_Pause/repo/dict/cmudict.dict: 125088 entries
  CMUdict loaded from /mnt/local_E/MFA_Pause/repo/dict/cmudict.dict: 125088 entries
  CMUdict loaded from /mnt/local_E/MFA_Pause/repo/dict/cmudict.dict: 125088 entries
  CMUdict loaded from /mnt/local_E/MFA_Pause/repo/dict/cmudict.dict: 125088 entries
  CMUdict loaded from /mnt/local_E/MFA_Pause/repo/dict/cmudict.dict: 125088 entries
  CMUdict loaded from /mnt/local_E/MFA_Pause/repo/dict/cmudict.dict: 125088 entries
  CMUdict loaded from /mnt/local_E/MFA_Pause/repo/dict/cmudict.dict: 125088 entries
  CMUdict loaded from /mnt/local_E/MFA_Pause/repo/dict/cmudict.dict: 125088 entries
  _snap_to_ctc: token count mismatch (MFA=31, CTC=32) — NW aligned 31/31 tokens
  CMUdict loaded from /mnt/local_E/MFA_Pause/repo/dict/cmudict.dict: 125088 entries
  _snap_to_ctc: token count mismatch (MFA=23, CTC=24) — NW aligned 23/23 tokens
  CMUdict loaded from /mnt/local_E/MFA_Pause/repo/dict/cmudict.dict: 125088 entries
  _snap_to_ctc: token count mismatch (MFA=32, CTC=33) — NW aligned 32/32 tokens
  CMUdict loaded from /mnt/local_E/MFA_Pause/repo/dict/cmudict.dict: 125088 entries
  CMUdict loaded from /mnt/local_E/MFA_Pause/repo/dict/cmudict.dict: 125088 entries
  CMUdict loaded from /mnt/local_E/MFA_Pause/repo/dict/cmudict.dict: 125088 entries
  CMUdict loaded from /mnt/local_E/MFA_Pause/repo/dict/cmudict.dict: 125088 entries
  CMUdict loaded from /mnt/local_E/MFA_Pause/repo/dict/cmudict.dict: 125088 entries
  _snap_to_ctc: token count mismatch (MFA=22, CTC=23) — NW aligned 22/22 tokens
  _snap_to_ctc: token count mismatch (MFA=24, CTC=25) — NW aligned 24/24 tokens
  CMUdict loaded from /mnt/local_E/MFA_Pause/repo/dict/cmudict.dict: 125088 entries
  _snap_to_ctc: token count mismatch (MFA=28, CTC=29) — NW aligned 28/28 tokens
  CMUdict loaded from /mnt/local_E/MFA_Pause/repo/dict/cmudict.dict: 125088 entries
  CMUdict loaded from /mnt/local_E/MFA_Pause/repo/dict/cmudict.dict: 125088 entries
  CMUdict loaded from /mnt/local_E/MFA_Pause/repo/dict/cmudict.dict: 125088 entries
  CMUdict loaded from /mnt/local_E/MFA_Pause/repo/dict/cmudict.dict: 125088 entries
  CMUdict loaded from /mnt/local_E/MFA_Pause/repo/dict/cmudict.dict: 125088 entries
  CMUdict loaded from /mnt/local_E/MFA_Pause/repo/dict/cmudict.dict: 125088 entries
  CMUdict loaded from /mnt/local_E/MFA_Pause/repo/dict/cmudict.dict: 125088 entries
Loading dictionaries...
  Pinyin dict: 2210 entries
  IPA dict: 19512 entries
  IPA->Pinyin phone mappings: 119
  Tone reference table: /mnt/nvme3/mfa_work_laria_0825/gpu_6/batch_0006_LAria-edf184b39c/workspace/strict_ok_runs/20260825T115549Z_3398946/output/tone_mapping.json
  Tone marks: ˥->1, ˥˥->1, ˧˥->2, ˨˩˦->3, ˥˩->4, ˩->5
  Postprocess parallel: 32 workers for 131 files (ProcessPool)
  CMUdict loaded from /mnt/local_E/MFA_Pause/repo/dict/cmudict.dict: 125088 entries
  _snap_to_ctc: token count mismatch (MFA=38, CTC=39) — NW aligned 38/38 tokens
  CMUdict loaded from /mnt/local_E/MFA_Pause/repo/dict/cmudict.dict: 125088 entries
  CMUdict loaded from /mnt/local_E/MFA_Pause/repo/dict/cmudict.dict: 125088 entries
  CMUdict loaded from /mnt/local_E/MFA_Pause/repo/dict/cmudict.dict: 125088 entries
  CMUdict loaded from /mnt/local_E/MFA_Pause/repo/dict/cmudict.dict: 125088 entries
  _snap_to_ctc: token count mismatch (MFA=30, CTC=31) — NW aligned 29/30 tokens
  CMUdict loaded from /mnt/local_E/MFA_Pause/repo/dict/cmudict.dict: 125088 entries
  CMUdict loaded from /mnt/local_E/MFA_Pause/repo/dict/cmudict.dict: 125088 entries
  CMUdict loaded from /mnt/local_E/MFA_Pause/repo/dict/cmudict.dict: 125088 entries
  CMUdict loaded from /mnt/local_E/MFA_Pause/repo/dict/cmudict.dict: 125088 entries
  CMUdict loaded from /mnt/local_E/MFA_Pause/repo/dict/cmudict.dict: 125088 entries
  CMUdict loaded from /mnt/local_E/MFA_Pause/repo/dict/cmudict.dict: 125088 entries
  CMUdict loaded from /mnt/local_E/MFA_Pause/repo/dict/cmudict.dict: 125088 entries
  CMUdict loaded from /mnt/local_E/MFA_Pause/repo/dict/cmudict.dict: 125088 entries
  CMUdict loaded from /mnt/local_E/MFA_Pause/repo/dict/cmudict.dict: 125088 entries
  _snap_to_ctc: token count mismatch (MFA=57, CTC=58) — NW aligned 56/57 tokens
  CMUdict loaded from /mnt/local_E/MFA_Pause/repo/dict/cmudict.dict: 125088 entries
  CMUdict loaded from /mnt/local_E/MFA_Pause/repo/dict/cmudict.dict: 125088 entries
  CMUdict loaded from /mnt/local_E/MFA_Pause/repo/dict/cmudict.dict: 125088 entries
  CMUdict loaded from /mnt/local_E/MFA_Pause/repo/dict/cmudict.dict: 125088 entries
  CMUdict loaded from /mnt/local_E/MFA_Pause/repo/dict/cmudict.dict: 125088 entries
  CMUdict loaded from /mnt/local_E/MFA_Pause/repo/dict/cmudict.dict: 125088 entries
  CMUdict loaded from /mnt/local_E/MFA_Pause/repo/dict/cmudict.dict: 125088 entries
  CMUdict loaded from /mnt/local_E/MFA_Pause/repo/dict/cmudict.dict: 125088 entries
  CMUdict loaded from /mnt/local_E/MFA_Pause/repo/dict/cmudict.dict: 125088 entries
  CMUdict loaded from /mnt/local_E/MFA_Pause/repo/dict/cmudict.dict: 125088 entries
  CMUdict loaded from /mnt/local_E/MFA_Pause/repo/dict/cmudict.dict: 125088 entries
  _snap_to_ctc: token count mismatch (MFA=23, CTC=24) — NW aligned 23/23 tokens
  CMUdict loaded from /mnt/local_E/MFA_Pause/repo/dict/cmudict.dict: 125088 entries
  CMUdict loaded from /mnt/local_E/MFA_Pause/repo/dict/cmudict.dict: 125088 entries
  CMUdict loaded from /mnt/local_E/MFA_Pause/repo/dict/cmudict.dict: 125088 entries
  _snap_to_ctc: token count mismatch (MFA=23, CTC=24) — NW aligned 23/23 tokens
  CMUdict loaded from /mnt/local_E/MFA_Pause/repo/dict/cmudict.dict: 125088 entries
  CMUdict loaded from /mnt/local_E/MFA_Pause/repo/dict/cmudict.dict: 125088 entries
  _snap_to_ctc: token count mismatch (MFA=40, CTC=41) — NW aligned 40/40 tokens
  _snap_to_ctc: token count mismatch (MFA=37, CTC=38) — NW aligned 37/37 tokens
  _snap_to_ctc: token count mismatch (MFA=31, CTC=32) — NW aligned 31/31 tokens
  CMUdict loaded from /mnt/local_E/MFA_Pause/repo/dict/cmudict.dict: 125088 entries
  CMUdict loaded from /mnt/local_E/MFA_Pause/repo/dict/cmudict.dict: 125088 entries
  _snap_to_ctc: token count mismatch (MFA=35, CTC=36) — NW aligned 35/35 tokens
  CMUdict loaded from /mnt/local_E/MFA_Pause/repo/dict/cmudict.dict: 125088 entries
  CMUdict loaded from /mnt/local_E/MFA_Pause/repo/dict/cmudict.dict: 125088 entries
  CMUdict loaded from /mnt/local_E/MFA_Pause/repo/dict/cmudict.dict: 125088 entries
  _snap_to_ctc: token count mismatch (MFA=26, CTC=27) — NW aligned 26/26 tokens
  CMUdict loaded from /mnt/local_E/MFA_Pause/repo/dict/cmudict.dict: 125088 entries
  CMUdict loaded from /mnt/local_E/MFA_Pause/repo/dict/cmudict.dict: 125088 entries
  _snap_to_ctc: token count mismatch (MFA=34, CTC=37) — NW aligned 34/34 tokens
  _snap_to_ctc: token count mismatch (MFA=42, CTC=43) — NW aligned 42/42 tokens
  _snap_to_ctc: token count mismatch (MFA=30, CTC=31) — NW aligned 30/30 tokens
  CMUdict loaded from /mnt/local_E/MFA_Pause/repo/dict/cmudict.dict: 125088 entries
  CMUdict loaded from /mnt/local_E/MFA_Pause/repo/dict/cmudict.dict: 125088 entries
  CMUdict loaded from /mnt/local_E/MFA_Pause/repo/dict/cmudict.dict: 125088 entries
  CMUdict loaded from /mnt/local_E/MFA_Pause/repo/dict/cmudict.dict: 125088 entries
  _snap_to_ctc: token count mismatch (MFA=34, CTC=36) — NW aligned 34/34 tokens
  CMUdict loaded from /mnt/local_E/MFA_Pause/repo/dict/cmudict.dict: 125088 entries
  CMUdict loaded from /mnt/local_E/MFA_Pause/repo/dict/cmudict.dict: 125088 entries
  CMUdict loaded from /mnt/local_E/MFA_Pause/repo/dict/cmudict.dict: 125088 entries
Loading dictionaries...
  Pinyin dict: 2210 entries
  IPA dict: 19512 entries
  IPA->Pinyin phone mappings: 119
  Tone reference table: /mnt/nvme4/mfa_work_laria_0825/gpu_7/batch_0007_LAria-edf184b39c/workspace/strict_ok_runs/20260825T115549Z_3398947/output/tone_mapping.json
  Tone marks: ˥->1, ˥˥->1, ˧˥->2, ˨˩˦->3, ˥˩->4, ˩->5
  Postprocess parallel: 32 workers for 131 files (ProcessPool)
  CMUdict loaded from /mnt/local_E/MFA_Pause/repo/dict/cmudict.dict: 125088 entries
  CMUdict loaded from /mnt/local_E/MFA_Pause/repo/dict/cmudict.dict: 125088 entries
  CMUdict loaded from /mnt/local_E/MFA_Pause/repo/dict/cmudict.dict: 125088 entries
  CMUdict loaded from /mnt/local_E/MFA_Pause/repo/dict/cmudict.dict: 125088 entries
  _snap_to_ctc: token count mismatch (MFA=51, CTC=52) — NW aligned 51/51 tokens
  CMUdict loaded from /mnt/local_E/MFA_Pause/repo/dict/cmudict.dict: 125088 entries
  CMUdict loaded from /mnt/local_E/MFA_Pause/repo/dict/cmudict.dict: 125088 entries
  CMUdict loaded from /mnt/local_E/MFA_Pause/repo/dict/cmudict.dict: 125088 entries
  CMUdict loaded from /mnt/local_E/MFA_Pause/repo/dict/cmudict.dict: 125088 entries
  CMUdict loaded from /mnt/local_E/MFA_Pause/repo/dict/cmudict.dict: 125088 entries
  CMUdict loaded from /mnt/local_E/MFA_Pause/repo/dict/cmudict.dict: 125088 entries
  CMUdict loaded from /mnt/local_E/MFA_Pause/repo/dict/cmudict.dict: 125088 entries
  CMUdict loaded from /mnt/local_E/MFA_Pause/repo/dict/cmudict.dict: 125088 entries
  _snap_to_ctc: token count mismatch (MFA=20, CTC=21) — NW aligned 20/20 tokens
  CMUdict loaded from /mnt/local_E/MFA_Pause/repo/dict/cmudict.dict: 125088 entries
  CMUdict loaded from /mnt/local_E/MFA_Pause/repo/dict/cmudict.dict: 125088 entries
  CMUdict loaded from /mnt/local_E/MFA_Pause/repo/dict/cmudict.dict: 125088 entries
  CMUdict loaded from /mnt/local_E/MFA_Pause/repo/dict/cmudict.dict: 125088 entries
  CMUdict loaded from /mnt/local_E/MFA_Pause/repo/dict/cmudict.dict: 125088 entries
  CMUdict loaded from /mnt/local_E/MFA_Pause/repo/dict/cmudict.dict: 125088 entries
  _snap_to_ctc: token count mismatch (MFA=31, CTC=32) — NW aligned 31/31 tokens
  _snap_to_ctc: token count mismatch (MFA=41, CTC=42) — NW aligned 41/41 tokens
  _snap_to_ctc: token count mismatch (MFA=34, CTC=35) — NW aligned 34/34 tokens
  CMUdict loaded from /mnt/local_E/MFA_Pause/repo/dict/cmudict.dict: 125088 entries
  CMUdict loaded from /mnt/local_E/MFA_Pause/repo/dict/cmudict.dict: 125088 entries
  CMUdict loaded from /mnt/local_E/MFA_Pause/repo/dict/cmudict.dict: 125088 entries
Done. {'filtered_ctc_lexical_sequence_mismatch_phones_owner_mismatch_warnings': 1, 'filtered_mid_sp_unexpected_silence_strict_interior_sp': 63, 'filtered_mid_sp_unexpected_silence_strict_interior_sp_ctc_lexical_sequence_mismatch_mfa_unknown_source_warnings': 7, 'filtered_warnings': 2, 'filtered_mid_sp_unexpected_silence_strict_interior_sp_warnings': 18, 'filtered_mid_sp_unexpected_silence_strict_interior_sp_ctc_lexical_sequence_mismatch_mfa_unknown_source': 13, 'filtered_mid_sp_unexpected_silence_strict_interior_sp_ctc_lexical_sequence_mismatch_phones_owner_mismatch_mfa_unknown_source_warnings': 1, 'ok': 14, 'filtered_mid_sp_strict_interior_sp': 4, 'filtered_mid_sp_unexpected_silence_strict_interior_sp_ctc_lexical_sequence_mismatch_phones_owner_mismatch_warnings': 4, 'filtered_mid_sp_bgm_suspect_unexpected_silence_strict_interior_sp': 1, 'filtered_english_provenance_rejected_mid_sp_unexpected_silence_strict_interior_sp_ctc_lexical_sequence_mismatch_mfa_unknown_source_warnings': 1, 'filtered_english_provenance_rejected_mid_sp_unexpected_silence_strict_interior_sp_ctc_lexical_sequence_mismatch_warnings': 2, 'filtered_mid_sp_bgm_suspect_unexpected_silence_strict_interior_sp_ctc_lexical_sequence_mismatch_phones_owner_mismatch_warnings': 1}. report=/mnt/nvme0/mfa_work_laria_0825/gpu_4/batch_0004_LAria-edf184b39c/workspace/strict_ok_runs/20260825T115549Z_3398942/output/postprocess_report.jsonl
  22 mandatory-integrity failures isolated in filtered/
  CMUdict loaded from /mnt/local_E/MFA_Pause/repo/dict/cmudict.dict: 125088 entries
  _snap_to_ctc: token count mismatch (MFA=46, CTC=47) — NW aligned 46/46 tokens
  CMUdict loaded from /mnt/local_E/MFA_Pause/repo/dict/cmudict.dict: 125088 entries
  CMUdict loaded from /mnt/local_E/MFA_Pause/repo/dict/cmudict.dict: 125088 entries
  CMUdict loaded from /mnt/local_E/MFA_Pause/repo/dict/cmudict.dict: 125088 entries
  CMUdict loaded from /mnt/local_E/MFA_Pause/repo/dict/cmudict.dict: 125088 entries
  CMUdict loaded from /mnt/local_E/MFA_Pause/repo/dict/cmudict.dict: 125088 entries
  _snap_to_ctc: token count mismatch (MFA=27, CTC=28) — NW aligned 27/27 tokens
  CMUdict loaded from /mnt/local_E/MFA_Pause/repo/dict/cmudict.dict: 125088 entries
  CMUdict loaded from /mnt/local_E/MFA_Pause/repo/dict/cmudict.dict: 125088 entries
Done. {'filtered_mid_sp_unexpected_silence_strict_interior_sp': 64, 'filtered_mid_sp_unexpected_silence_strict_interior_sp_ctc_lexical_sequence_mismatch_mfa_unknown_source': 13, 'filtered_ctc_lexical_sequence_mismatch_mfa_unknown_source': 1, 'filtered_sp3_mid_sp_unexpected_silence_strict_interior_sp': 2, 'ok': 17, 'filtered_mid_sp_unexpected_silence_strict_interior_sp_warnings': 16, 'filtered_english_provenance_rejected_mid_sp_unexpected_silence_strict_interior_sp_warnings': 1, 'filtered_warnings': 2, 'filtered_english_provenance_rejected_mid_sp_unexpected_silence_strict_interior_sp_ctc_lexical_sequence_mismatch_warnings': 2, 'filtered_sp3_mid_sp_unexpected_silence_strict_interior_sp_ctc_lexical_sequence_mismatch_mfa_unknown_source': 1, 'filtered_sp3_mid_sp_unexpected_silence_strict_interior_sp_words_hanzi_bounds_mismatch': 1, 'filtered_mid_sp_unexpected_silence_strict_interior_sp_ctc_lexical_sequence_mismatch_phones_owner_mismatch_warnings': 4, 'filtered_ctc_lexical_sequence_mismatch_mfa_unknown_source_warnings': 1, 'filtered_mid_sp_unexpected_silence_strict_interior_sp_ctc_lexical_sequence_mismatch_mfa_unknown_source_warnings': 2, 'filtered_mid_sp_strict_interior_sp': 1, 'filtered_ctc_lexical_sequence_mismatch_phones_owner_mismatch_warnings': 1, 'filtered_mid_sp_bgm_suspect_unexpected_silence_strict_interior_sp': 1}. report=/mnt/nvme4/mfa_work_laria_0825/gpu_3/batch_0003_LAria-edf184b39c/workspace/strict_ok_runs/20260825T115549Z_3398941/output/postprocess_report.jsonl
  18 mandatory-integrity failures isolated in filtered/
  CMUdict loaded from /mnt/local_E/MFA_Pause/repo/dict/cmudict.dict: 125088 entries
  CMUdict loaded from /mnt/local_E/MFA_Pause/repo/dict/cmudict.dict: 125088 entries
  CMUdict loaded from /mnt/local_E/MFA_Pause/repo/dict/cmudict.dict: 125088 entries
  CMUdict loaded from /mnt/local_E/MFA_Pause/repo/dict/cmudict.dict: 125088 entries
  CMUdict loaded from /mnt/local_E/MFA_Pause/repo/dict/cmudict.dict: 125088 entries
  CMUdict loaded from /mnt/local_E/MFA_Pause/repo/dict/cmudict.dict: 125088 entries
  CMUdict loaded from /mnt/local_E/MFA_Pause/repo/dict/cmudict.dict: 125088 entries
  CMUdict loaded from /mnt/local_E/MFA_Pause/repo/dict/cmudict.dict: 125088 entries
  CMUdict loaded from /mnt/local_E/MFA_Pause/repo/dict/cmudict.dict: 125088 entries
  CMUdict loaded from /mnt/local_E/MFA_Pause/repo/dict/cmudict.dict: 125088 entries
  _snap_to_ctc: token count mismatch (MFA=33, CTC=34) — NW aligned 33/33 tokens
  CMUdict loaded from /mnt/local_E/MFA_Pause/repo/dict/cmudict.dict: 125088 entries
  CMUdict loaded from /mnt/local_E/MFA_Pause/repo/dict/cmudict.dict: 125088 entries
  _snap_to_ctc: token count mismatch (MFA=31, CTC=32) — NW aligned 31/31 tokens
  CMUdict loaded from /mnt/local_E/MFA_Pause/repo/dict/cmudict.dict: 125088 entries
  CMUdict loaded from /mnt/local_E/MFA_Pause/repo/dict/cmudict.dict: 125088 entries
Done. {'filtered_mid_sp_unexpected_silence_strict_interior_sp': 75, 'filtered_mid_sp_unexpected_silence_strict_interior_sp_warnings': 10, 'filtered_mid_sp_unexpected_silence_strict_interior_sp_ctc_lexical_sequence_mismatch_phones_owner_mismatch_warnings': 5, 'ok': 21, 'filtered_warnings': 4, 'filtered_mid_sp_unexpected_silence_strict_interior_sp_ctc_lexical_sequence_mismatch_mfa_unknown_source': 10, 'filtered_mid_sp_unexpected_silence_strict_interior_sp_ctc_lexical_sequence_mismatch_phones_owner_mismatch_mfa_unknown_source_warnings': 3, 'filtered_ctc_lexical_sequence_mismatch_phones_owner_mismatch_warnings': 2, 'filtered_english_provenance_rejected_ctc_lexical_sequence_mismatch_warnings': 1, 'filtered_sp3_mid_sp_unexpected_silence_strict_interior_sp_ctc_lexical_sequence_mismatch_mfa_unknown_source': 1}. report=/mnt/nvme1/mfa_work_laria_0825/gpu_5/batch_0005_LAria-edf184b39c/workspace/strict_ok_runs/20260825T115549Z_3398944/output/postprocess_report.jsonl
  14 mandatory-integrity failures isolated in filtered/
  _snap_to_ctc: token count mismatch (MFA=35, CTC=36) — NW aligned 35/35 tokens
  _snap_to_ctc: token count mismatch (MFA=25, CTC=26) — NW aligned 25/25 tokens
  _snap_to_ctc: token count mismatch (MFA=24, CTC=25) — NW aligned 24/24 tokens
  CMUdict loaded from /mnt/local_E/MFA_Pause/repo/dict/cmudict.dict: 125088 entries
  _snap_to_ctc: token count mismatch (MFA=27, CTC=28) — NW aligned 27/27 tokens
  _snap_to_ctc: token count mismatch (MFA=27, CTC=28) — NW aligned 27/27 tokens
  _snap_to_ctc: token count mismatch (MFA=34, CTC=35) — NW aligned 33/34 tokens
  CMUdict loaded from /mnt/local_E/MFA_Pause/repo/dict/cmudict.dict: 125088 entries
Done. {'filtered_mid_sp_unexpected_silence_strict_interior_sp': 79, 'ok': 18, 'filtered_mid_sp_unexpected_silence_strict_interior_sp_warnings': 10, 'filtered_sp3_mid_sp_unexpected_silence_strict_interior_sp': 1, 'filtered_mid_sp_unexpected_silence_strict_interior_sp_ctc_lexical_sequence_mismatch_mfa_unknown_source': 9, 'filtered_mid_sp_unexpected_silence_strict_interior_sp_ctc_processed_lexical_count_mismatch_ctc_lexical_sequence_mismatch_phones_owner_mismatch_warnings': 2, 'filtered_warnings': 2, 'filtered_mid_sp_unexpected_silence_strict_interior_sp_ctc_lexical_sequence_mismatch_phones_owner_mismatch_warnings': 5, 'filtered_mid_sp_unexpected_silence_strict_interior_sp_ctc_lexical_sequence_mismatch_mfa_unknown_source_warnings': 2, 'filtered_english_provenance_rejected_mid_sp_unexpected_silence_strict_interior_sp_ctc_lexical_sequence_mismatch_warnings': 1, 'filtered_mid_sp_unexpected_silence_strict_interior_sp_words_hanzi_bounds_mismatch': 1}. report=/mnt/nvme1/mfa_work_laria_0825/gpu_1/batch_0001_LAria-edf184b39c/workspace/strict_ok_runs/20260825T115549Z_3398937/output/postprocess_report.jsonl
  11 mandatory-integrity failures isolated in filtered/
  CMUdict loaded from /mnt/local_E/MFA_Pause/repo/dict/cmudict.dict: 125088 entries
  CMUdict loaded from /mnt/local_E/MFA_Pause/repo/dict/cmudict.dict: 125088 entries
  _snap_to_ctc: token count mismatch (MFA=36, CTC=37) — NW aligned 36/36 tokens
  CMUdict loaded from /mnt/local_E/MFA_Pause/repo/dict/cmudict.dict: 125088 entries
  CMUdict loaded from /mnt/local_E/MFA_Pause/repo/dict/cmudict.dict: 125088 entries
  CMUdict loaded from /mnt/local_E/MFA_Pause/repo/dict/cmudict.dict: 125088 entries
Config: /mnt/local_E/MFA_Pause/repo/configs/laria_v5_no_reference_strict_8gpu_20260825.yaml
Pipeline mode: nvrasr_fallback
Using Python: /home/user/miniconda3/envs/mfa-dev/bin/python3
  ═══════════════════════════════════════════════════════════
  NVMe audio cache not found.
  Run once to eliminate NAS I/O (~30 min, one-time):
    python scripts/cache_audio_to_nvme.py \
        --source /mnt/nvme4/mfa_work_laria_0825/gpu_3/batch_0003_LAria-edf184b39c/audio
  Or use --auto-cache to create a temp cache for this run.
  Falling back to NAS audio (slower).
  ═══════════════════════════════════════════════════════════
  Strict run output: /mnt/nvme4/mfa_work_laria_0825/gpu_3/batch_0003_LAria-edf184b39c/workspace/strict_ok_runs/20260825T115549Z_3398941/output
  Strict run filtered: /mnt/nvme4/mfa_work_laria_0825/gpu_3/batch_0003_LAria-edf184b39c/workspace/strict_ok_runs/20260825T115549Z_3398941/filtered
  Versioned publish target: /mnt/nvme4/mfa_work_laria_0825/gpu_3/batch_0003_LAria-edf184b39c/output.runs/20260825T115549Z_3398941

############################################################
  Chinese MFA Pipeline  [nvrasr_fallback]
  Input:  /mnt/nvme4/mfa_work_laria_0825/gpu_3/batch_0003_LAria-edf184b39c/audio
  Output: /mnt/nvme4/mfa_work_laria_0825/gpu_3/batch_0003_LAria-edf184b39c/workspace/strict_ok_runs/20260825T115549Z_3398941/output
  Steps:  resample -> adjust -> align -> align_en -> postprocess -> strict_ok
############################################################

  >>> [resample] Resample to 16kHz for MFA
  Frozen pre-CTC stems: 132/132 (limit=0, source=existing_manifest)
  CTC receipt has incomplete audio_bindings; rebuilding axis binding
  Selected 132 WAVs from frozen pre-CTC subset (source namespace may contain extras)
  Resampled to 16000Hz -> /mnt/nvme4/mfa_work_laria_0825/gpu_3/batch_0003_LAria-edf184b39c/workspace/audio_16k  (132 done, 132 resampled)

  >>> [adjust] Adjust CTC boundaries (energy-based)

============================================================
  Step 5: Adjust CTC boundaries (energy-based)
  /home/user/miniconda3/envs/mfa-dev/bin/python3 /mnt/local_E/MFA_Pause/repo/scripts/adjust_ctc_boundaries.py --ctc-dir /mnt/nvme4/mfa_work_laria_0825/gpu_3/batch_0003_LAria-edf184b39c/workspace/ctc_pretg_adj --audio-dir /mnt/nvme4/mfa_work_laria_0825/gpu_3/batch_0003_LAria-edf184b39c/audio --output-dir /mnt/nvme4/mfa_work_laria_0825/gpu_3/batch_0003_LAria-edf184b39c/workspace/ctc_pretg_adj --raw-manifest /mnt/nvme4/mfa_work_laria_0825/gpu_3/batch_0003_LAria-edf184b39c/workspace/ctc_pretg/.ctc_raw_manifest.json --overwrite
============================================================


  >>> [align] MFA align (NVASR corpus + CTC anchors)
  NVASR corpus: /mnt/nvme4/mfa_work_laria_0825/gpu_3/batch_0003_LAria-edf184b39c/workspace/ctc_pretg_adj (.lab files from ASR text)
  CTC anchors:  /mnt/nvme4/mfa_work_laria_0825/gpu_3/batch_0003_LAria-edf184b39c/workspace/ctc_pretg_adj
  Transcript and anchors from SAME source -> 100% word match

============================================================
  Step 6: MFA Align (NVASR corpus + CTC anchors)
============================================================

  MFA partial mode: 130/132 aligned; 2 explicitly skipped
  MFA output set: 130/132 complete

  >>> [align_en] English MFA align (English-only segments)

============================================================
  English MFA Alignment
  /home/user/miniconda3/envs/mfa-dev/bin/python3 /mnt/local_E/MFA_Pause/repo/scripts/align_english_mfa.py --ctc-dir /mnt/nvme4/mfa_work_laria_0825/gpu_3/batch_0003_LAria-edf184b39c/workspace/ctc_pretg_adj --audio-dir /mnt/nvme4/mfa_work_laria_0825/gpu_3/batch_0003_LAria-edf184b39c/workspace/audio_16k --output-dir /mnt/nvme4/mfa_work_laria_0825/gpu_3/batch_0003_LAria-edf184b39c/workspace/en_phones --acoustic-model /mnt/local_E/MFA_Pause/pretrained_models/acoustic/english_us_arpa.zip --dictionary /mnt/local_E/MFA_Pause/repo/dict/cmudict.dict --g2p-model /mnt/local_E/MFA_Pause/pretrained_models/g2p/english_us_arpa.zip --temp-dir /mnt/nvme4/mfa_work_laria_0825/gpu_3/batch_0003_LAria-edf184b39c/workspace/temp_en_mfa --num-jobs 4 --padding-ms 50 --min-segment-dur-ms 150 --max-gap-merge-s 0.35 --beam 10 --retry-beam 40 --singleton-retry-beam 100 --singleton-retry-retry-beam 1000 --singleton-retry-timeout 600 --singleton-retry-limit 16 --timeout 1800 --g2p-timeout 300 --strict-provenance --python /home/user/miniconda3/envs/mfa-dev/bin/python3
============================================================


  >>> [postprocess] Post-processing (includes NVV brackets + sp1 normalization)

============================================================
  Step 7: Post-processing
  /home/user/miniconda3/envs/mfa-dev/bin/python3 /mnt/local_E/MFA_Pause/repo/scripts/postprocess_textgrids.py --txt-dir /mnt/nvme4/mfa_work_laria_0825/gpu_3/batch_0003_LAria-edf184b39c/workspace/ctc_pretg_adj --textgrid-dir /mnt/nvme4/mfa_work_laria_0825/gpu_3/batch_0003_LAria-edf184b39c/workspace/aligned --output-dir /mnt/nvme4/mfa_work_laria_0825/gpu_3/batch_0003_LAria-edf184b39c/workspace/strict_ok_runs/20260825T115549Z_3398941/output --filtered-dir /mnt/nvme4/mfa_work_laria_0825/gpu_3/batch_0003_LAria-edf184b39c/workspace/strict_ok_runs/20260825T115549Z_3398941/filtered --wav-dir /mnt/nvme4/mfa_work_laria_0825/gpu_3/batch_0003_LAria-edf184b39c/workspace/audio_16k --raw-text-dir /mnt/nvme4/mfa_work_laria_0825/gpu_3/batch_0003_LAria-edf184b39c/audio --original-txt-dir /mnt/nvme4/mfa_work_laria_0825/gpu_3/batch_0003_LAria-edf184b39c/audio --reference-mode fallback --pinyin-dict /mnt/local_E/MFA_Pause/repo/dict/fullpinyin_enword.dict --ipa-dict /mnt/local_E/MFA_Pause/repo/dict/mfa_ipa.dict --en-phones-dir /mnt/nvme4/mfa_work_laria_0825/gpu_3/batch_0003_LAria-edf184b39c/workspace/en_phones --tone-ref /mnt/nvme4/mfa_work_laria_0825/gpu_3/batch_0003_LAria-edf184b39c/workspace/strict_ok_runs/20260825T115549Z_3398941/output/tone_mapping.json --merge-max-sil-sec 0.2 --fix-short-word-sec 0.25 --fix-min-silence-sec 0.4 --fix-search-sec 0.5 --bgm-noise-floor-ratio 2.0 --bgm-min-sil-dur 0.3 --bgm-speech-ratio 1.0 --bgm-min-energy 0.01 --bgm-max-threshold 0.05 --no-enable-word-in-silence-filter --filter-word-energy-ratio 0 --filter-short-phone-sec 0.015 --filter-long-word-sec 1.0 --filter-min-word-sec 0.15 --filter-min-word-dur-sec 0.02 --filter-min-phone-coverage 0.35 --filter-edge-gap-sec 0.25 --filter-flank-silence-sec 0.4 --filter-long-consonant-sec 999.0 --filter-long-vowel-sec 999.0 --filter-short-phone-en-sec 0.01 --filter-long-vowel-en-sec 0.5 --filter-long-consonant-en-sec 1.0 --filter-min-en-phone-coverage 0.25 --strict-ok --allow-filtered-integrity-failures --mfa-input-axis-receipt /mnt/nvme4/mfa_work_laria_0825/gpu_3/batch_0003_LAria-edf184b39c/workspace/.mfa_input_axis_receipt.json --mfa-alignment-axis-receipt /mnt/nvme4/mfa_work_laria_0825/gpu_3/batch_0003_LAria-edf184b39c/workspace/.mfa_alignment_axis_receipt.json --mfa-axis-audio-root /mnt/nvme4/mfa_work_laria_0825/gpu_3/batch_0003_LAria-edf184b39c/workspace/audio_16k --tts-authoritative-audio-root /mnt/nvme4/mfa_work_laria_0825/gpu_3/batch_0003_LAria-edf184b39c/audio --overwrite
============================================================

  Partial MFA accounting: 2 stems placed in filtered/ as missing_mfa_alignment
  Postprocess contract: 132 stems, 17 output, 115 filtered

  >>> [strict_ok] Independent strict-ok audit and manifest

============================================================
  Step 8: strict-ok independent audit
  /home/user/miniconda3/envs/mfa-dev/bin/python3 /mnt/local_E/MFA_Pause/repo/scripts/audit_strict_ok.py --output-dir /mnt/nvme4/mfa_work_laria_0825/gpu_3/batch_0003_LAria-edf184b39c/workspace/strict_ok_runs/20260825T115549Z_3398941/output --filtered-dir /mnt/nvme4/mfa_work_laria_0825/gpu_3/batch_0003_LAria-edf184b39c/workspace/strict_ok_runs/20260825T115549Z_3398941/filtered --ctc-dir /mnt/nvme4/mfa_work_laria_0825/gpu_3/batch_0003_LAria-edf184b39c/workspace/ctc_pretg_adj --reference-dir /mnt/nvme4/mfa_work_laria_0825/gpu_3/batch_0003_LAria-edf184b39c/audio --reference-mode fallback --wav-dir /mnt/nvme4/mfa_work_laria_0825/gpu_3/batch_0003_LAria-edf184b39c/workspace/audio_16k --aligned-dir /mnt/nvme4/mfa_work_laria_0825/gpu_3/batch_0003_LAria-edf184b39c/workspace/aligned --en-phones-dir /mnt/nvme4/mfa_work_laria_0825/gpu_3/batch_0003_LAria-edf184b39c/workspace/en_phones --en-aligned-dir /mnt/nvme4/mfa_work_laria_0825/gpu_3/batch_0003_LAria-edf184b39c/workspace/temp_en_mfa/en_aligned --en-manifest /mnt/nvme4/mfa_work_laria_0825/gpu_3/batch_0003_LAria-edf184b39c/workspace/en_phones/en_alignment_manifest.json --report /mnt/nvme4/mfa_work_laria_0825/gpu_3/batch_0003_LAria-edf184b39c/workspace/strict_ok_runs/20260825T115549Z_3398941/output/postprocess_report.jsonl --manifest /mnt/nvme4/mfa_work_laria_0825/gpu_3/batch_0003_LAria-edf184b39c/workspace/strict_ok_runs/20260825T115549Z_3398941/output/strict_ok_manifest.json --pipeline-receipt /mnt/nvme4/mfa_work_laria_0825/gpu_3/batch_0003_LAria-edf184b39c/workspace/strict_ok_runs/20260825T115549Z_3398941/output/.pipeline_run_receipt_v2.json --mfa-input-axis-receipt /mnt/nvme4/mfa_work_laria_0825/gpu_3/batch_0003_LAria-edf184b39c/workspace/.mfa_input_axis_receipt.json --mfa-alignment-axis-receipt /mnt/nvme4/mfa_work_laria_0825/gpu_3/batch_0003_LAria-edf184b39c/workspace/.mfa_alignment_axis_receipt.json --mfa-axis-audio-root /mnt/nvme4/mfa_work_laria_0825/gpu_3/batch_0003_LAria-edf184b39c/workspace/audio_16k --tts-authoritative-audio-root /mnt/nvme4/mfa_work_laria_0825/gpu_3/batch_0003_LAria-edf184b39c/audio
============================================================
  CMUdict loaded from /mnt/local_E/MFA_Pause/repo/dict/cmudict.dict: 125088 entries
  CMUdict loaded from /mnt/local_E/MFA_Pause/repo/dict/cmudict.dict: 125088 entries
  CMUdict loaded from /mnt/local_E/MFA_Pause/repo/dict/cmudict.dict: 125088 entries
  CMUdict loaded from /mnt/local_E/MFA_Pause/repo/dict/cmudict.dict: 125088 entries
  CMUdict loaded from /mnt/local_E/MFA_Pause/repo/dict/cmudict.dict: 125088 entries
  CMUdict loaded from /mnt/local_E/MFA_Pause/repo/dict/cmudict.dict: 125088 entries
  CMUdict loaded from /mnt/local_E/MFA_Pause/repo/dict/cmudict.dict: 125088 entries
  CMUdict loaded from /mnt/local_E/MFA_Pause/repo/dict/cmudict.dict: 125088 entries
  CMUdict loaded from /mnt/local_E/MFA_Pause/repo/dict/cmudict.dict: 125088 entries
  CMUdict loaded from /mnt/local_E/MFA_Pause/repo/dict/cmudict.dict: 125088 entries
  CMUdict loaded from /mnt/local_E/MFA_Pause/repo/dict/cmudict.dict: 125088 entries
  CMUdict loaded from /mnt/local_E/MFA_Pause/repo/dict/cmudict.dict: 125088 entries
  CMUdict loaded from /mnt/local_E/MFA_Pause/repo/dict/cmudict.dict: 125088 entries
  CMUdict loaded from /mnt/local_E/MFA_Pause/repo/dict/cmudict.dict: 125088 entries
  CMUdict loaded from /mnt/local_E/MFA_Pause/repo/dict/cmudict.dict: 125088 entries
  CMUdict loaded from /mnt/local_E/MFA_Pause/repo/dict/cmudict.dict: 125088 entries
  CMUdict loaded from /mnt/local_E/MFA_Pause/repo/dict/cmudict.dict: 125088 entries
Config: /mnt/local_E/MFA_Pause/repo/configs/laria_v5_no_reference_strict_8gpu_20260825.yaml
Pipeline mode: nvrasr_fallback
Using Python: /home/user/miniconda3/envs/mfa-dev/bin/python3
  ═══════════════════════════════════════════════════════════
  NVMe audio cache not found.
  Run once to eliminate NAS I/O (~30 min, one-time):
    python scripts/cache_audio_to_nvme.py \
        --source /mnt/nvme0/mfa_work_laria_0825/gpu_4/batch_0004_LAria-edf184b39c/audio
  Or use --auto-cache to create a temp cache for this run.
  Falling back to NAS audio (slower).
  ═══════════════════════════════════════════════════════════
  Strict run output: /mnt/nvme0/mfa_work_laria_0825/gpu_4/batch_0004_LAria-edf184b39c/workspace/strict_ok_runs/20260825T115549Z_3398942/output
  Strict run filtered: /mnt/nvme0/mfa_work_laria_0825/gpu_4/batch_0004_LAria-edf184b39c/workspace/strict_ok_runs/20260825T115549Z_3398942/filtered
  Versioned publish target: /mnt/nvme0/mfa_work_laria_0825/gpu_4/batch_0004_LAria-edf184b39c/output.runs/20260825T115549Z_3398942

############################################################
  Chinese MFA Pipeline  [nvrasr_fallback]
  Input:  /mnt/nvme0/mfa_work_laria_0825/gpu_4/batch_0004_LAria-edf184b39c/audio
  Output: /mnt/nvme0/mfa_work_laria_0825/gpu_4/batch_0004_LAria-edf184b39c/workspace/strict_ok_runs/20260825T115549Z_3398942/output
  Steps:  resample -> adjust -> align -> align_en -> postprocess -> strict_ok
############################################################

  >>> [resample] Resample to 16kHz for MFA
  Frozen pre-CTC stems: 132/132 (limit=0, source=existing_manifest)
  CTC receipt has incomplete audio_bindings; rebuilding axis binding
  Selected 132 WAVs from frozen pre-CTC subset (source namespace may contain extras)
  Resampled to 16000Hz -> /mnt/nvme0/mfa_work_laria_0825/gpu_4/batch_0004_LAria-edf184b39c/workspace/audio_16k  (132 done, 132 resampled)

  >>> [adjust] Adjust CTC boundaries (energy-based)

============================================================
  Step 5: Adjust CTC boundaries (energy-based)
  /home/user/miniconda3/envs/mfa-dev/bin/python3 /mnt/local_E/MFA_Pause/repo/scripts/adjust_ctc_boundaries.py --ctc-dir /mnt/nvme0/mfa_work_laria_0825/gpu_4/batch_0004_LAria-edf184b39c/workspace/ctc_pretg_adj --audio-dir /mnt/nvme0/mfa_work_laria_0825/gpu_4/batch_0004_LAria-edf184b39c/audio --output-dir /mnt/nvme0/mfa_work_laria_0825/gpu_4/batch_0004_LAria-edf184b39c/workspace/ctc_pretg_adj --raw-manifest /mnt/nvme0/mfa_work_laria_0825/gpu_4/batch_0004_LAria-edf184b39c/workspace/ctc_pretg/.ctc_raw_manifest.json --overwrite
============================================================


  >>> [align] MFA align (NVASR corpus + CTC anchors)
  NVASR corpus: /mnt/nvme0/mfa_work_laria_0825/gpu_4/batch_0004_LAria-edf184b39c/workspace/ctc_pretg_adj (.lab files from ASR text)
  CTC anchors:  /mnt/nvme0/mfa_work_laria_0825/gpu_4/batch_0004_LAria-edf184b39c/workspace/ctc_pretg_adj
  Transcript and anchors from SAME source -> 100% word match

============================================================
  Step 6: MFA Align (NVASR corpus + CTC anchors)
============================================================

  MFA output set: 132/132 complete

  >>> [align_en] English MFA align (English-only segments)

============================================================
  English MFA Alignment
  /home/user/miniconda3/envs/mfa-dev/bin/python3 /mnt/local_E/MFA_Pause/repo/scripts/align_english_mfa.py --ctc-dir /mnt/nvme0/mfa_work_laria_0825/gpu_4/batch_0004_LAria-edf184b39c/workspace/ctc_pretg_adj --audio-dir /mnt/nvme0/mfa_work_laria_0825/gpu_4/batch_0004_LAria-edf184b39c/workspace/audio_16k --output-dir /mnt/nvme0/mfa_work_laria_0825/gpu_4/batch_0004_LAria-edf184b39c/workspace/en_phones --acoustic-model /mnt/local_E/MFA_Pause/pretrained_models/acoustic/english_us_arpa.zip --dictionary /mnt/local_E/MFA_Pause/repo/dict/cmudict.dict --g2p-model /mnt/local_E/MFA_Pause/pretrained_models/g2p/english_us_arpa.zip --temp-dir /mnt/nvme0/mfa_work_laria_0825/gpu_4/batch_0004_LAria-edf184b39c/workspace/temp_en_mfa --num-jobs 4 --padding-ms 50 --min-segment-dur-ms 150 --max-gap-merge-s 0.35 --beam 10 --retry-beam 40 --singleton-retry-beam 100 --singleton-retry-retry-beam 1000 --singleton-retry-timeout 600 --singleton-retry-limit 16 --timeout 1800 --g2p-timeout 300 --strict-provenance --python /home/user/miniconda3/envs/mfa-dev/bin/python3
============================================================


  >>> [postprocess] Post-processing (includes NVV brackets + sp1 normalization)

============================================================
  Step 7: Post-processing
  /home/user/miniconda3/envs/mfa-dev/bin/python3 /mnt/local_E/MFA_Pause/repo/scripts/postprocess_textgrids.py --txt-dir /mnt/nvme0/mfa_work_laria_0825/gpu_4/batch_0004_LAria-edf184b39c/workspace/ctc_pretg_adj --textgrid-dir /mnt/nvme0/mfa_work_laria_0825/gpu_4/batch_0004_LAria-edf184b39c/workspace/aligned --output-dir /mnt/nvme0/mfa_work_laria_0825/gpu_4/batch_0004_LAria-edf184b39c/workspace/strict_ok_runs/20260825T115549Z_3398942/output --filtered-dir /mnt/nvme0/mfa_work_laria_0825/gpu_4/batch_0004_LAria-edf184b39c/workspace/strict_ok_runs/20260825T115549Z_3398942/filtered --wav-dir /mnt/nvme0/mfa_work_laria_0825/gpu_4/batch_0004_LAria-edf184b39c/workspace/audio_16k --raw-text-dir /mnt/nvme0/mfa_work_laria_0825/gpu_4/batch_0004_LAria-edf184b39c/audio --original-txt-dir /mnt/nvme0/mfa_work_laria_0825/gpu_4/batch_0004_LAria-edf184b39c/audio --reference-mode fallback --pinyin-dict /mnt/local_E/MFA_Pause/repo/dict/fullpinyin_enword.dict --ipa-dict /mnt/local_E/MFA_Pause/repo/dict/mfa_ipa.dict --en-phones-dir /mnt/nvme0/mfa_work_laria_0825/gpu_4/batch_0004_LAria-edf184b39c/workspace/en_phones --tone-ref /mnt/nvme0/mfa_work_laria_0825/gpu_4/batch_0004_LAria-edf184b39c/workspace/strict_ok_runs/20260825T115549Z_3398942/output/tone_mapping.json --merge-max-sil-sec 0.2 --fix-short-word-sec 0.25 --fix-min-silence-sec 0.4 --fix-search-sec 0.5 --bgm-noise-floor-ratio 2.0 --bgm-min-sil-dur 0.3 --bgm-speech-ratio 1.0 --bgm-min-energy 0.01 --bgm-max-threshold 0.05 --no-enable-word-in-silence-filter --filter-word-energy-ratio 0 --filter-short-phone-sec 0.015 --filter-long-word-sec 1.0 --filter-min-word-sec 0.15 --filter-min-word-dur-sec 0.02 --filter-min-phone-coverage 0.35 --filter-edge-gap-sec 0.25 --filter-flank-silence-sec 0.4 --filter-long-consonant-sec 999.0 --filter-long-vowel-sec 999.0 --filter-short-phone-en-sec 0.01 --filter-long-vowel-en-sec 0.5 --filter-long-consonant-en-sec 1.0 --filter-min-en-phone-coverage 0.25 --strict-ok --allow-filtered-integrity-failures --mfa-input-axis-receipt /mnt/nvme0/mfa_work_laria_0825/gpu_4/batch_0004_LAria-edf184b39c/workspace/.mfa_input_axis_receipt.json --mfa-alignment-axis-receipt /mnt/nvme0/mfa_work_laria_0825/gpu_4/batch_0004_LAria-edf184b39c/workspace/.mfa_alignment_axis_receipt.json --mfa-axis-audio-root /mnt/nvme0/mfa_work_laria_0825/gpu_4/batch_0004_LAria-edf184b39c/workspace/audio_16k --tts-authoritative-audio-root /mnt/nvme0/mfa_work_laria_0825/gpu_4/batch_0004_LAria-edf184b39c/audio --overwrite
============================================================

  Postprocess contract: 132 stems, 14 output, 118 filtered

  >>> [strict_ok] Independent strict-ok audit and manifest

============================================================
  Step 8: strict-ok independent audit
  /home/user/miniconda3/envs/mfa-dev/bin/python3 /mnt/local_E/MFA_Pause/repo/scripts/audit_strict_ok.py --output-dir /mnt/nvme0/mfa_work_laria_0825/gpu_4/batch_0004_LAria-edf184b39c/workspace/strict_ok_runs/20260825T115549Z_3398942/output --filtered-dir /mnt/nvme0/mfa_work_laria_0825/gpu_4/batch_0004_LAria-edf184b39c/workspace/strict_ok_runs/20260825T115549Z_3398942/filtered --ctc-dir /mnt/nvme0/mfa_work_laria_0825/gpu_4/batch_0004_LAria-edf184b39c/workspace/ctc_pretg_adj --reference-dir /mnt/nvme0/mfa_work_laria_0825/gpu_4/batch_0004_LAria-edf184b39c/audio --reference-mode fallback --wav-dir /mnt/nvme0/mfa_work_laria_0825/gpu_4/batch_0004_LAria-edf184b39c/workspace/audio_16k --aligned-dir /mnt/nvme0/mfa_work_laria_0825/gpu_4/batch_0004_LAria-edf184b39c/workspace/aligned --en-phones-dir /mnt/nvme0/mfa_work_laria_0825/gpu_4/batch_0004_LAria-edf184b39c/workspace/en_phones --en-aligned-dir /mnt/nvme0/mfa_work_laria_0825/gpu_4/batch_0004_LAria-edf184b39c/workspace/temp_en_mfa/en_aligned --en-manifest /mnt/nvme0/mfa_work_laria_0825/gpu_4/batch_0004_LAria-edf184b39c/workspace/en_phones/en_alignment_manifest.json --report /mnt/nvme0/mfa_work_laria_0825/gpu_4/batch_0004_LAria-edf184b39c/workspace/strict_ok_runs/20260825T115549Z_3398942/output/postprocess_report.jsonl --manifest /mnt/nvme0/mfa_work_laria_0825/gpu_4/batch_0004_LAria-edf184b39c/workspace/strict_ok_runs/20260825T115549Z_3398942/output/strict_ok_manifest.json --pipeline-receipt /mnt/nvme0/mfa_work_laria_0825/gpu_4/batch_0004_LAria-edf184b39c/workspace/strict_ok_runs/20260825T115549Z_3398942/output/.pipeline_run_receipt_v2.json --mfa-input-axis-receipt /mnt/nvme0/mfa_work_laria_0825/gpu_4/batch_0004_LAria-edf184b39c/workspace/.mfa_input_axis_receipt.json --mfa-alignment-axis-receipt /mnt/nvme0/mfa_work_laria_0825/gpu_4/batch_0004_LAria-edf184b39c/workspace/.mfa_alignment_axis_receipt.json --mfa-axis-audio-root /mnt/nvme0/mfa_work_laria_0825/gpu_4/batch_0004_LAria-edf184b39c/workspace/audio_16k --tts-authoritative-audio-root /mnt/nvme0/mfa_work_laria_0825/gpu_4/batch_0004_LAria-edf184b39c/audio
============================================================
  CMUdict loaded from /mnt/local_E/MFA_Pause/repo/dict/cmudict.dict: 125088 entries
  CMUdict loaded from /mnt/local_E/MFA_Pause/repo/dict/cmudict.dict: 125088 entries
  CMUdict loaded from /mnt/local_E/MFA_Pause/repo/dict/cmudict.dict: 125088 entries
  CMUdict loaded from /mnt/local_E/MFA_Pause/repo/dict/cmudict.dict: 125088 entries
  CMUdict loaded from /mnt/local_E/MFA_Pause/repo/dict/cmudict.dict: 125088 entries
  CMUdict loaded from /mnt/local_E/MFA_Pause/repo/dict/cmudict.dict: 125088 entries
  CMUdict loaded from /mnt/local_E/MFA_Pause/repo/dict/cmudict.dict: 125088 entries
  CMUdict loaded from /mnt/local_E/MFA_Pause/repo/dict/cmudict.dict: 125088 entries
  CMUdict loaded from /mnt/local_E/MFA_Pause/repo/dict/cmudict.dict: 125088 entries
  CMUdict loaded from /mnt/local_E/MFA_Pause/repo/dict/cmudict.dict: 125088 entries
  CMUdict loaded from /mnt/local_E/MFA_Pause/repo/dict/cmudict.dict: 125088 entries
  CMUdict loaded from /mnt/local_E/MFA_Pause/repo/dict/cmudict.dict: 125088 entries
  CMUdict loaded from /mnt/local_E/MFA_Pause/repo/dict/cmudict.dict: 125088 entries
  CMUdict loaded from /mnt/local_E/MFA_Pause/repo/dict/cmudict.dict: 125088 entries
  CMUdict loaded from /mnt/local_E/MFA_Pause/repo/dict/cmudict.dict: 125088 entries
Config: /mnt/local_E/MFA_Pause/repo/configs/laria_v5_no_reference_strict_8gpu_20260825.yaml
Pipeline mode: nvrasr_fallback
Using Python: /home/user/miniconda3/envs/mfa-dev/bin/python3
  ═══════════════════════════════════════════════════════════
  NVMe audio cache not found.
  Run once to eliminate NAS I/O (~30 min, one-time):
    python scripts/cache_audio_to_nvme.py \
        --source /mnt/nvme1/mfa_work_laria_0825/gpu_5/batch_0005_LAria-edf184b39c/audio
  Or use --auto-cache to create a temp cache for this run.
  Falling back to NAS audio (slower).
  ═══════════════════════════════════════════════════════════
  Strict run output: /mnt/nvme1/mfa_work_laria_0825/gpu_5/batch_0005_LAria-edf184b39c/workspace/strict_ok_runs/20260825T115549Z_3398944/output
  Strict run filtered: /mnt/nvme1/mfa_work_laria_0825/gpu_5/batch_0005_LAria-edf184b39c/workspace/strict_ok_runs/20260825T115549Z_3398944/filtered
  Versioned publish target: /mnt/nvme1/mfa_work_laria_0825/gpu_5/batch_0005_LAria-edf184b39c/output.runs/20260825T115549Z_3398944

############################################################
  Chinese MFA Pipeline  [nvrasr_fallback]
  Input:  /mnt/nvme1/mfa_work_laria_0825/gpu_5/batch_0005_LAria-edf184b39c/audio
  Output: /mnt/nvme1/mfa_work_laria_0825/gpu_5/batch_0005_LAria-edf184b39c/workspace/strict_ok_runs/20260825T115549Z_3398944/output
  Steps:  resample -> adjust -> align -> align_en -> postprocess -> strict_ok
############################################################

  >>> [resample] Resample to 16kHz for MFA
  Frozen pre-CTC stems: 132/132 (limit=0, source=existing_manifest)
  CTC receipt has incomplete audio_bindings; rebuilding axis binding
  Selected 132 WAVs from frozen pre-CTC subset (source namespace may contain extras)
  Resampled to 16000Hz -> /mnt/nvme1/mfa_work_laria_0825/gpu_5/batch_0005_LAria-edf184b39c/workspace/audio_16k  (132 done, 132 resampled)

  >>> [adjust] Adjust CTC boundaries (energy-based)

============================================================
  Step 5: Adjust CTC boundaries (energy-based)
  /home/user/miniconda3/envs/mfa-dev/bin/python3 /mnt/local_E/MFA_Pause/repo/scripts/adjust_ctc_boundaries.py --ctc-dir /mnt/nvme1/mfa_work_laria_0825/gpu_5/batch_0005_LAria-edf184b39c/workspace/ctc_pretg_adj --audio-dir /mnt/nvme1/mfa_work_laria_0825/gpu_5/batch_0005_LAria-edf184b39c/audio --output-dir /mnt/nvme1/mfa_work_laria_0825/gpu_5/batch_0005_LAria-edf184b39c/workspace/ctc_pretg_adj --raw-manifest /mnt/nvme1/mfa_work_laria_0825/gpu_5/batch_0005_LAria-edf184b39c/workspace/ctc_pretg/.ctc_raw_manifest.json --overwrite
============================================================


  >>> [align] MFA align (NVASR corpus + CTC anchors)
  NVASR corpus: /mnt/nvme1/mfa_work_laria_0825/gpu_5/batch_0005_LAria-edf184b39c/workspace/ctc_pretg_adj (.lab files from ASR text)
  CTC anchors:  /mnt/nvme1/mfa_work_laria_0825/gpu_5/batch_0005_LAria-edf184b39c/workspace/ctc_pretg_adj
  Transcript and anchors from SAME source -> 100% word match

============================================================
  Step 6: MFA Align (NVASR corpus + CTC anchors)
============================================================

  MFA output set: 132/132 complete

  >>> [align_en] English MFA align (English-only segments)

============================================================
  English MFA Alignment
  /home/user/miniconda3/envs/mfa-dev/bin/python3 /mnt/local_E/MFA_Pause/repo/scripts/align_english_mfa.py --ctc-dir /mnt/nvme1/mfa_work_laria_0825/gpu_5/batch_0005_LAria-edf184b39c/workspace/ctc_pretg_adj --audio-dir /mnt/nvme1/mfa_work_laria_0825/gpu_5/batch_0005_LAria-edf184b39c/workspace/audio_16k --output-dir /mnt/nvme1/mfa_work_laria_0825/gpu_5/batch_0005_LAria-edf184b39c/workspace/en_phones --acoustic-model /mnt/local_E/MFA_Pause/pretrained_models/acoustic/english_us_arpa.zip --dictionary /mnt/local_E/MFA_Pause/repo/dict/cmudict.dict --g2p-model /mnt/local_E/MFA_Pause/pretrained_models/g2p/english_us_arpa.zip --temp-dir /mnt/nvme1/mfa_work_laria_0825/gpu_5/batch_0005_LAria-edf184b39c/workspace/temp_en_mfa --num-jobs 4 --padding-ms 50 --min-segment-dur-ms 150 --max-gap-merge-s 0.35 --beam 10 --retry-beam 40 --singleton-retry-beam 100 --singleton-retry-retry-beam 1000 --singleton-retry-timeout 600 --singleton-retry-limit 16 --timeout 1800 --g2p-timeout 300 --strict-provenance --python /home/user/miniconda3/envs/mfa-dev/bin/python3
============================================================


  >>> [postprocess] Post-processing (includes NVV brackets + sp1 normalization)

============================================================
  Step 7: Post-processing
  /home/user/miniconda3/envs/mfa-dev/bin/python3 /mnt/local_E/MFA_Pause/repo/scripts/postprocess_textgrids.py --txt-dir /mnt/nvme1/mfa_work_laria_0825/gpu_5/batch_0005_LAria-edf184b39c/workspace/ctc_pretg_adj --textgrid-dir /mnt/nvme1/mfa_work_laria_0825/gpu_5/batch_0005_LAria-edf184b39c/workspace/aligned --output-dir /mnt/nvme1/mfa_work_laria_0825/gpu_5/batch_0005_LAria-edf184b39c/workspace/strict_ok_runs/20260825T115549Z_3398944/output --filtered-dir /mnt/nvme1/mfa_work_laria_0825/gpu_5/batch_0005_LAria-edf184b39c/workspace/strict_ok_runs/20260825T115549Z_3398944/filtered --wav-dir /mnt/nvme1/mfa_work_laria_0825/gpu_5/batch_0005_LAria-edf184b39c/workspace/audio_16k --raw-text-dir /mnt/nvme1/mfa_work_laria_0825/gpu_5/batch_0005_LAria-edf184b39c/audio --original-txt-dir /mnt/nvme1/mfa_work_laria_0825/gpu_5/batch_0005_LAria-edf184b39c/audio --reference-mode fallback --pinyin-dict /mnt/local_E/MFA_Pause/repo/dict/fullpinyin_enword.dict --ipa-dict /mnt/local_E/MFA_Pause/repo/dict/mfa_ipa.dict --en-phones-dir /mnt/nvme1/mfa_work_laria_0825/gpu_5/batch_0005_LAria-edf184b39c/workspace/en_phones --tone-ref /mnt/nvme1/mfa_work_laria_0825/gpu_5/batch_0005_LAria-edf184b39c/workspace/strict_ok_runs/20260825T115549Z_3398944/output/tone_mapping.json --merge-max-sil-sec 0.2 --fix-short-word-sec 0.25 --fix-min-silence-sec 0.4 --fix-search-sec 0.5 --bgm-noise-floor-ratio 2.0 --bgm-min-sil-dur 0.3 --bgm-speech-ratio 1.0 --bgm-min-energy 0.01 --bgm-max-threshold 0.05 --no-enable-word-in-silence-filter --filter-word-energy-ratio 0 --filter-short-phone-sec 0.015 --filter-long-word-sec 1.0 --filter-min-word-sec 0.15 --filter-min-word-dur-sec 0.02 --filter-min-phone-coverage 0.35 --filter-edge-gap-sec 0.25 --filter-flank-silence-sec 0.4 --filter-long-consonant-sec 999.0 --filter-long-vowel-sec 999.0 --filter-short-phone-en-sec 0.01 --filter-long-vowel-en-sec 0.5 --filter-long-consonant-en-sec 1.0 --filter-min-en-phone-coverage 0.25 --strict-ok --allow-filtered-integrity-failures --mfa-input-axis-receipt /mnt/nvme1/mfa_work_laria_0825/gpu_5/batch_0005_LAria-edf184b39c/workspace/.mfa_input_axis_receipt.json --mfa-alignment-axis-receipt /mnt/nvme1/mfa_work_laria_0825/gpu_5/batch_0005_LAria-edf184b39c/workspace/.mfa_alignment_axis_receipt.json --mfa-axis-audio-root /mnt/nvme1/mfa_work_laria_0825/gpu_5/batch_0005_LAria-edf184b39c/workspace/audio_16k --tts-authoritative-audio-root /mnt/nvme1/mfa_work_laria_0825/gpu_5/batch_0005_LAria-edf184b39c/audio --overwrite
============================================================

  Postprocess contract: 132 stems, 21 output, 111 filtered

  >>> [strict_ok] Independent strict-ok audit and manifest

============================================================
  Step 8: strict-ok independent audit
  /home/user/miniconda3/envs/mfa-dev/bin/python3 /mnt/local_E/MFA_Pause/repo/scripts/audit_strict_ok.py --output-dir /mnt/nvme1/mfa_work_laria_0825/gpu_5/batch_0005_LAria-edf184b39c/workspace/strict_ok_runs/20260825T115549Z_3398944/output --filtered-dir /mnt/nvme1/mfa_work_laria_0825/gpu_5/batch_0005_LAria-edf184b39c/workspace/strict_ok_runs/20260825T115549Z_3398944/filtered --ctc-dir /mnt/nvme1/mfa_work_laria_0825/gpu_5/batch_0005_LAria-edf184b39c/workspace/ctc_pretg_adj --reference-dir /mnt/nvme1/mfa_work_laria_0825/gpu_5/batch_0005_LAria-edf184b39c/audio --reference-mode fallback --wav-dir /mnt/nvme1/mfa_work_laria_0825/gpu_5/batch_0005_LAria-edf184b39c/workspace/audio_16k --aligned-dir /mnt/nvme1/mfa_work_laria_0825/gpu_5/batch_0005_LAria-edf184b39c/workspace/aligned --en-phones-dir /mnt/nvme1/mfa_work_laria_0825/gpu_5/batch_0005_LAria-edf184b39c/workspace/en_phones --en-aligned-dir /mnt/nvme1/mfa_work_laria_0825/gpu_5/batch_0005_LAria-edf184b39c/workspace/temp_en_mfa/en_aligned --en-manifest /mnt/nvme1/mfa_work_laria_0825/gpu_5/batch_0005_LAria-edf184b39c/workspace/en_phones/en_alignment_manifest.json --report /mnt/nvme1/mfa_work_laria_0825/gpu_5/batch_0005_LAria-edf184b39c/workspace/strict_ok_runs/20260825T115549Z_3398944/output/postprocess_report.jsonl --manifest /mnt/nvme1/mfa_work_laria_0825/gpu_5/batch_0005_LAria-edf184b39c/workspace/strict_ok_runs/20260825T115549Z_3398944/output/strict_ok_manifest.json --pipeline-receipt /mnt/nvme1/mfa_work_laria_0825/gpu_5/batch_0005_LAria-edf184b39c/workspace/strict_ok_runs/20260825T115549Z_3398944/output/.pipeline_run_receipt_v2.json --mfa-input-axis-receipt /mnt/nvme1/mfa_work_laria_0825/gpu_5/batch_0005_LAria-edf184b39c/workspace/.mfa_input_axis_receipt.json --mfa-alignment-axis-receipt /mnt/nvme1/mfa_work_laria_0825/gpu_5/batch_0005_LAria-edf184b39c/workspace/.mfa_alignment_axis_receipt.json --mfa-axis-audio-root /mnt/nvme1/mfa_work_laria_0825/gpu_5/batch_0005_LAria-edf184b39c/workspace/audio_16k --tts-authoritative-audio-root /mnt/nvme1/mfa_work_laria_0825/gpu_5/batch_0005_LAria-edf184b39c/audio
============================================================
Done. {'filtered_mid_sp_unexpected_silence_strict_interior_sp': 73, 'ok': 17, 'filtered_mid_sp_unexpected_silence_strict_interior_sp_warnings': 10, 'filtered_warnings': 4, 'filtered_ctc_lexical_sequence_mismatch_mfa_unknown_source': 1, 'filtered_sp3_mid_sp_unexpected_silence_strict_interior_sp': 2, 'filtered_mid_sp_unexpected_silence_strict_interior_sp_ctc_lexical_sequence_mismatch_mfa_unknown_source': 7, 'filtered_english_provenance_rejected_mid_sp_unexpected_silence_strict_interior_sp_ctc_lexical_sequence_mismatch_warnings': 3, 'filtered_english_provenance_rejected_ctc_lexical_sequence_mismatch_warnings': 2, 'filtered_ctc_lexical_sequence_mismatch_phones_owner_mismatch_warnings': 3, 'filtered_sp3_mid_sp_unexpected_silence_strict_interior_sp_ctc_lexical_sequence_mismatch_phones_owner_mismatch_warnings': 1, 'filtered_mid_sp_unexpected_silence_strict_interior_sp_ctc_lexical_sequence_mismatch_phones_owner_mismatch_warnings': 3, 'filtered_mid_sp_unexpected_silence_strict_interior_sp_words_hanzi_bounds_mismatch': 2, 'filtered_mid_sp_unexpected_silence_strict_interior_sp_ctc_lexical_sequence_mismatch_mfa_unknown_source_warnings': 2, 'filtered_mid_sp_unexpected_silence_strict_interior_sp_ctc_lexical_sequence_mismatch_phones_owner_mismatch_mfa_unknown_source_warnings': 1, 'filtered_mid_sp_bgm_suspect_unexpected_silence_strict_interior_sp_ctc_processed_lexical_count_mismatch_ctc_lexical_sequence_mismatch_phones_owner_mismatch_warnings': 1}. report=/mnt/nvme3/mfa_work_laria_0825/gpu_2/batch_0002_LAria-edf184b39c/workspace/strict_ok_runs/20260825T115549Z_3398939/output/postprocess_report.jsonl
  11 mandatory-integrity failures isolated in filtered/
  CMUdict loaded from /mnt/local_E/MFA_Pause/repo/dict/cmudict.dict: 125088 entries
  _snap_to_ctc: token count mismatch (MFA=52, CTC=53) — NW aligned 52/52 tokens
  CMUdict loaded from /mnt/local_E/MFA_Pause/repo/dict/cmudict.dict: 125088 entries
Done. {'filtered_mid_sp_unexpected_silence_strict_interior_sp': 71, 'ok': 22, 'filtered_mid_sp_strict_interior_sp': 1, 'filtered_warnings': 5, 'filtered_english_provenance_rejected_mid_sp_unexpected_silence_strict_interior_sp_ctc_lexical_sequence_mismatch_warnings': 2, 'filtered_mid_sp_unexpected_silence_strict_interior_sp_ctc_lexical_sequence_mismatch_phones_owner_mismatch_mfa_unknown_source_warnings': 2, 'filtered_mid_sp_unexpected_silence_strict_interior_sp_warnings': 12, 'filtered_mid_sp_unexpected_silence_strict_interior_sp_ctc_lexical_sequence_mismatch_mfa_unknown_source': 9, 'filtered_mid_sp_bgm_suspect_unexpected_silence_strict_interior_sp': 2, 'filtered_mid_sp_unexpected_silence_strict_interior_sp_ctc_lexical_sequence_mismatch_mfa_unknown_source_warnings': 2, 'filtered_mid_sp_unexpected_silence_strict_interior_sp_ctc_lexical_sequence_mismatch_phones_owner_mismatch_warnings': 1, 'filtered_ctc_lexical_sequence_mismatch_phones_owner_mismatch_warnings': 1, 'filtered_ctc_lexical_sequence_mismatch_mfa_unknown_source': 1}. report=/mnt/nvme0/mfa_work_laria_0825/gpu_0/batch_0000_LAria-edf184b39c/workspace/strict_ok_runs/20260825T115549Z_3398935/output/postprocess_report.jsonl
  14 mandatory-integrity failures isolated in filtered/
  _snap_to_ctc: token count mismatch (MFA=25, CTC=26) — NW aligned 25/25 tokens
  _snap_to_ctc: token count mismatch (MFA=34, CTC=36) — NW aligned 34/34 tokens
  CMUdict loaded from /mnt/local_E/MFA_Pause/repo/dict/cmudict.dict: 125088 entries
  CMUdict loaded from /mnt/local_E/MFA_Pause/repo/dict/cmudict.dict: 125088 entries
  CMUdict loaded from /mnt/local_E/MFA_Pause/repo/dict/cmudict.dict: 125088 entries
  CMUdict loaded from /mnt/local_E/MFA_Pause/repo/dict/cmudict.dict: 125088 entries
  CMUdict loaded from /mnt/local_E/MFA_Pause/repo/dict/cmudict.dict: 125088 entries
  CMUdict loaded from /mnt/local_E/MFA_Pause/repo/dict/cmudict.dict: 125088 entries
  CMUdict loaded from /mnt/local_E/MFA_Pause/repo/dict/cmudict.dict: 125088 entries
  CMUdict loaded from /mnt/local_E/MFA_Pause/repo/dict/cmudict.dict: 125088 entries
  CMUdict loaded from /mnt/local_E/MFA_Pause/repo/dict/cmudict.dict: 125088 entries
  CMUdict loaded from /mnt/local_E/MFA_Pause/repo/dict/cmudict.dict: 125088 entries
  CMUdict loaded from /mnt/local_E/MFA_Pause/repo/dict/cmudict.dict: 125088 entries
  CMUdict loaded from /mnt/local_E/MFA_Pause/repo/dict/cmudict.dict: 125088 entries
  CMUdict loaded from /mnt/local_E/MFA_Pause/repo/dict/cmudict.dict: 125088 entries
  CMUdict loaded from /mnt/local_E/MFA_Pause/repo/dict/cmudict.dict: 125088 entries
  CMUdict loaded from /mnt/local_E/MFA_Pause/repo/dict/cmudict.dict: 125088 entries
  CMUdict loaded from /mnt/local_E/MFA_Pause/repo/dict/cmudict.dict: 125088 entries
  CMUdict loaded from /mnt/local_E/MFA_Pause/repo/dict/cmudict.dict: 125088 entries
  CMUdict loaded from /mnt/local_E/MFA_Pause/repo/dict/cmudict.dict: 125088 entries
  CMUdict loaded from /mnt/local_E/MFA_Pause/repo/dict/cmudict.dict: 125088 entries
Config: /mnt/local_E/MFA_Pause/repo/configs/laria_v5_no_reference_strict_8gpu_20260825.yaml
Pipeline mode: nvrasr_fallback
Using Python: /home/user/miniconda3/envs/mfa-dev/bin/python3
  ═══════════════════════════════════════════════════════════
  NVMe audio cache not found.
  Run once to eliminate NAS I/O (~30 min, one-time):
    python scripts/cache_audio_to_nvme.py \
        --source /mnt/nvme1/mfa_work_laria_0825/gpu_1/batch_0001_LAria-edf184b39c/audio
  Or use --auto-cache to create a temp cache for this run.
  Falling back to NAS audio (slower).
  ═══════════════════════════════════════════════════════════
  Strict run output: /mnt/nvme1/mfa_work_laria_0825/gpu_1/batch_0001_LAria-edf184b39c/workspace/strict_ok_runs/20260825T115549Z_3398937/output
  Strict run filtered: /mnt/nvme1/mfa_work_laria_0825/gpu_1/batch_0001_LAria-edf184b39c/workspace/strict_ok_runs/20260825T115549Z_3398937/filtered
  Versioned publish target: /mnt/nvme1/mfa_work_laria_0825/gpu_1/batch_0001_LAria-edf184b39c/output.runs/20260825T115549Z_3398937

############################################################
  Chinese MFA Pipeline  [nvrasr_fallback]
  Input:  /mnt/nvme1/mfa_work_laria_0825/gpu_1/batch_0001_LAria-edf184b39c/audio
  Output: /mnt/nvme1/mfa_work_laria_0825/gpu_1/batch_0001_LAria-edf184b39c/workspace/strict_ok_runs/20260825T115549Z_3398937/output
  Steps:  resample -> adjust -> align -> align_en -> postprocess -> strict_ok
############################################################

  >>> [resample] Resample to 16kHz for MFA
  Frozen pre-CTC stems: 132/132 (limit=0, source=existing_manifest)
  CTC receipt has incomplete audio_bindings; rebuilding axis binding
  Selected 132 WAVs from frozen pre-CTC subset (source namespace may contain extras)
  Resampled to 16000Hz -> /mnt/nvme1/mfa_work_laria_0825/gpu_1/batch_0001_LAria-edf184b39c/workspace/audio_16k  (132 done, 132 resampled)

  >>> [adjust] Adjust CTC boundaries (energy-based)

============================================================
  Step 5: Adjust CTC boundaries (energy-based)
  /home/user/miniconda3/envs/mfa-dev/bin/python3 /mnt/local_E/MFA_Pause/repo/scripts/adjust_ctc_boundaries.py --ctc-dir /mnt/nvme1/mfa_work_laria_0825/gpu_1/batch_0001_LAria-edf184b39c/workspace/ctc_pretg_adj --audio-dir /mnt/nvme1/mfa_work_laria_0825/gpu_1/batch_0001_LAria-edf184b39c/audio --output-dir /mnt/nvme1/mfa_work_laria_0825/gpu_1/batch_0001_LAria-edf184b39c/workspace/ctc_pretg_adj --raw-manifest /mnt/nvme1/mfa_work_laria_0825/gpu_1/batch_0001_LAria-edf184b39c/workspace/ctc_pretg/.ctc_raw_manifest.json --overwrite
============================================================


  >>> [align] MFA align (NVASR corpus + CTC anchors)
  NVASR corpus: /mnt/nvme1/mfa_work_laria_0825/gpu_1/batch_0001_LAria-edf184b39c/workspace/ctc_pretg_adj (.lab files from ASR text)
  CTC anchors:  /mnt/nvme1/mfa_work_laria_0825/gpu_1/batch_0001_LAria-edf184b39c/workspace/ctc_pretg_adj
  Transcript and anchors from SAME source -> 100% word match

============================================================
  Step 6: MFA Align (NVASR corpus + CTC anchors)
============================================================

  MFA partial mode: 130/132 aligned; 2 explicitly skipped
  MFA output set: 130/132 complete

  >>> [align_en] English MFA align (English-only segments)

============================================================
  English MFA Alignment
  /home/user/miniconda3/envs/mfa-dev/bin/python3 /mnt/local_E/MFA_Pause/repo/scripts/align_english_mfa.py --ctc-dir /mnt/nvme1/mfa_work_laria_0825/gpu_1/batch_0001_LAria-edf184b39c/workspace/ctc_pretg_adj --audio-dir /mnt/nvme1/mfa_work_laria_0825/gpu_1/batch_0001_LAria-edf184b39c/workspace/audio_16k --output-dir /mnt/nvme1/mfa_work_laria_0825/gpu_1/batch_0001_LAria-edf184b39c/workspace/en_phones --acoustic-model /mnt/local_E/MFA_Pause/pretrained_models/acoustic/english_us_arpa.zip --dictionary /mnt/local_E/MFA_Pause/repo/dict/cmudict.dict --g2p-model /mnt/local_E/MFA_Pause/pretrained_models/g2p/english_us_arpa.zip --temp-dir /mnt/nvme1/mfa_work_laria_0825/gpu_1/batch_0001_LAria-edf184b39c/workspace/temp_en_mfa --num-jobs 4 --padding-ms 50 --min-segment-dur-ms 150 --max-gap-merge-s 0.35 --beam 10 --retry-beam 40 --singleton-retry-beam 100 --singleton-retry-retry-beam 1000 --singleton-retry-timeout 600 --singleton-retry-limit 16 --timeout 1800 --g2p-timeout 300 --strict-provenance --python /home/user/miniconda3/envs/mfa-dev/bin/python3
============================================================


  >>> [postprocess] Post-processing (includes NVV brackets + sp1 normalization)

============================================================
  Step 7: Post-processing
  /home/user/miniconda3/envs/mfa-dev/bin/python3 /mnt/local_E/MFA_Pause/repo/scripts/postprocess_textgrids.py --txt-dir /mnt/nvme1/mfa_work_laria_0825/gpu_1/batch_0001_LAria-edf184b39c/workspace/ctc_pretg_adj --textgrid-dir /mnt/nvme1/mfa_work_laria_0825/gpu_1/batch_0001_LAria-edf184b39c/workspace/aligned --output-dir /mnt/nvme1/mfa_work_laria_0825/gpu_1/batch_0001_LAria-edf184b39c/workspace/strict_ok_runs/20260825T115549Z_3398937/output --filtered-dir /mnt/nvme1/mfa_work_laria_0825/gpu_1/batch_0001_LAria-edf184b39c/workspace/strict_ok_runs/20260825T115549Z_3398937/filtered --wav-dir /mnt/nvme1/mfa_work_laria_0825/gpu_1/batch_0001_LAria-edf184b39c/workspace/audio_16k --raw-text-dir /mnt/nvme1/mfa_work_laria_0825/gpu_1/batch_0001_LAria-edf184b39c/audio --original-txt-dir /mnt/nvme1/mfa_work_laria_0825/gpu_1/batch_0001_LAria-edf184b39c/audio --reference-mode fallback --pinyin-dict /mnt/local_E/MFA_Pause/repo/dict/fullpinyin_enword.dict --ipa-dict /mnt/local_E/MFA_Pause/repo/dict/mfa_ipa.dict --en-phones-dir /mnt/nvme1/mfa_work_laria_0825/gpu_1/batch_0001_LAria-edf184b39c/workspace/en_phones --tone-ref /mnt/nvme1/mfa_work_laria_0825/gpu_1/batch_0001_LAria-edf184b39c/workspace/strict_ok_runs/20260825T115549Z_3398937/output/tone_mapping.json --merge-max-sil-sec 0.2 --fix-short-word-sec 0.25 --fix-min-silence-sec 0.4 --fix-search-sec 0.5 --bgm-noise-floor-ratio 2.0 --bgm-min-sil-dur 0.3 --bgm-speech-ratio 1.0 --bgm-min-energy 0.01 --bgm-max-threshold 0.05 --no-enable-word-in-silence-filter --filter-word-energy-ratio 0 --filter-short-phone-sec 0.015 --filter-long-word-sec 1.0 --filter-min-word-sec 0.15 --filter-min-word-dur-sec 0.02 --filter-min-phone-coverage 0.35 --filter-edge-gap-sec 0.25 --filter-flank-silence-sec 0.4 --filter-long-consonant-sec 999.0 --filter-long-vowel-sec 999.0 --filter-short-phone-en-sec 0.01 --filter-long-vowel-en-sec 0.5 --filter-long-consonant-en-sec 1.0 --filter-min-en-phone-coverage 0.25 --strict-ok --allow-filtered-integrity-failures --mfa-input-axis-receipt /mnt/nvme1/mfa_work_laria_0825/gpu_1/batch_0001_LAria-edf184b39c/workspace/.mfa_input_axis_receipt.json --mfa-alignment-axis-receipt /mnt/nvme1/mfa_work_laria_0825/gpu_1/batch_0001_LAria-edf184b39c/workspace/.mfa_alignment_axis_receipt.json --mfa-axis-audio-root /mnt/nvme1/mfa_work_laria_0825/gpu_1/batch_0001_LAria-edf184b39c/workspace/audio_16k --tts-authoritative-audio-root /mnt/nvme1/mfa_work_laria_0825/gpu_1/batch_0001_LAria-edf184b39c/audio --overwrite
============================================================

  Partial MFA accounting: 2 stems placed in filtered/ as missing_mfa_alignment
  Postprocess contract: 132 stems, 18 output, 114 filtered

  >>> [strict_ok] Independent strict-ok audit and manifest

============================================================
  Step 8: strict-ok independent audit
  /home/user/miniconda3/envs/mfa-dev/bin/python3 /mnt/local_E/MFA_Pause/repo/scripts/audit_strict_ok.py --output-dir /mnt/nvme1/mfa_work_laria_0825/gpu_1/batch_0001_LAria-edf184b39c/workspace/strict_ok_runs/20260825T115549Z_3398937/output --filtered-dir /mnt/nvme1/mfa_work_laria_0825/gpu_1/batch_0001_LAria-edf184b39c/workspace/strict_ok_runs/20260825T115549Z_3398937/filtered --ctc-dir /mnt/nvme1/mfa_work_laria_0825/gpu_1/batch_0001_LAria-edf184b39c/workspace/ctc_pretg_adj --reference-dir /mnt/nvme1/mfa_work_laria_0825/gpu_1/batch_0001_LAria-edf184b39c/audio --reference-mode fallback --wav-dir /mnt/nvme1/mfa_work_laria_0825/gpu_1/batch_0001_LAria-edf184b39c/workspace/audio_16k --aligned-dir /mnt/nvme1/mfa_work_laria_0825/gpu_1/batch_0001_LAria-edf184b39c/workspace/aligned --en-phones-dir /mnt/nvme1/mfa_work_laria_0825/gpu_1/batch_0001_LAria-edf184b39c/workspace/en_phones --en-aligned-dir /mnt/nvme1/mfa_work_laria_0825/gpu_1/batch_0001_LAria-edf184b39c/workspace/temp_en_mfa/en_aligned --en-manifest /mnt/nvme1/mfa_work_laria_0825/gpu_1/batch_0001_LAria-edf184b39c/workspace/en_phones/en_alignment_manifest.json --report /mnt/nvme1/mfa_work_laria_0825/gpu_1/batch_0001_LAria-edf184b39c/workspace/strict_ok_runs/20260825T115549Z_3398937/output/postprocess_report.jsonl --manifest /mnt/nvme1/mfa_work_laria_0825/gpu_1/batch_0001_LAria-edf184b39c/workspace/strict_ok_runs/20260825T115549Z_3398937/output/strict_ok_manifest.json --pipeline-receipt /mnt/nvme1/mfa_work_laria_0825/gpu_1/batch_0001_LAria-edf184b39c/workspace/strict_ok_runs/20260825T115549Z_3398937/output/.pipeline_run_receipt_v2.json --mfa-input-axis-receipt /mnt/nvme1/mfa_work_laria_0825/gpu_1/batch_0001_LAria-edf184b39c/workspace/.mfa_input_axis_receipt.json --mfa-alignment-axis-receipt /mnt/nvme1/mfa_work_laria_0825/gpu_1/batch_0001_LAria-edf184b39c/workspace/.mfa_alignment_axis_receipt.json --mfa-axis-audio-root /mnt/nvme1/mfa_work_laria_0825/gpu_1/batch_0001_LAria-edf184b39c/workspace/audio_16k --tts-authoritative-audio-root /mnt/nvme1/mfa_work_laria_0825/gpu_1/batch_0001_LAria-edf184b39c/audio
============================================================
  CMUdict loaded from /mnt/local_E/MFA_Pause/repo/dict/cmudict.dict: 125088 entries
  _snap_to_ctc: token count mismatch (MFA=25, CTC=26) — NW aligned 25/25 tokens
  _snap_to_ctc: token count mismatch (MFA=35, CTC=36) — NW aligned 35/35 tokens
  _snap_to_ctc: token count mismatch (MFA=42, CTC=43) — NW aligned 42/42 tokens
  _snap_to_ctc: token count mismatch (MFA=34, CTC=35) — NW aligned 34/34 tokens
  _snap_to_ctc: token count mismatch (MFA=40, CTC=41) — NW aligned 40/40 tokens
  _snap_to_ctc: token count mismatch (MFA=41, CTC=42) — NW aligned 41/41 tokens
Config: /mnt/local_E/MFA_Pause/repo/configs/laria_v5_no_reference_strict_8gpu_20260825.yaml
Pipeline mode: nvrasr_fallback
Using Python: /home/user/miniconda3/envs/mfa-dev/bin/python3
  ═══════════════════════════════════════════════════════════
  NVMe audio cache not found.
  Run once to eliminate NAS I/O (~30 min, one-time):
    python scripts/cache_audio_to_nvme.py \
        --source /mnt/nvme3/mfa_work_laria_0825/gpu_2/batch_0002_LAria-edf184b39c/audio
  Or use --auto-cache to create a temp cache for this run.
  Falling back to NAS audio (slower).
  ═══════════════════════════════════════════════════════════
  Strict run output: /mnt/nvme3/mfa_work_laria_0825/gpu_2/batch_0002_LAria-edf184b39c/workspace/strict_ok_runs/20260825T115549Z_3398939/output
  Strict run filtered: /mnt/nvme3/mfa_work_laria_0825/gpu_2/batch_0002_LAria-edf184b39c/workspace/strict_ok_runs/20260825T115549Z_3398939/filtered
  Versioned publish target: /mnt/nvme3/mfa_work_laria_0825/gpu_2/batch_0002_LAria-edf184b39c/output.runs/20260825T115549Z_3398939

############################################################
  Chinese MFA Pipeline  [nvrasr_fallback]
  Input:  /mnt/nvme3/mfa_work_laria_0825/gpu_2/batch_0002_LAria-edf184b39c/audio
  Output: /mnt/nvme3/mfa_work_laria_0825/gpu_2/batch_0002_LAria-edf184b39c/workspace/strict_ok_runs/20260825T115549Z_3398939/output
  Steps:  resample -> adjust -> align -> align_en -> postprocess -> strict_ok
############################################################

  >>> [resample] Resample to 16kHz for MFA
  Frozen pre-CTC stems: 132/132 (limit=0, source=existing_manifest)
  CTC receipt has incomplete audio_bindings; rebuilding axis binding
  Selected 132 WAVs from frozen pre-CTC subset (source namespace may contain extras)
  Resampled to 16000Hz -> /mnt/nvme3/mfa_work_laria_0825/gpu_2/batch_0002_LAria-edf184b39c/workspace/audio_16k  (132 done, 132 resampled)

  >>> [adjust] Adjust CTC boundaries (energy-based)

============================================================
  Step 5: Adjust CTC boundaries (energy-based)
  /home/user/miniconda3/envs/mfa-dev/bin/python3 /mnt/local_E/MFA_Pause/repo/scripts/adjust_ctc_boundaries.py --ctc-dir /mnt/nvme3/mfa_work_laria_0825/gpu_2/batch_0002_LAria-edf184b39c/workspace/ctc_pretg_adj --audio-dir /mnt/nvme3/mfa_work_laria_0825/gpu_2/batch_0002_LAria-edf184b39c/audio --output-dir /mnt/nvme3/mfa_work_laria_0825/gpu_2/batch_0002_LAria-edf184b39c/workspace/ctc_pretg_adj --raw-manifest /mnt/nvme3/mfa_work_laria_0825/gpu_2/batch_0002_LAria-edf184b39c/workspace/ctc_pretg/.ctc_raw_manifest.json --overwrite
============================================================


  >>> [align] MFA align (NVASR corpus + CTC anchors)
  NVASR corpus: /mnt/nvme3/mfa_work_laria_0825/gpu_2/batch_0002_LAria-edf184b39c/workspace/ctc_pretg_adj (.lab files from ASR text)
  CTC anchors:  /mnt/nvme3/mfa_work_laria_0825/gpu_2/batch_0002_LAria-edf184b39c/workspace/ctc_pretg_adj
  Transcript and anchors from SAME source -> 100% word match

============================================================
  Step 6: MFA Align (NVASR corpus + CTC anchors)
============================================================

  MFA output set: 132/132 complete

  >>> [align_en] English MFA align (English-only segments)

============================================================
  English MFA Alignment
  /home/user/miniconda3/envs/mfa-dev/bin/python3 /mnt/local_E/MFA_Pause/repo/scripts/align_english_mfa.py --ctc-dir /mnt/nvme3/mfa_work_laria_0825/gpu_2/batch_0002_LAria-edf184b39c/workspace/ctc_pretg_adj --audio-dir /mnt/nvme3/mfa_work_laria_0825/gpu_2/batch_0002_LAria-edf184b39c/workspace/audio_16k --output-dir /mnt/nvme3/mfa_work_laria_0825/gpu_2/batch_0002_LAria-edf184b39c/workspace/en_phones --acoustic-model /mnt/local_E/MFA_Pause/pretrained_models/acoustic/english_us_arpa.zip --dictionary /mnt/local_E/MFA_Pause/repo/dict/cmudict.dict --g2p-model /mnt/local_E/MFA_Pause/pretrained_models/g2p/english_us_arpa.zip --temp-dir /mnt/nvme3/mfa_work_laria_0825/gpu_2/batch_0002_LAria-edf184b39c/workspace/temp_en_mfa --num-jobs 4 --padding-ms 50 --min-segment-dur-ms 150 --max-gap-merge-s 0.35 --beam 10 --retry-beam 40 --singleton-retry-beam 100 --singleton-retry-retry-beam 1000 --singleton-retry-timeout 600 --singleton-retry-limit 16 --timeout 1800 --g2p-timeout 300 --strict-provenance --python /home/user/miniconda3/envs/mfa-dev/bin/python3
============================================================


  >>> [postprocess] Post-processing (includes NVV brackets + sp1 normalization)

============================================================
  Step 7: Post-processing
  /home/user/miniconda3/envs/mfa-dev/bin/python3 /mnt/local_E/MFA_Pause/repo/scripts/postprocess_textgrids.py --txt-dir /mnt/nvme3/mfa_work_laria_0825/gpu_2/batch_0002_LAria-edf184b39c/workspace/ctc_pretg_adj --textgrid-dir /mnt/nvme3/mfa_work_laria_0825/gpu_2/batch_0002_LAria-edf184b39c/workspace/aligned --output-dir /mnt/nvme3/mfa_work_laria_0825/gpu_2/batch_0002_LAria-edf184b39c/workspace/strict_ok_runs/20260825T115549Z_3398939/output --filtered-dir /mnt/nvme3/mfa_work_laria_0825/gpu_2/batch_0002_LAria-edf184b39c/workspace/strict_ok_runs/20260825T115549Z_3398939/filtered --wav-dir /mnt/nvme3/mfa_work_laria_0825/gpu_2/batch_0002_LAria-edf184b39c/workspace/audio_16k --raw-text-dir /mnt/nvme3/mfa_work_laria_0825/gpu_2/batch_0002_LAria-edf184b39c/audio --original-txt-dir /mnt/nvme3/mfa_work_laria_0825/gpu_2/batch_0002_LAria-edf184b39c/audio --reference-mode fallback --pinyin-dict /mnt/local_E/MFA_Pause/repo/dict/fullpinyin_enword.dict --ipa-dict /mnt/local_E/MFA_Pause/repo/dict/mfa_ipa.dict --en-phones-dir /mnt/nvme3/mfa_work_laria_0825/gpu_2/batch_0002_LAria-edf184b39c/workspace/en_phones --tone-ref /mnt/nvme3/mfa_work_laria_0825/gpu_2/batch_0002_LAria-edf184b39c/workspace/strict_ok_runs/20260825T115549Z_3398939/output/tone_mapping.json --merge-max-sil-sec 0.2 --fix-short-word-sec 0.25 --fix-min-silence-sec 0.4 --fix-search-sec 0.5 --bgm-noise-floor-ratio 2.0 --bgm-min-sil-dur 0.3 --bgm-speech-ratio 1.0 --bgm-min-energy 0.01 --bgm-max-threshold 0.05 --no-enable-word-in-silence-filter --filter-word-energy-ratio 0 --filter-short-phone-sec 0.015 --filter-long-word-sec 1.0 --filter-min-word-sec 0.15 --filter-min-word-dur-sec 0.02 --filter-min-phone-coverage 0.35 --filter-edge-gap-sec 0.25 --filter-flank-silence-sec 0.4 --filter-long-consonant-sec 999.0 --filter-long-vowel-sec 999.0 --filter-short-phone-en-sec 0.01 --filter-long-vowel-en-sec 0.5 --filter-long-consonant-en-sec 1.0 --filter-min-en-phone-coverage 0.25 --strict-ok --allow-filtered-integrity-failures --mfa-input-axis-receipt /mnt/nvme3/mfa_work_laria_0825/gpu_2/batch_0002_LAria-edf184b39c/workspace/.mfa_input_axis_receipt.json --mfa-alignment-axis-receipt /mnt/nvme3/mfa_work_laria_0825/gpu_2/batch_0002_LAria-edf184b39c/workspace/.mfa_alignment_axis_receipt.json --mfa-axis-audio-root /mnt/nvme3/mfa_work_laria_0825/gpu_2/batch_0002_LAria-edf184b39c/workspace/audio_16k --tts-authoritative-audio-root /mnt/nvme3/mfa_work_laria_0825/gpu_2/batch_0002_LAria-edf184b39c/audio --overwrite
============================================================

  Postprocess contract: 132 stems, 17 output, 115 filtered

  >>> [strict_ok] Independent strict-ok audit and manifest

============================================================
  Step 8: strict-ok independent audit
  /home/user/miniconda3/envs/mfa-dev/bin/python3 /mnt/local_E/MFA_Pause/repo/scripts/audit_strict_ok.py --output-dir /mnt/nvme3/mfa_work_laria_0825/gpu_2/batch_0002_LAria-edf184b39c/workspace/strict_ok_runs/20260825T115549Z_3398939/output --filtered-dir /mnt/nvme3/mfa_work_laria_0825/gpu_2/batch_0002_LAria-edf184b39c/workspace/strict_ok_runs/20260825T115549Z_3398939/filtered --ctc-dir /mnt/nvme3/mfa_work_laria_0825/gpu_2/batch_0002_LAria-edf184b39c/workspace/ctc_pretg_adj --reference-dir /mnt/nvme3/mfa_work_laria_0825/gpu_2/batch_0002_LAria-edf184b39c/audio --reference-mode fallback --wav-dir /mnt/nvme3/mfa_work_laria_0825/gpu_2/batch_0002_LAria-edf184b39c/workspace/audio_16k --aligned-dir /mnt/nvme3/mfa_work_laria_0825/gpu_2/batch_0002_LAria-edf184b39c/workspace/aligned --en-phones-dir /mnt/nvme3/mfa_work_laria_0825/gpu_2/batch_0002_LAria-edf184b39c/workspace/en_phones --en-aligned-dir /mnt/nvme3/mfa_work_laria_0825/gpu_2/batch_0002_LAria-edf184b39c/workspace/temp_en_mfa/en_aligned --en-manifest /mnt/nvme3/mfa_work_laria_0825/gpu_2/batch_0002_LAria-edf184b39c/workspace/en_phones/en_alignment_manifest.json --report /mnt/nvme3/mfa_work_laria_0825/gpu_2/batch_0002_LAria-edf184b39c/workspace/strict_ok_runs/20260825T115549Z_3398939/output/postprocess_report.jsonl --manifest /mnt/nvme3/mfa_work_laria_0825/gpu_2/batch_0002_LAria-edf184b39c/workspace/strict_ok_runs/20260825T115549Z_3398939/output/strict_ok_manifest.json --pipeline-receipt /mnt/nvme3/mfa_work_laria_0825/gpu_2/batch_0002_LAria-edf184b39c/workspace/strict_ok_runs/20260825T115549Z_3398939/output/.pipeline_run_receipt_v2.json --mfa-input-axis-receipt /mnt/nvme3/mfa_work_laria_0825/gpu_2/batch_0002_LAria-edf184b39c/workspace/.mfa_input_axis_receipt.json --mfa-alignment-axis-receipt /mnt/nvme3/mfa_work_laria_0825/gpu_2/batch_0002_LAria-edf184b39c/workspace/.mfa_alignment_axis_receipt.json --mfa-axis-audio-root /mnt/nvme3/mfa_work_laria_0825/gpu_2/batch_0002_LAria-edf184b39c/workspace/audio_16k --tts-authoritative-audio-root /mnt/nvme3/mfa_work_laria_0825/gpu_2/batch_0002_LAria-edf184b39c/audio
============================================================
Config: /mnt/local_E/MFA_Pause/repo/configs/laria_v5_no_reference_strict_8gpu_20260825.yaml
Pipeline mode: nvrasr_fallback
Using Python: /home/user/miniconda3/envs/mfa-dev/bin/python3
  ═══════════════════════════════════════════════════════════
  NVMe audio cache not found.
  Run once to eliminate NAS I/O (~30 min, one-time):
    python scripts/cache_audio_to_nvme.py \
        --source /mnt/nvme0/mfa_work_laria_0825/gpu_0/batch_0000_LAria-edf184b39c/audio
  Or use --auto-cache to create a temp cache for this run.
  Falling back to NAS audio (slower).
  ═══════════════════════════════════════════════════════════
  Strict run output: /mnt/nvme0/mfa_work_laria_0825/gpu_0/batch_0000_LAria-edf184b39c/workspace/strict_ok_runs/20260825T115549Z_3398935/output
  Strict run filtered: /mnt/nvme0/mfa_work_laria_0825/gpu_0/batch_0000_LAria-edf184b39c/workspace/strict_ok_runs/20260825T115549Z_3398935/filtered
  Versioned publish target: /mnt/nvme0/mfa_work_laria_0825/gpu_0/batch_0000_LAria-edf184b39c/output.runs/20260825T115549Z_3398935

############################################################
  Chinese MFA Pipeline  [nvrasr_fallback]
  Input:  /mnt/nvme0/mfa_work_laria_0825/gpu_0/batch_0000_LAria-edf184b39c/audio
  Output: /mnt/nvme0/mfa_work_laria_0825/gpu_0/batch_0000_LAria-edf184b39c/workspace/strict_ok_runs/20260825T115549Z_3398935/output
  Steps:  resample -> adjust -> align -> align_en -> postprocess -> strict_ok
############################################################

  >>> [resample] Resample to 16kHz for MFA
  Frozen pre-CTC stems: 132/132 (limit=0, source=existing_manifest)
  CTC receipt has incomplete audio_bindings; rebuilding axis binding
  Selected 132 WAVs from frozen pre-CTC subset (source namespace may contain extras)
  Resampled to 16000Hz -> /mnt/nvme0/mfa_work_laria_0825/gpu_0/batch_0000_LAria-edf184b39c/workspace/audio_16k  (132 done, 132 resampled)

  >>> [adjust] Adjust CTC boundaries (energy-based)

============================================================
  Step 5: Adjust CTC boundaries (energy-based)
  /home/user/miniconda3/envs/mfa-dev/bin/python3 /mnt/local_E/MFA_Pause/repo/scripts/adjust_ctc_boundaries.py --ctc-dir /mnt/nvme0/mfa_work_laria_0825/gpu_0/batch_0000_LAria-edf184b39c/workspace/ctc_pretg_adj --audio-dir /mnt/nvme0/mfa_work_laria_0825/gpu_0/batch_0000_LAria-edf184b39c/audio --output-dir /mnt/nvme0/mfa_work_laria_0825/gpu_0/batch_0000_LAria-edf184b39c/workspace/ctc_pretg_adj --raw-manifest /mnt/nvme0/mfa_work_laria_0825/gpu_0/batch_0000_LAria-edf184b39c/workspace/ctc_pretg/.ctc_raw_manifest.json --overwrite
============================================================


  >>> [align] MFA align (NVASR corpus + CTC anchors)
  NVASR corpus: /mnt/nvme0/mfa_work_laria_0825/gpu_0/batch_0000_LAria-edf184b39c/workspace/ctc_pretg_adj (.lab files from ASR text)
  CTC anchors:  /mnt/nvme0/mfa_work_laria_0825/gpu_0/batch_0000_LAria-edf184b39c/workspace/ctc_pretg_adj
  Transcript and anchors from SAME source -> 100% word match

============================================================
  Step 6: MFA Align (NVASR corpus + CTC anchors)
============================================================

  MFA partial mode: 131/132 aligned; 1 explicitly skipped
  MFA output set: 131/132 complete

  >>> [align_en] English MFA align (English-only segments)

============================================================
  English MFA Alignment
  /home/user/miniconda3/envs/mfa-dev/bin/python3 /mnt/local_E/MFA_Pause/repo/scripts/align_english_mfa.py --ctc-dir /mnt/nvme0/mfa_work_laria_0825/gpu_0/batch_0000_LAria-edf184b39c/workspace/ctc_pretg_adj --audio-dir /mnt/nvme0/mfa_work_laria_0825/gpu_0/batch_0000_LAria-edf184b39c/workspace/audio_16k --output-dir /mnt/nvme0/mfa_work_laria_0825/gpu_0/batch_0000_LAria-edf184b39c/workspace/en_phones --acoustic-model /mnt/local_E/MFA_Pause/pretrained_models/acoustic/english_us_arpa.zip --dictionary /mnt/local_E/MFA_Pause/repo/dict/cmudict.dict --g2p-model /mnt/local_E/MFA_Pause/pretrained_models/g2p/english_us_arpa.zip --temp-dir /mnt/nvme0/mfa_work_laria_0825/gpu_0/batch_0000_LAria-edf184b39c/workspace/temp_en_mfa --num-jobs 4 --padding-ms 50 --min-segment-dur-ms 150 --max-gap-merge-s 0.35 --beam 10 --retry-beam 40 --singleton-retry-beam 100 --singleton-retry-retry-beam 1000 --singleton-retry-timeout 600 --singleton-retry-limit 16 --timeout 1800 --g2p-timeout 300 --strict-provenance --python /home/user/miniconda3/envs/mfa-dev/bin/python3
============================================================


  >>> [postprocess] Post-processing (includes NVV brackets + sp1 normalization)

============================================================
  Step 7: Post-processing
  /home/user/miniconda3/envs/mfa-dev/bin/python3 /mnt/local_E/MFA_Pause/repo/scripts/postprocess_textgrids.py --txt-dir /mnt/nvme0/mfa_work_laria_0825/gpu_0/batch_0000_LAria-edf184b39c/workspace/ctc_pretg_adj --textgrid-dir /mnt/nvme0/mfa_work_laria_0825/gpu_0/batch_0000_LAria-edf184b39c/workspace/aligned --output-dir /mnt/nvme0/mfa_work_laria_0825/gpu_0/batch_0000_LAria-edf184b39c/workspace/strict_ok_runs/20260825T115549Z_3398935/output --filtered-dir /mnt/nvme0/mfa_work_laria_0825/gpu_0/batch_0000_LAria-edf184b39c/workspace/strict_ok_runs/20260825T115549Z_3398935/filtered --wav-dir /mnt/nvme0/mfa_work_laria_0825/gpu_0/batch_0000_LAria-edf184b39c/workspace/audio_16k --raw-text-dir /mnt/nvme0/mfa_work_laria_0825/gpu_0/batch_0000_LAria-edf184b39c/audio --original-txt-dir /mnt/nvme0/mfa_work_laria_0825/gpu_0/batch_0000_LAria-edf184b39c/audio --reference-mode fallback --pinyin-dict /mnt/local_E/MFA_Pause/repo/dict/fullpinyin_enword.dict --ipa-dict /mnt/local_E/MFA_Pause/repo/dict/mfa_ipa.dict --en-phones-dir /mnt/nvme0/mfa_work_laria_0825/gpu_0/batch_0000_LAria-edf184b39c/workspace/en_phones --tone-ref /mnt/nvme0/mfa_work_laria_0825/gpu_0/batch_0000_LAria-edf184b39c/workspace/strict_ok_runs/20260825T115549Z_3398935/output/tone_mapping.json --merge-max-sil-sec 0.2 --fix-short-word-sec 0.25 --fix-min-silence-sec 0.4 --fix-search-sec 0.5 --bgm-noise-floor-ratio 2.0 --bgm-min-sil-dur 0.3 --bgm-speech-ratio 1.0 --bgm-min-energy 0.01 --bgm-max-threshold 0.05 --no-enable-word-in-silence-filter --filter-word-energy-ratio 0 --filter-short-phone-sec 0.015 --filter-long-word-sec 1.0 --filter-min-word-sec 0.15 --filter-min-word-dur-sec 0.02 --filter-min-phone-coverage 0.35 --filter-edge-gap-sec 0.25 --filter-flank-silence-sec 0.4 --filter-long-consonant-sec 999.0 --filter-long-vowel-sec 999.0 --filter-short-phone-en-sec 0.01 --filter-long-vowel-en-sec 0.5 --filter-long-consonant-en-sec 1.0 --filter-min-en-phone-coverage 0.25 --strict-ok --allow-filtered-integrity-failures --mfa-input-axis-receipt /mnt/nvme0/mfa_work_laria_0825/gpu_0/batch_0000_LAria-edf184b39c/workspace/.mfa_input_axis_receipt.json --mfa-alignment-axis-receipt /mnt/nvme0/mfa_work_laria_0825/gpu_0/batch_0000_LAria-edf184b39c/workspace/.mfa_alignment_axis_receipt.json --mfa-axis-audio-root /mnt/nvme0/mfa_work_laria_0825/gpu_0/batch_0000_LAria-edf184b39c/workspace/audio_16k --tts-authoritative-audio-root /mnt/nvme0/mfa_work_laria_0825/gpu_0/batch_0000_LAria-edf184b39c/audio --overwrite
============================================================

  Partial MFA accounting: 1 stems placed in filtered/ as missing_mfa_alignment
  Postprocess contract: 132 stems, 22 output, 110 filtered

  >>> [strict_ok] Independent strict-ok audit and manifest

============================================================
  Step 8: strict-ok independent audit
  /home/user/miniconda3/envs/mfa-dev/bin/python3 /mnt/local_E/MFA_Pause/repo/scripts/audit_strict_ok.py --output-dir /mnt/nvme0/mfa_work_laria_0825/gpu_0/batch_0000_LAria-edf184b39c/workspace/strict_ok_runs/20260825T115549Z_3398935/output --filtered-dir /mnt/nvme0/mfa_work_laria_0825/gpu_0/batch_0000_LAria-edf184b39c/workspace/strict_ok_runs/20260825T115549Z_3398935/filtered --ctc-dir /mnt/nvme0/mfa_work_laria_0825/gpu_0/batch_0000_LAria-edf184b39c/workspace/ctc_pretg_adj --reference-dir /mnt/nvme0/mfa_work_laria_0825/gpu_0/batch_0000_LAria-edf184b39c/audio --reference-mode fallback --wav-dir /mnt/nvme0/mfa_work_laria_0825/gpu_0/batch_0000_LAria-edf184b39c/workspace/audio_16k --aligned-dir /mnt/nvme0/mfa_work_laria_0825/gpu_0/batch_0000_LAria-edf184b39c/workspace/aligned --en-phones-dir /mnt/nvme0/mfa_work_laria_0825/gpu_0/batch_0000_LAria-edf184b39c/workspace/en_phones --en-aligned-dir /mnt/nvme0/mfa_work_laria_0825/gpu_0/batch_0000_LAria-edf184b39c/workspace/temp_en_mfa/en_aligned --en-manifest /mnt/nvme0/mfa_work_laria_0825/gpu_0/batch_0000_LAria-edf184b39c/workspace/en_phones/en_alignment_manifest.json --report /mnt/nvme0/mfa_work_laria_0825/gpu_0/batch_0000_LAria-edf184b39c/workspace/strict_ok_runs/20260825T115549Z_3398935/output/postprocess_report.jsonl --manifest /mnt/nvme0/mfa_work_laria_0825/gpu_0/batch_0000_LAria-edf184b39c/workspace/strict_ok_runs/20260825T115549Z_3398935/output/strict_ok_manifest.json --pipeline-receipt /mnt/nvme0/mfa_work_laria_0825/gpu_0/batch_0000_LAria-edf184b39c/workspace/strict_ok_runs/20260825T115549Z_3398935/output/.pipeline_run_receipt_v2.json --mfa-input-axis-receipt /mnt/nvme0/mfa_work_laria_0825/gpu_0/batch_0000_LAria-edf184b39c/workspace/.mfa_input_axis_receipt.json --mfa-alignment-axis-receipt /mnt/nvme0/mfa_work_laria_0825/gpu_0/batch_0000_LAria-edf184b39c/workspace/.mfa_alignment_axis_receipt.json --mfa-axis-audio-root /mnt/nvme0/mfa_work_laria_0825/gpu_0/batch_0000_LAria-edf184b39c/workspace/audio_16k --tts-authoritative-audio-root /mnt/nvme0/mfa_work_laria_0825/gpu_0/batch_0000_LAria-edf184b39c/audio
============================================================
Done. {'filtered_mid_sp_unexpected_silence_strict_interior_sp_warnings': 17, 'filtered_mid_sp_unexpected_silence_strict_interior_sp': 69, 'filtered_mid_sp_unexpected_silence_strict_interior_sp_ctc_lexical_sequence_mismatch_phones_owner_mismatch_warnings': 6, 'filtered_sp3_mid_sp_unexpected_silence_strict_interior_sp': 1, 'ok': 18, 'filtered_mid_sp_unexpected_silence_strict_interior_sp_ctc_lexical_sequence_mismatch_mfa_unknown_source': 9, 'filtered_mid_sp_unexpected_silence_strict_interior_sp_ctc_lexical_sequence_mismatch_phones_owner_mismatch_mfa_unknown_source_warnings': 1, 'filtered_mid_sp_strict_interior_sp': 1, 'filtered_mid_sp_unexpected_silence_strict_interior_sp_ctc_lexical_sequence_mismatch_mfa_unknown_source_warnings': 4, 'filtered_warnings': 2, 'filtered_ctc_lexical_sequence_mismatch_phones_owner_mismatch_warnings': 1, 'filtered_mid_sp_strict_interior_sp_warnings': 1, 'filtered_english_provenance_rejected_ctc_lexical_sequence_mismatch_warnings': 1}. report=/mnt/nvme3/mfa_work_laria_0825/gpu_6/batch_0006_LAria-edf184b39c/workspace/strict_ok_runs/20260825T115549Z_3398946/output/postprocess_report.jsonl
  14 mandatory-integrity failures isolated in filtered/
strict-ok: 0 ok, 132 rejected; manifest=/mnt/nvme0/mfa_work_laria_0825/gpu_4/batch_0004_LAria-edf184b39c/workspace/strict_ok_runs/20260825T115549Z_3398942/output/strict_ok_manifest.json
strict-ok safe_empty: no publication candidate exists
Done. {'filtered_mid_sp_unexpected_silence_strict_interior_sp_ctc_lexical_sequence_mismatch_mfa_unknown_source': 15, 'ok': 22, 'filtered_mid_sp_unexpected_silence_strict_interior_sp_warnings': 19, 'filtered_mid_sp_unexpected_silence_strict_interior_sp': 55, 'filtered_mid_sp_strict_interior_sp': 2, 'filtered_english_provenance_rejected': 1, 'filtered_mid_sp_unexpected_silence_strict_interior_sp_ctc_lexical_sequence_mismatch_phones_owner_mismatch_warnings': 5, 'filtered_mid_sp_unexpected_silence_strict_interior_sp_ctc_lexical_sequence_mismatch_mfa_unknown_source_warnings': 5, 'filtered_english_provenance_rejected_mid_sp_unexpected_silence_strict_interior_sp_ctc_lexical_sequence_mismatch_warnings': 1, 'filtered_ctc_lexical_sequence_mismatch_phones_owner_mismatch_warnings': 2, 'filtered_short_word': 1, 'filtered_mid_sp_short_word_unexpected_silence_strict_interior_sp': 1, 'filtered_sp3_mid_sp_unexpected_silence_strict_interior_sp': 1, 'filtered_warnings': 1}. report=/mnt/nvme4/mfa_work_laria_0825/gpu_7/batch_0007_LAria-edf184b39c/workspace/strict_ok_runs/20260825T115549Z_3398947/output/postprocess_report.jsonl
  20 mandatory-integrity failures isolated in filtered/
strict-ok: 0 ok, 132 rejected; manifest=/mnt/nvme4/mfa_work_laria_0825/gpu_3/batch_0003_LAria-edf184b39c/workspace/strict_ok_runs/20260825T115549Z_3398941/output/strict_ok_manifest.json
strict-ok safe_empty: no publication candidate exists
Config: /mnt/local_E/MFA_Pause/repo/configs/laria_v5_no_reference_strict_8gpu_20260825.yaml
Pipeline mode: nvrasr_fallback
Using Python: /home/user/miniconda3/envs/mfa-dev/bin/python3
  ═══════════════════════════════════════════════════════════
  NVMe audio cache not found.
  Run once to eliminate NAS I/O (~30 min, one-time):
    python scripts/cache_audio_to_nvme.py \
        --source /mnt/nvme3/mfa_work_laria_0825/gpu_6/batch_0006_LAria-edf184b39c/audio
  Or use --auto-cache to create a temp cache for this run.
  Falling back to NAS audio (slower).
  ═══════════════════════════════════════════════════════════
  Strict run output: /mnt/nvme3/mfa_work_laria_0825/gpu_6/batch_0006_LAria-edf184b39c/workspace/strict_ok_runs/20260825T115549Z_3398946/output
  Strict run filtered: /mnt/nvme3/mfa_work_laria_0825/gpu_6/batch_0006_LAria-edf184b39c/workspace/strict_ok_runs/20260825T115549Z_3398946/filtered
  Versioned publish target: /mnt/nvme3/mfa_work_laria_0825/gpu_6/batch_0006_LAria-edf184b39c/output.runs/20260825T115549Z_3398946

############################################################
  Chinese MFA Pipeline  [nvrasr_fallback]
  Input:  /mnt/nvme3/mfa_work_laria_0825/gpu_6/batch_0006_LAria-edf184b39c/audio
  Output: /mnt/nvme3/mfa_work_laria_0825/gpu_6/batch_0006_LAria-edf184b39c/workspace/strict_ok_runs/20260825T115549Z_3398946/output
  Steps:  resample -> adjust -> align -> align_en -> postprocess -> strict_ok
############################################################

  >>> [resample] Resample to 16kHz for MFA
  Frozen pre-CTC stems: 132/132 (limit=0, source=existing_manifest)
  CTC receipt has incomplete audio_bindings; rebuilding axis binding
  Selected 132 WAVs from frozen pre-CTC subset (source namespace may contain extras)
  Resampled to 16000Hz -> /mnt/nvme3/mfa_work_laria_0825/gpu_6/batch_0006_LAria-edf184b39c/workspace/audio_16k  (132 done, 132 resampled)

  >>> [adjust] Adjust CTC boundaries (energy-based)

============================================================
  Step 5: Adjust CTC boundaries (energy-based)
  /home/user/miniconda3/envs/mfa-dev/bin/python3 /mnt/local_E/MFA_Pause/repo/scripts/adjust_ctc_boundaries.py --ctc-dir /mnt/nvme3/mfa_work_laria_0825/gpu_6/batch_0006_LAria-edf184b39c/workspace/ctc_pretg_adj --audio-dir /mnt/nvme3/mfa_work_laria_0825/gpu_6/batch_0006_LAria-edf184b39c/audio --output-dir /mnt/nvme3/mfa_work_laria_0825/gpu_6/batch_0006_LAria-edf184b39c/workspace/ctc_pretg_adj --raw-manifest /mnt/nvme3/mfa_work_laria_0825/gpu_6/batch_0006_LAria-edf184b39c/workspace/ctc_pretg/.ctc_raw_manifest.json --overwrite
============================================================


  >>> [align] MFA align (NVASR corpus + CTC anchors)
  NVASR corpus: /mnt/nvme3/mfa_work_laria_0825/gpu_6/batch_0006_LAria-edf184b39c/workspace/ctc_pretg_adj (.lab files from ASR text)
  CTC anchors:  /mnt/nvme3/mfa_work_laria_0825/gpu_6/batch_0006_LAria-edf184b39c/workspace/ctc_pretg_adj
  Transcript and anchors from SAME source -> 100% word match

============================================================
  Step 6: MFA Align (NVASR corpus + CTC anchors)
============================================================

  MFA partial mode: 131/132 aligned; 1 explicitly skipped
  MFA output set: 131/132 complete

  >>> [align_en] English MFA align (English-only segments)

============================================================
  English MFA Alignment
  /home/user/miniconda3/envs/mfa-dev/bin/python3 /mnt/local_E/MFA_Pause/repo/scripts/align_english_mfa.py --ctc-dir /mnt/nvme3/mfa_work_laria_0825/gpu_6/batch_0006_LAria-edf184b39c/workspace/ctc_pretg_adj --audio-dir /mnt/nvme3/mfa_work_laria_0825/gpu_6/batch_0006_LAria-edf184b39c/workspace/audio_16k --output-dir /mnt/nvme3/mfa_work_laria_0825/gpu_6/batch_0006_LAria-edf184b39c/workspace/en_phones --acoustic-model /mnt/local_E/MFA_Pause/pretrained_models/acoustic/english_us_arpa.zip --dictionary /mnt/local_E/MFA_Pause/repo/dict/cmudict.dict --g2p-model /mnt/local_E/MFA_Pause/pretrained_models/g2p/english_us_arpa.zip --temp-dir /mnt/nvme3/mfa_work_laria_0825/gpu_6/batch_0006_LAria-edf184b39c/workspace/temp_en_mfa --num-jobs 4 --padding-ms 50 --min-segment-dur-ms 150 --max-gap-merge-s 0.35 --beam 10 --retry-beam 40 --singleton-retry-beam 100 --singleton-retry-retry-beam 1000 --singleton-retry-timeout 600 --singleton-retry-limit 16 --timeout 1800 --g2p-timeout 300 --strict-provenance --python /home/user/miniconda3/envs/mfa-dev/bin/python3
============================================================


  >>> [postprocess] Post-processing (includes NVV brackets + sp1 normalization)

============================================================
  Step 7: Post-processing
  /home/user/miniconda3/envs/mfa-dev/bin/python3 /mnt/local_E/MFA_Pause/repo/scripts/postprocess_textgrids.py --txt-dir /mnt/nvme3/mfa_work_laria_0825/gpu_6/batch_0006_LAria-edf184b39c/workspace/ctc_pretg_adj --textgrid-dir /mnt/nvme3/mfa_work_laria_0825/gpu_6/batch_0006_LAria-edf184b39c/workspace/aligned --output-dir /mnt/nvme3/mfa_work_laria_0825/gpu_6/batch_0006_LAria-edf184b39c/workspace/strict_ok_runs/20260825T115549Z_3398946/output --filtered-dir /mnt/nvme3/mfa_work_laria_0825/gpu_6/batch_0006_LAria-edf184b39c/workspace/strict_ok_runs/20260825T115549Z_3398946/filtered --wav-dir /mnt/nvme3/mfa_work_laria_0825/gpu_6/batch_0006_LAria-edf184b39c/workspace/audio_16k --raw-text-dir /mnt/nvme3/mfa_work_laria_0825/gpu_6/batch_0006_LAria-edf184b39c/audio --original-txt-dir /mnt/nvme3/mfa_work_laria_0825/gpu_6/batch_0006_LAria-edf184b39c/audio --reference-mode fallback --pinyin-dict /mnt/local_E/MFA_Pause/repo/dict/fullpinyin_enword.dict --ipa-dict /mnt/local_E/MFA_Pause/repo/dict/mfa_ipa.dict --en-phones-dir /mnt/nvme3/mfa_work_laria_0825/gpu_6/batch_0006_LAria-edf184b39c/workspace/en_phones --tone-ref /mnt/nvme3/mfa_work_laria_0825/gpu_6/batch_0006_LAria-edf184b39c/workspace/strict_ok_runs/20260825T115549Z_3398946/output/tone_mapping.json --merge-max-sil-sec 0.2 --fix-short-word-sec 0.25 --fix-min-silence-sec 0.4 --fix-search-sec 0.5 --bgm-noise-floor-ratio 2.0 --bgm-min-sil-dur 0.3 --bgm-speech-ratio 1.0 --bgm-min-energy 0.01 --bgm-max-threshold 0.05 --no-enable-word-in-silence-filter --filter-word-energy-ratio 0 --filter-short-phone-sec 0.015 --filter-long-word-sec 1.0 --filter-min-word-sec 0.15 --filter-min-word-dur-sec 0.02 --filter-min-phone-coverage 0.35 --filter-edge-gap-sec 0.25 --filter-flank-silence-sec 0.4 --filter-long-consonant-sec 999.0 --filter-long-vowel-sec 999.0 --filter-short-phone-en-sec 0.01 --filter-long-vowel-en-sec 0.5 --filter-long-consonant-en-sec 1.0 --filter-min-en-phone-coverage 0.25 --strict-ok --allow-filtered-integrity-failures --mfa-input-axis-receipt /mnt/nvme3/mfa_work_laria_0825/gpu_6/batch_0006_LAria-edf184b39c/workspace/.mfa_input_axis_receipt.json --mfa-alignment-axis-receipt /mnt/nvme3/mfa_work_laria_0825/gpu_6/batch_0006_LAria-edf184b39c/workspace/.mfa_alignment_axis_receipt.json --mfa-axis-audio-root /mnt/nvme3/mfa_work_laria_0825/gpu_6/batch_0006_LAria-edf184b39c/workspace/audio_16k --tts-authoritative-audio-root /mnt/nvme3/mfa_work_laria_0825/gpu_6/batch_0006_LAria-edf184b39c/audio --overwrite
============================================================

  Partial MFA accounting: 1 stems placed in filtered/ as missing_mfa_alignment
  Postprocess contract: 132 stems, 18 output, 114 filtered

  >>> [strict_ok] Independent strict-ok audit and manifest

============================================================
  Step 8: strict-ok independent audit
  /home/user/miniconda3/envs/mfa-dev/bin/python3 /mnt/local_E/MFA_Pause/repo/scripts/audit_strict_ok.py --output-dir /mnt/nvme3/mfa_work_laria_0825/gpu_6/batch_0006_LAria-edf184b39c/workspace/strict_ok_runs/20260825T115549Z_3398946/output --filtered-dir /mnt/nvme3/mfa_work_laria_0825/gpu_6/batch_0006_LAria-edf184b39c/workspace/strict_ok_runs/20260825T115549Z_3398946/filtered --ctc-dir /mnt/nvme3/mfa_work_laria_0825/gpu_6/batch_0006_LAria-edf184b39c/workspace/ctc_pretg_adj --reference-dir /mnt/nvme3/mfa_work_laria_0825/gpu_6/batch_0006_LAria-edf184b39c/audio --reference-mode fallback --wav-dir /mnt/nvme3/mfa_work_laria_0825/gpu_6/batch_0006_LAria-edf184b39c/workspace/audio_16k --aligned-dir /mnt/nvme3/mfa_work_laria_0825/gpu_6/batch_0006_LAria-edf184b39c/workspace/aligned --en-phones-dir /mnt/nvme3/mfa_work_laria_0825/gpu_6/batch_0006_LAria-edf184b39c/workspace/en_phones --en-aligned-dir /mnt/nvme3/mfa_work_laria_0825/gpu_6/batch_0006_LAria-edf184b39c/workspace/temp_en_mfa/en_aligned --en-manifest /mnt/nvme3/mfa_work_laria_0825/gpu_6/batch_0006_LAria-edf184b39c/workspace/en_phones/en_alignment_manifest.json --report /mnt/nvme3/mfa_work_laria_0825/gpu_6/batch_0006_LAria-edf184b39c/workspace/strict_ok_runs/20260825T115549Z_3398946/output/postprocess_report.jsonl --manifest /mnt/nvme3/mfa_work_laria_0825/gpu_6/batch_0006_LAria-edf184b39c/workspace/strict_ok_runs/20260825T115549Z_3398946/output/strict_ok_manifest.json --pipeline-receipt /mnt/nvme3/mfa_work_laria_0825/gpu_6/batch_0006_LAria-edf184b39c/workspace/strict_ok_runs/20260825T115549Z_3398946/output/.pipeline_run_receipt_v2.json --mfa-input-axis-receipt /mnt/nvme3/mfa_work_laria_0825/gpu_6/batch_0006_LAria-edf184b39c/workspace/.mfa_input_axis_receipt.json --mfa-alignment-axis-receipt /mnt/nvme3/mfa_work_laria_0825/gpu_6/batch_0006_LAria-edf184b39c/workspace/.mfa_alignment_axis_receipt.json --mfa-axis-audio-root /mnt/nvme3/mfa_work_laria_0825/gpu_6/batch_0006_LAria-edf184b39c/workspace/audio_16k --tts-authoritative-audio-root /mnt/nvme3/mfa_work_laria_0825/gpu_6/batch_0006_LAria-edf184b39c/audio
============================================================
strict-ok: 0 ok, 132 rejected; manifest=/mnt/nvme1/mfa_work_laria_0825/gpu_5/batch_0005_LAria-edf184b39c/workspace/strict_ok_runs/20260825T115549Z_3398944/output/strict_ok_manifest.json
strict-ok safe_empty: no publication candidate exists
strict-ok: 0 ok, 132 rejected; manifest=/mnt/nvme1/mfa_work_laria_0825/gpu_1/batch_0001_LAria-edf184b39c/workspace/strict_ok_runs/20260825T115549Z_3398937/output/strict_ok_manifest.json
strict-ok safe_empty: no publication candidate exists
Config: /mnt/local_E/MFA_Pause/repo/configs/laria_v5_no_reference_strict_8gpu_20260825.yaml
Pipeline mode: nvrasr_fallback
Using Python: /home/user/miniconda3/envs/mfa-dev/bin/python3
  ═══════════════════════════════════════════════════════════
  NVMe audio cache not found.
  Run once to eliminate NAS I/O (~30 min, one-time):
    python scripts/cache_audio_to_nvme.py \
        --source /mnt/nvme4/mfa_work_laria_0825/gpu_7/batch_0007_LAria-edf184b39c/audio
  Or use --auto-cache to create a temp cache for this run.
  Falling back to NAS audio (slower).
  ═══════════════════════════════════════════════════════════
  Strict run output: /mnt/nvme4/mfa_work_laria_0825/gpu_7/batch_0007_LAria-edf184b39c/workspace/strict_ok_runs/20260825T115549Z_3398947/output
  Strict run filtered: /mnt/nvme4/mfa_work_laria_0825/gpu_7/batch_0007_LAria-edf184b39c/workspace/strict_ok_runs/20260825T115549Z_3398947/filtered
  Versioned publish target: /mnt/nvme4/mfa_work_laria_0825/gpu_7/batch_0007_LAria-edf184b39c/output.runs/20260825T115549Z_3398947

############################################################
  Chinese MFA Pipeline  [nvrasr_fallback]
  Input:  /mnt/nvme4/mfa_work_laria_0825/gpu_7/batch_0007_LAria-edf184b39c/audio
  Output: /mnt/nvme4/mfa_work_laria_0825/gpu_7/batch_0007_LAria-edf184b39c/workspace/strict_ok_runs/20260825T115549Z_3398947/output
  Steps:  resample -> adjust -> align -> align_en -> postprocess -> strict_ok
############################################################

  >>> [resample] Resample to 16kHz for MFA
  Frozen pre-CTC stems: 131/131 (limit=0, source=existing_manifest)
  CTC receipt has incomplete audio_bindings; rebuilding axis binding
  Selected 131 WAVs from frozen pre-CTC subset (source namespace may contain extras)
  Resampled to 16000Hz -> /mnt/nvme4/mfa_work_laria_0825/gpu_7/batch_0007_LAria-edf184b39c/workspace/audio_16k  (131 done, 131 resampled)

  >>> [adjust] Adjust CTC boundaries (energy-based)

============================================================
  Step 5: Adjust CTC boundaries (energy-based)
  /home/user/miniconda3/envs/mfa-dev/bin/python3 /mnt/local_E/MFA_Pause/repo/scripts/adjust_ctc_boundaries.py --ctc-dir /mnt/nvme4/mfa_work_laria_0825/gpu_7/batch_0007_LAria-edf184b39c/workspace/ctc_pretg_adj --audio-dir /mnt/nvme4/mfa_work_laria_0825/gpu_7/batch_0007_LAria-edf184b39c/audio --output-dir /mnt/nvme4/mfa_work_laria_0825/gpu_7/batch_0007_LAria-edf184b39c/workspace/ctc_pretg_adj --raw-manifest /mnt/nvme4/mfa_work_laria_0825/gpu_7/batch_0007_LAria-edf184b39c/workspace/ctc_pretg/.ctc_raw_manifest.json --overwrite
============================================================


  >>> [align] MFA align (NVASR corpus + CTC anchors)
  NVASR corpus: /mnt/nvme4/mfa_work_laria_0825/gpu_7/batch_0007_LAria-edf184b39c/workspace/ctc_pretg_adj (.lab files from ASR text)
  CTC anchors:  /mnt/nvme4/mfa_work_laria_0825/gpu_7/batch_0007_LAria-edf184b39c/workspace/ctc_pretg_adj
  Transcript and anchors from SAME source -> 100% word match

============================================================
  Step 6: MFA Align (NVASR corpus + CTC anchors)
============================================================

  MFA output set: 131/131 complete

  >>> [align_en] English MFA align (English-only segments)

============================================================
  English MFA Alignment
  /home/user/miniconda3/envs/mfa-dev/bin/python3 /mnt/local_E/MFA_Pause/repo/scripts/align_english_mfa.py --ctc-dir /mnt/nvme4/mfa_work_laria_0825/gpu_7/batch_0007_LAria-edf184b39c/workspace/ctc_pretg_adj --audio-dir /mnt/nvme4/mfa_work_laria_0825/gpu_7/batch_0007_LAria-edf184b39c/workspace/audio_16k --output-dir /mnt/nvme4/mfa_work_laria_0825/gpu_7/batch_0007_LAria-edf184b39c/workspace/en_phones --acoustic-model /mnt/local_E/MFA_Pause/pretrained_models/acoustic/english_us_arpa.zip --dictionary /mnt/local_E/MFA_Pause/repo/dict/cmudict.dict --g2p-model /mnt/local_E/MFA_Pause/pretrained_models/g2p/english_us_arpa.zip --temp-dir /mnt/nvme4/mfa_work_laria_0825/gpu_7/batch_0007_LAria-edf184b39c/workspace/temp_en_mfa --num-jobs 4 --padding-ms 50 --min-segment-dur-ms 150 --max-gap-merge-s 0.35 --beam 10 --retry-beam 40 --singleton-retry-beam 100 --singleton-retry-retry-beam 1000 --singleton-retry-timeout 600 --singleton-retry-limit 16 --timeout 1800 --g2p-timeout 300 --strict-provenance --python /home/user/miniconda3/envs/mfa-dev/bin/python3
============================================================


  >>> [postprocess] Post-processing (includes NVV brackets + sp1 normalization)

============================================================
  Step 7: Post-processing
  /home/user/miniconda3/envs/mfa-dev/bin/python3 /mnt/local_E/MFA_Pause/repo/scripts/postprocess_textgrids.py --txt-dir /mnt/nvme4/mfa_work_laria_0825/gpu_7/batch_0007_LAria-edf184b39c/workspace/ctc_pretg_adj --textgrid-dir /mnt/nvme4/mfa_work_laria_0825/gpu_7/batch_0007_LAria-edf184b39c/workspace/aligned --output-dir /mnt/nvme4/mfa_work_laria_0825/gpu_7/batch_0007_LAria-edf184b39c/workspace/strict_ok_runs/20260825T115549Z_3398947/output --filtered-dir /mnt/nvme4/mfa_work_laria_0825/gpu_7/batch_0007_LAria-edf184b39c/workspace/strict_ok_runs/20260825T115549Z_3398947/filtered --wav-dir /mnt/nvme4/mfa_work_laria_0825/gpu_7/batch_0007_LAria-edf184b39c/workspace/audio_16k --raw-text-dir /mnt/nvme4/mfa_work_laria_0825/gpu_7/batch_0007_LAria-edf184b39c/audio --original-txt-dir /mnt/nvme4/mfa_work_laria_0825/gpu_7/batch_0007_LAria-edf184b39c/audio --reference-mode fallback --pinyin-dict /mnt/local_E/MFA_Pause/repo/dict/fullpinyin_enword.dict --ipa-dict /mnt/local_E/MFA_Pause/repo/dict/mfa_ipa.dict --en-phones-dir /mnt/nvme4/mfa_work_laria_0825/gpu_7/batch_0007_LAria-edf184b39c/workspace/en_phones --tone-ref /mnt/nvme4/mfa_work_laria_0825/gpu_7/batch_0007_LAria-edf184b39c/workspace/strict_ok_runs/20260825T115549Z_3398947/output/tone_mapping.json --merge-max-sil-sec 0.2 --fix-short-word-sec 0.25 --fix-min-silence-sec 0.4 --fix-search-sec 0.5 --bgm-noise-floor-ratio 2.0 --bgm-min-sil-dur 0.3 --bgm-speech-ratio 1.0 --bgm-min-energy 0.01 --bgm-max-threshold 0.05 --no-enable-word-in-silence-filter --filter-word-energy-ratio 0 --filter-short-phone-sec 0.015 --filter-long-word-sec 1.0 --filter-min-word-sec 0.15 --filter-min-word-dur-sec 0.02 --filter-min-phone-coverage 0.35 --filter-edge-gap-sec 0.25 --filter-flank-silence-sec 0.4 --filter-long-consonant-sec 999.0 --filter-long-vowel-sec 999.0 --filter-short-phone-en-sec 0.01 --filter-long-vowel-en-sec 0.5 --filter-long-consonant-en-sec 1.0 --filter-min-en-phone-coverage 0.25 --strict-ok --allow-filtered-integrity-failures --mfa-input-axis-receipt /mnt/nvme4/mfa_work_laria_0825/gpu_7/batch_0007_LAria-edf184b39c/workspace/.mfa_input_axis_receipt.json --mfa-alignment-axis-receipt /mnt/nvme4/mfa_work_laria_0825/gpu_7/batch_0007_LAria-edf184b39c/workspace/.mfa_alignment_axis_receipt.json --mfa-axis-audio-root /mnt/nvme4/mfa_work_laria_0825/gpu_7/batch_0007_LAria-edf184b39c/workspace/audio_16k --tts-authoritative-audio-root /mnt/nvme4/mfa_work_laria_0825/gpu_7/batch_0007_LAria-edf184b39c/audio --overwrite
============================================================

  Postprocess contract: 131 stems, 22 output, 109 filtered

  >>> [strict_ok] Independent strict-ok audit and manifest

============================================================
  Step 8: strict-ok independent audit
  /home/user/miniconda3/envs/mfa-dev/bin/python3 /mnt/local_E/MFA_Pause/repo/scripts/audit_strict_ok.py --output-dir /mnt/nvme4/mfa_work_laria_0825/gpu_7/batch_0007_LAria-edf184b39c/workspace/strict_ok_runs/20260825T115549Z_3398947/output --filtered-dir /mnt/nvme4/mfa_work_laria_0825/gpu_7/batch_0007_LAria-edf184b39c/workspace/strict_ok_runs/20260825T115549Z_3398947/filtered --ctc-dir /mnt/nvme4/mfa_work_laria_0825/gpu_7/batch_0007_LAria-edf184b39c/workspace/ctc_pretg_adj --reference-dir /mnt/nvme4/mfa_work_laria_0825/gpu_7/batch_0007_LAria-edf184b39c/audio --reference-mode fallback --wav-dir /mnt/nvme4/mfa_work_laria_0825/gpu_7/batch_0007_LAria-edf184b39c/workspace/audio_16k --aligned-dir /mnt/nvme4/mfa_work_laria_0825/gpu_7/batch_0007_LAria-edf184b39c/workspace/aligned --en-phones-dir /mnt/nvme4/mfa_work_laria_0825/gpu_7/batch_0007_LAria-edf184b39c/workspace/en_phones --en-aligned-dir /mnt/nvme4/mfa_work_laria_0825/gpu_7/batch_0007_LAria-edf184b39c/workspace/temp_en_mfa/en_aligned --en-manifest /mnt/nvme4/mfa_work_laria_0825/gpu_7/batch_0007_LAria-edf184b39c/workspace/en_phones/en_alignment_manifest.json --report /mnt/nvme4/mfa_work_laria_0825/gpu_7/batch_0007_LAria-edf184b39c/workspace/strict_ok_runs/20260825T115549Z_3398947/output/postprocess_report.jsonl --manifest /mnt/nvme4/mfa_work_laria_0825/gpu_7/batch_0007_LAria-edf184b39c/workspace/strict_ok_runs/20260825T115549Z_3398947/output/strict_ok_manifest.json --pipeline-receipt /mnt/nvme4/mfa_work_laria_0825/gpu_7/batch_0007_LAria-edf184b39c/workspace/strict_ok_runs/20260825T115549Z_3398947/output/.pipeline_run_receipt_v2.json --mfa-input-axis-receipt /mnt/nvme4/mfa_work_laria_0825/gpu_7/batch_0007_LAria-edf184b39c/workspace/.mfa_input_axis_receipt.json --mfa-alignment-axis-receipt /mnt/nvme4/mfa_work_laria_0825/gpu_7/batch_0007_LAria-edf184b39c/workspace/.mfa_alignment_axis_receipt.json --mfa-axis-audio-root /mnt/nvme4/mfa_work_laria_0825/gpu_7/batch_0007_LAria-edf184b39c/workspace/audio_16k --tts-authoritative-audio-root /mnt/nvme4/mfa_work_laria_0825/gpu_7/batch_0007_LAria-edf184b39c/audio
============================================================
strict-ok: 0 ok, 132 rejected; manifest=/mnt/nvme0/mfa_work_laria_0825/gpu_0/batch_0000_LAria-edf184b39c/workspace/strict_ok_runs/20260825T115549Z_3398935/output/strict_ok_manifest.json
strict-ok safe_empty: no publication candidate exists
strict-ok: 0 ok, 132 rejected; manifest=/mnt/nvme3/mfa_work_laria_0825/gpu_2/batch_0002_LAria-edf184b39c/workspace/strict_ok_runs/20260825T115549Z_3398939/output/strict_ok_manifest.json
strict-ok safe_empty: no publication candidate exists
strict-ok: 0 ok, 132 rejected; manifest=/mnt/nvme3/mfa_work_laria_0825/gpu_6/batch_0006_LAria-edf184b39c/workspace/strict_ok_runs/20260825T115549Z_3398946/output/strict_ok_manifest.json
strict-ok safe_empty: no publication candidate exists
strict-ok: 0 ok, 131 rejected; manifest=/mnt/nvme4/mfa_work_laria_0825/gpu_7/batch_0007_LAria-edf184b39c/workspace/strict_ok_runs/20260825T115549Z_3398947/output/strict_ok_manifest.json
strict-ok safe_empty: no publication candidate exists

  Kept 16kHz audio: /mnt/nvme4/mfa_work_laria_0825/gpu_7/batch_0007_LAria-edf184b39c/workspace/audio_16k

  Publish skipped because the pipeline failed: strict_ok

############################################################
  FAILED: strict_ok
  Output: /mnt/nvme4/mfa_work_laria_0825/gpu_7/batch_0007_LAria-edf184b39c/workspace/strict_ok_runs/20260825T115549Z_3398947/output
############################################################


  Kept 16kHz audio: /mnt/nvme0/mfa_work_laria_0825/gpu_4/batch_0004_LAria-edf184b39c/workspace/audio_16k

  Publish skipped because the pipeline failed: strict_ok

############################################################
  FAILED: strict_ok
  Output: /mnt/nvme0/mfa_work_laria_0825/gpu_4/batch_0004_LAria-edf184b39c/workspace/strict_ok_runs/20260825T115549Z_3398942/output
############################################################


  Kept 16kHz audio: /mnt/nvme1/mfa_work_laria_0825/gpu_1/batch_0001_LAria-edf184b39c/workspace/audio_16k

  Publish skipped because the pipeline failed: strict_ok

############################################################
  FAILED: strict_ok
  Output: /mnt/nvme1/mfa_work_laria_0825/gpu_1/batch_0001_LAria-edf184b39c/workspace/strict_ok_runs/20260825T115549Z_3398937/output
############################################################


  Kept 16kHz audio: /mnt/nvme0/mfa_work_laria_0825/gpu_0/batch_0000_LAria-edf184b39c/workspace/audio_16k

  Publish skipped because the pipeline failed: strict_ok

############################################################
  FAILED: strict_ok
  Output: /mnt/nvme0/mfa_work_laria_0825/gpu_0/batch_0000_LAria-edf184b39c/workspace/strict_ok_runs/20260825T115549Z_3398935/output
############################################################


  Kept 16kHz audio: /mnt/nvme1/mfa_work_laria_0825/gpu_5/batch_0005_LAria-edf184b39c/workspace/audio_16k

  Publish skipped because the pipeline failed: strict_ok

############################################################
  FAILED: strict_ok
  Output: /mnt/nvme1/mfa_work_laria_0825/gpu_5/batch_0005_LAria-edf184b39c/workspace/strict_ok_runs/20260825T115549Z_3398944/output
############################################################


  Kept 16kHz audio: /mnt/nvme4/mfa_work_laria_0825/gpu_3/batch_0003_LAria-edf184b39c/workspace/audio_16k

  Publish skipped because the pipeline failed: strict_ok

############################################################
  FAILED: strict_ok
  Output: /mnt/nvme4/mfa_work_laria_0825/gpu_3/batch_0003_LAria-edf184b39c/workspace/strict_ok_runs/20260825T115549Z_3398941/output
############################################################


  Kept 16kHz audio: /mnt/nvme3/mfa_work_laria_0825/gpu_2/batch_0002_LAria-edf184b39c/workspace/audio_16k

  Publish skipped because the pipeline failed: strict_ok

############################################################
  FAILED: strict_ok
  Output: /mnt/nvme3/mfa_work_laria_0825/gpu_2/batch_0002_LAria-edf184b39c/workspace/strict_ok_runs/20260825T115549Z_3398939/output
############################################################


  Kept 16kHz audio: /mnt/nvme3/mfa_work_laria_0825/gpu_6/batch_0006_LAria-edf184b39c/workspace/audio_16k

  Publish skipped because the pipeline failed: strict_ok

############################################################
  FAILED: strict_ok
  Output: /mnt/nvme3/mfa_work_laria_0825/gpu_6/batch_0006_LAria-edf184b39c/workspace/strict_ok_runs/20260825T115549Z_3398946/output
############################################################

  [CPU] Preserved: /mnt/nvme3/mfa_work_laria_0825/gpu_2/batch_0002_LAria-edf184b39c.FAILED
CPU_RETRY_END batch_0002 ok=False
  [CPU] Preserved: /mnt/nvme4/mfa_work_laria_0825/gpu_3/batch_0003_LAria-edf184b39c.FAILED
CPU_RETRY_END batch_0003 ok=False
  [CPU] Preserved: /mnt/nvme4/mfa_work_laria_0825/gpu_7/batch_0007_LAria-edf184b39c.FAILED
CPU_RETRY_END batch_0007 ok=False
  [CPU] Preserved: /mnt/nvme1/mfa_work_laria_0825/gpu_5/batch_0005_LAria-edf184b39c.FAILED
CPU_RETRY_END batch_0005 ok=False
  [CPU] Preserved: /mnt/nvme3/mfa_work_laria_0825/gpu_6/batch_0006_LAria-edf184b39c.FAILED
CPU_RETRY_END batch_0006 ok=False
  [CPU] Preserved: /mnt/nvme0/mfa_work_laria_0825/gpu_0/batch_0000_LAria-edf184b39c.FAILED
CPU_RETRY_END batch_0000 ok=False
  [CPU] Preserved: /mnt/nvme1/mfa_work_laria_0825/gpu_1/batch_0001_LAria-edf184b39c.FAILED
CPU_RETRY_END batch_0001 ok=False
  Quarantined stale batch artifact: /mnt/Raw/0825/laria-v5-no-reference-8gpu-20260825-v2/LAria/ctc_pretg_adj -> /mnt/Raw/0825/laria-v5-no-reference-8gpu-20260825-v2/LAria/ctc_pretg_adj.CACHE.20260825T115717Z.3397616
  [CPU] Preserved: /mnt/nvme0/mfa_work_laria_0825/gpu_4/batch_0004_LAria-edf184b39c.FAILED
CPU_RETRY_END batch_0004 ok=False
CPU_RETRY_RESULTS {"0": false, "1": false, "2": false, "3": false, "4": false, "5": false, "6": false, "7": false}
RESTORED batch_0000: /mnt/nvme0/mfa_work_laria_0825/gpu_0/batch_0000_LAria-edf184b39c
RESTORED batch_0001: /mnt/nvme1/mfa_work_laria_0825/gpu_1/batch_0001_LAria-edf184b39c
RESTORED batch_0002: /mnt/nvme3/mfa_work_laria_0825/gpu_2/batch_0002_LAria-edf184b39c
RESTORED batch_0003: /mnt/nvme4/mfa_work_laria_0825/gpu_3/batch_0003_LAria-edf184b39c
RESTORED batch_0004: /mnt/nvme0/mfa_work_laria_0825/gpu_4/batch_0004_LAria-edf184b39c
RESTORED batch_0005: /mnt/nvme1/mfa_work_laria_0825/gpu_5/batch_0005_LAria-edf184b39c
RESTORED batch_0006: /mnt/nvme3/mfa_work_laria_0825/gpu_6/batch_0006_LAria-edf184b39c
RESTORED batch_0007: /mnt/nvme4/mfa_work_laria_0825/gpu_7/batch_0007_LAria-edf184b39c
CPU_RETRY_START batch_0000 stems=132
CPU_RETRY_START batch_0001 stems=132
CPU_RETRY_START batch_0002 stems=132
CPU_RETRY_START batch_0003 stems=132
CPU_RETRY_START batch_0004 stems=132
CPU_RETRY_START batch_0005 stems=132
CPU_RETRY_START batch_0006 stems=132
CPU_RETRY_START batch_0007 stems=131
  Parallel mode: 32 workers for 132 files (ProcessPool, BLAS=1 per worker)
  Parallel mode: 32 workers for 132 files (ProcessPool, BLAS=1 per worker)
  Parallel mode: 32 workers for 132 files (ProcessPool, BLAS=1 per worker)
  Parallel mode: 32 workers for 131 files (ProcessPool, BLAS=1 per worker)
  Parallel mode: 32 workers for 132 files (ProcessPool, BLAS=1 per worker)
  Parallel mode: 32 workers for 132 files (ProcessPool, BLAS=1 per worker)
  Parallel mode: 32 workers for 132 files (ProcessPool, BLAS=1 per worker)
  Parallel mode: 32 workers for 132 files (ProcessPool, BLAS=1 per worker)
  ... 100/132 files adjusted
  ... 100/132 files adjusted
  ... 100/132 files adjusted
  ... 100/132 files adjusted
  ... 100/132 files adjusted
  ... 100/132 files adjusted
  ... 100/131 files adjusted
  ... 100/132 files adjusted

==================================================
Total: 132 files
  Start adjustments:   346
  End extended:        106
  End shortened:       28
  Punct adjustments:   280
Output: /mnt/nvme0/mfa_work_laria_0825/gpu_0/batch_0000_LAria-edf184b39c/workspace/ctc_pretg_adj

==================================================
Total: 132 files
  Start adjustments:   361
  End extended:        104
  End shortened:       26
  Punct adjustments:   297
Output: /mnt/nvme1/mfa_work_laria_0825/gpu_5/batch_0005_LAria-edf184b39c/workspace/ctc_pretg_adj

==================================================
Total: 132 files
  Start adjustments:   364
  End extended:        105
  End shortened:       26
  Punct adjustments:   300
Output: /mnt/nvme1/mfa_work_laria_0825/gpu_1/batch_0001_LAria-edf184b39c/workspace/ctc_pretg_adj

==================================================
Total: 132 files
  Start adjustments:   370
  End extended:        109
  End shortened:       31
  Punct adjustments:   312
Output: /mnt/nvme0/mfa_work_laria_0825/gpu_4/batch_0004_LAria-edf184b39c/workspace/ctc_pretg_adj

==================================================
Total: 131 files
  Start adjustments:   363
  End extended:        109
  End shortened:       27
  Punct adjustments:   304
Output: /mnt/nvme4/mfa_work_laria_0825/gpu_7/batch_0007_LAria-edf184b39c/workspace/ctc_pretg_adj

==================================================
Total: 132 files
  Start adjustments:   365
  End extended:        107
  End shortened:       20
  Punct adjustments:   294
Output: /mnt/nvme3/mfa_work_laria_0825/gpu_6/batch_0006_LAria-edf184b39c/workspace/ctc_pretg_adj

==================================================
Total: 132 files
  Start adjustments:   372
  End extended:        120
  End shortened:       28
  Punct adjustments:   312
Output: /mnt/nvme4/mfa_work_laria_0825/gpu_3/batch_0003_LAria-edf184b39c/workspace/ctc_pretg_adj

==================================================
Total: 132 files
  Start adjustments:   351
  End extended:        113
  End shortened:       24
  Punct adjustments:   292
Output: /mnt/nvme3/mfa_work_laria_0825/gpu_2/batch_0002_LAria-edf184b39c/workspace/ctc_pretg_adj
<frozen runpy>:128: RuntimeWarning: 'montreal_forced_aligner.command_line.mfa' found in sys.modules after import of package 'montreal_forced_aligner.command_line', but prior to execution of 'montreal_forced_aligner.command_line.mfa'; this may result in unpredictable behaviour
<frozen runpy>:128: RuntimeWarning: 'montreal_forced_aligner.command_line.mfa' found in sys.modules after import of package 'montreal_forced_aligner.command_line', but prior to execution of 'montreal_forced_aligner.command_line.mfa'; this may result in unpredictable behaviour
<frozen runpy>:128: RuntimeWarning: 'montreal_forced_aligner.command_line.mfa' found in sys.modules after import of package 'montreal_forced_aligner.command_line', but prior to execution of 'montreal_forced_aligner.command_line.mfa'; this may result in unpredictable behaviour
<frozen runpy>:128: RuntimeWarning: 'montreal_forced_aligner.command_line.mfa' found in sys.modules after import of package 'montreal_forced_aligner.command_line', but prior to execution of 'montreal_forced_aligner.command_line.mfa'; this may result in unpredictable behaviour
<frozen runpy>:128: RuntimeWarning: 'montreal_forced_aligner.command_line.mfa' found in sys.modules after import of package 'montreal_forced_aligner.command_line', but prior to execution of 'montreal_forced_aligner.command_line.mfa'; this may result in unpredictable behaviour
<frozen runpy>:128: RuntimeWarning: 'montreal_forced_aligner.command_line.mfa' found in sys.modules after import of package 'montreal_forced_aligner.command_line', but prior to execution of 'montreal_forced_aligner.command_line.mfa'; this may result in unpredictable behaviour
<frozen runpy>:128: RuntimeWarning: 'montreal_forced_aligner.command_line.mfa' found in sys.modules after import of package 'montreal_forced_aligner.command_line', but prior to execution of 'montreal_forced_aligner.command_line.mfa'; this may result in unpredictable behaviour
<frozen runpy>:128: RuntimeWarning: 'montreal_forced_aligner.command_line.mfa' found in sys.modules after import of package 'montreal_forced_aligner.command_line', but prior to execution of 'montreal_forced_aligner.command_line.mfa'; this may result in unpredictable behaviour
 INFO     Alignment already done, skipping.                                     
 INFO     Alignment already done, skipping.                                     
 INFO     Analyzing alignment quality...                                        
 INFO     Alignment already done, skipping.                                     
 INFO     Alignment already done, skipping.                                     
 INFO     Analyzing alignment quality...                                        
 INFO     Alignment already done, skipping.                                     
 INFO     Alignment already done, skipping.                                     
 INFO     Analyzing alignment quality...                                        
 INFO     Alignment already done, skipping.                                     
 INFO     Alignment already done, skipping.                                     
 INFO     Alignment already done, skipping.                                     
 INFO     Alignment already done, skipping.                                     
 INFO     Alignment already done, skipping.                                     
 INFO     Analyzing alignment quality...                                        
 INFO     Alignment already done, skipping.                                     
 INFO     Alignment already done, skipping.                                     
 INFO     Alignment already done, skipping.                                     
 INFO     Analyzing alignment quality...                                        
 INFO     Analyzing alignment quality...                                        
 INFO     Analyzing alignment quality...                                        
 INFO     Alignment already done, skipping.                                     
 INFO     Alignment already done, skipping.                                     
 INFO     Analyzing alignment quality...                                        
  99% ━━━━━━━━━━━━━━━━━━━━━━━━━━━━━━━━━╸ 131/132  [ 0:00:02 < -:--:-- , ? it/s ]
 INFO     Exporting alignment TextGrids to                                      
          /mnt/nvme0/mfa_work_laria_0825/gpu_0/batch_0000_LAria-edf184b39c/works
          pace/aligned...                                                       
 100% ━━━━━━━━━━━━━━━━━━━━━━━━━━━━━━━━━━ 131/131  [ 0:00:02 < 0:00:00 , ? it/s ]
 100% ━━━━━━━━━━━━━━━━━━━━━━━━━━━━━━━━━━ 132/132  [ 0:00:02 < 0:00:00 , ? it/s ]
 INFO     Exporting alignment TextGrids to                                      
          /mnt/nvme0/mfa_work_laria_0825/gpu_4/batch_0004_LAria-edf184b39c/works
          pace/aligned...                                                       
 INFO     Exporting alignment TextGrids to                                      
          /mnt/nvme4/mfa_work_laria_0825/gpu_7/batch_0007_LAria-edf184b39c/works
          pace/aligned...                                                       
  99% ━━━━━━━━━━━━━━━━━━━━━━━━━━━━━━━━━╸ 131/132  [ 0:00:02 < -:--:-- , ? it/s ]
 INFO     Exporting alignment TextGrids to                                      
          /mnt/nvme3/mfa_work_laria_0825/gpu_6/batch_0006_LAria-edf184b39c/works
          pace/aligned...                                                       
 100% ━━━━━━━━━━━━━━━━━━━━━━━━━━━━━━━━━━ 132/132  [ 0:00:02 < 0:00:00 , ? it/s ]
 INFO     Exporting alignment TextGrids to                                      
          /mnt/nvme1/mfa_work_laria_0825/gpu_5/batch_0005_LAria-edf184b39c/works
          pace/aligned...                                                       
  98% ━━━━━━━━━━━━━━━━━━━━━━━━━━━━━━━━━  130/132  [ 0:00:03 < -:--:-- , ? it/s ]
 INFO     Exporting alignment TextGrids to                                      
          /mnt/nvme1/mfa_work_laria_0825/gpu_1/batch_0001_LAria-edf184b39c/works
          pace/aligned...                                                       
  98% ━━━━━━━━━━━━━━━━━━━━━━━━━━━━━━━━━  130/132  [ 0:00:03 < -:--:-- , ? it/s ]
 INFO     Exporting alignment TextGrids to                                      
          /mnt/nvme4/mfa_work_laria_0825/gpu_3/batch_0003_LAria-edf184b39c/works
          pace/aligned...                                                       
 100% ━━━━━━━━━━━━━━━━━━━━━━━━━━━━━━━━━━ 132/132  [ 0:00:03 < 0:00:00 , ? it/s ]
 INFO     Exporting alignment TextGrids to                                      
          /mnt/nvme3/mfa_work_laria_0825/gpu_2/batch_0002_LAria-edf184b39c/works
          pace/aligned...                                                       
  99% ━━━━━━━━━━━━━━━━━━━━━━━━━━━━━━━╸ 131/132  [ 0:00:02 < 0:00:01 , 130 it/s ]
 INFO     Finished exporting TextGrids to                                       
          /mnt/nvme0/mfa_work_laria_0825/gpu_0/batch_0000_LAria-edf184b39c/works
          pace/aligned!                                                         
 INFO     Done! Everything took 4.776 seconds                                   
 100% ━━━━━━━━━━━━━━━━━━━━━━━━━━━━━━━━ 132/132  [ 0:00:02 < 0:00:00 , 131 it/s ]
 INFO     Finished exporting TextGrids to                                       
          /mnt/nvme0/mfa_work_laria_0825/gpu_4/batch_0004_LAria-edf184b39c/works
          pace/aligned!                                                         
 INFO     Done! Everything took 4.907 seconds                                   
 100% ━━━━━━━━━━━━━━━━━━━━━━━━━━━━━━━━ 131/131  [ 0:00:02 < 0:00:00 , 130 it/s ]
 INFO     Finished exporting TextGrids to                                       
          /mnt/nvme4/mfa_work_laria_0825/gpu_7/batch_0007_LAria-edf184b39c/works
          pace/aligned!                                                         
 INFO     Done! Everything took 4.920 seconds                                   
  99% ━━━━━━━━━━━━━━━━━━━━━━━━━━━━━━━╸ 131/132  [ 0:00:02 < 0:00:01 , 130 it/s ]
 INFO     Finished exporting TextGrids to                                       
          /mnt/nvme3/mfa_work_laria_0825/gpu_6/batch_0006_LAria-edf184b39c/works
          pace/aligned!                                                         
 100% ━━━━━━━━━━━━━━━━━━━━━━━━━━━━━━━━ 132/132  [ 0:00:02 < 0:00:00 , 131 it/s ]
 INFO     Finished exporting TextGrids to                                       
          /mnt/nvme1/mfa_work_laria_0825/gpu_5/batch_0005_LAria-edf184b39c/works
          pace/aligned!                                                         
 INFO     Done! Everything took 5.089 seconds                                   
 INFO     Done! Everything took 5.094 seconds                                   
  98% ━━━━━━━━━━━━━━━━━━━━━━━━━━━━━━━╸ 130/132  [ 0:00:02 < 0:00:01 , 129 it/s ]
 INFO     Finished exporting TextGrids to                                       
          /mnt/nvme1/mfa_work_laria_0825/gpu_1/batch_0001_LAria-edf184b39c/works
          pace/aligned!                                                         
 INFO     Done! Everything took 5.237 seconds                                   
  98% ━━━━━━━━━━━━━━━━━━━━━━━━━━━━━━━╸ 130/132  [ 0:00:02 < 0:00:01 , 129 it/s ]
 INFO     Finished exporting TextGrids to                                       
          /mnt/nvme4/mfa_work_laria_0825/gpu_3/batch_0003_LAria-edf184b39c/works
          pace/aligned!                                                         
 INFO     Done! Everything took 5.314 seconds                                   
Found 132 stems with CTC output
Scanning for English word segments...
  25 stems contain English words
  27 total English words
Extracting English audio segments...
  Building English corpus: 25 stems, 16 workers
Found 132 stems with CTC output
Scanning for English word segments...
  37 stems contain English words
  40 total English words
Extracting English audio segments...
  Building English corpus: 37 stems, 16 workers
Found 131 stems with CTC output
Scanning for English word segments...
  34 stems contain English words
  37 total English words
Extracting English audio segments...
  Building English corpus: 34 stems, 16 workers
 100% ━━━━━━━━━━━━━━━━━━━━━━━━━━━━━━━━ 132/132  [ 0:00:02 < 0:00:00 , 131 it/s ]
 INFO     Finished exporting TextGrids to                                       
          /mnt/nvme3/mfa_work_laria_0825/gpu_2/batch_0002_LAria-edf184b39c/works
          pace/aligned!                                                         
 INFO     Done! Everything took 5.657 seconds                                   
Found 132 stems with CTC output
Scanning for English word segments...
  34 stems contain English words
  44 total English words
Extracting English audio segments...
  Building English corpus: 34 stems, 16 workers
Found 132 stems with CTC output
Scanning for English word segments...
  25 stems contain English words
  28 total English words
Extracting English audio segments...
  Building English corpus: 25 stems, 16 workers
Found 132 stems with CTC output
Scanning for English word segments...
  23 stems contain English words
  29 total English words
Extracting English audio segments...
  Building English corpus: 23 stems, 16 workers
Found 132 stems with CTC output
Scanning for English word segments...
  32 stems contain English words
  42 total English words
Extracting English audio segments...
  Building English corpus: 32 stems, 16 workers
Found 132 stems with CTC output
Scanning for English word segments...
  30 stems contain English words
  34 total English words
Extracting English audio segments...
  Building English corpus: 30 stems, 16 workers
  [34/34] stems processed
  44 English segments for MFA, 0 skipped (too short)
Building English dictionary...
  Running English MFA align (44 segments)...
  Wrote English phone data for 34 stems
Done: English MFA alignment complete (34 stems)
  [34/34] stems processed
  36 English segments for MFA, 1 skipped (too short)
Building English dictionary...
  Running English MFA align (36 segments)...
  Wrote English phone data for 34 stems
Done: English MFA alignment complete (34 stems)
  [25/25] stems processed
  28 English segments for MFA, 0 skipped (too short)
Building English dictionary...
  Running English MFA align (28 segments)...
  Wrote English phone data for 25 stems
Done: English MFA alignment complete (25 stems)
  [25/25] stems processed
  27 English segments for MFA, 0 skipped (too short)
Building English dictionary...
  Running English MFA align (27 segments)...
  Wrote English phone data for 25 stems
Done: English MFA alignment complete (25 stems)
  [23/23] stems processed
  29 English segments for MFA, 0 skipped (too short)
Building English dictionary...
  Running English MFA align (29 segments)...
  Wrote English phone data for 23 stems
Done: English MFA alignment complete (23 stems)
Loading dictionaries...
  Pinyin dict: 2210 entries
  IPA dict: 19512 entries
  IPA->Pinyin phone mappings: 119
  Tone reference table: /mnt/nvme3/mfa_work_laria_0825/gpu_6/batch_0006_LAria-edf184b39c/workspace/output_staging/20260825T120008Z_3408672_3408672/tone_mapping.json
  Tone marks: ˥˥->1, ˥->1, ˧˥->2, ˨˩˦->3, ˥˩->4, ˩->5
  Postprocess parallel: 32 workers for 131 files (ProcessPool)
  [30/30] stems processed
  34 English segments for MFA, 0 skipped (too short)
Building English dictionary...
  Running English MFA align (34 segments)...
  Wrote English phone data for 30 stems
Done: English MFA alignment complete (30 stems)
Loading dictionaries...
  Pinyin dict: 2210 entries
  IPA dict: 19512 entries
  IPA->Pinyin phone mappings: 119
  Tone reference table: /mnt/nvme4/mfa_work_laria_0825/gpu_7/batch_0007_LAria-edf184b39c/workspace/output_staging/20260825T120008Z_3408673_3408673/tone_mapping.json
  Tone marks: ˥->1, ˥˥->1, ˧˥->2, ˨˩˦->3, ˥˩->4, ˩->5
  Postprocess parallel: 32 workers for 131 files (ProcessPool)
  _snap_to_ctc: token count mismatch (MFA=23, CTC=24) — NW aligned 23/23 tokens
  _snap_to_ctc: token count mismatch (MFA=40, CTC=41) — NW aligned 40/40 tokens
  _snap_to_ctc: token count mismatch (MFA=35, CTC=36) — NW aligned 35/35 tokens
  _snap_to_ctc: token count mismatch (MFA=34, CTC=36) — NW aligned 34/34 tokens
Loading dictionaries...
  Pinyin dict: 2210 entries
  IPA dict: 19512 entries
  IPA->Pinyin phone mappings: 119
  Tone reference table: /mnt/nvme1/mfa_work_laria_0825/gpu_5/batch_0005_LAria-edf184b39c/workspace/output_staging/20260825T120008Z_3408670_3408670/tone_mapping.json
  Tone marks: ˥˥->1, ˥->1, ˧˥->2, ˨˩˦->3, ˥˩->4, ˩->5
  Postprocess parallel: 32 workers for 132 files (ProcessPool)
  _snap_to_ctc: token count mismatch (MFA=46, CTC=47) — NW aligned 46/46 tokens
  _snap_to_ctc: token count mismatch (MFA=27, CTC=28) — NW aligned 27/27 tokens
  _snap_to_ctc: token count mismatch (MFA=25, CTC=27) — NW aligned 25/25 tokens
  CMUdict loaded from /mnt/local_E/MFA_Pause/repo/dict/cmudict.dict: 125088 entries
  CMUdict loaded from /mnt/local_E/MFA_Pause/repo/dict/cmudict.dict: 125088 entries
  CMUdict loaded from /mnt/local_E/MFA_Pause/repo/dict/cmudict.dict: 125088 entries
Loading dictionaries...
  Pinyin dict: 2210 entries
  IPA dict: 19512 entries
  IPA->Pinyin phone mappings: 119
  Tone reference table: /mnt/nvme0/mfa_work_laria_0825/gpu_0/batch_0000_LAria-edf184b39c/workspace/output_staging/20260825T120008Z_3408661_3408661/tone_mapping.json
  Tone marks: ˥˥->1, ˥->1, ˧˥->2, ˨˩˦->3, ˥˩->4, ˩->5
  Postprocess parallel: 32 workers for 131 files (ProcessPool)
  CMUdict loaded from /mnt/local_E/MFA_Pause/repo/dict/cmudict.dict: 125088 entries
  CMUdict loaded from /mnt/local_E/MFA_Pause/repo/dict/cmudict.dict: 125088 entries
  CMUdict loaded from /mnt/local_E/MFA_Pause/repo/dict/cmudict.dict: 125088 entries
  CMUdict loaded from /mnt/local_E/MFA_Pause/repo/dict/cmudict.dict: 125088 entries
  CMUdict loaded from /mnt/local_E/MFA_Pause/repo/dict/cmudict.dict: 125088 entries
  CMUdict loaded from /mnt/local_E/MFA_Pause/repo/dict/cmudict.dict: 125088 entries
  CMUdict loaded from /mnt/local_E/MFA_Pause/repo/dict/cmudict.dict: 125088 entries
  CMUdict loaded from /mnt/local_E/MFA_Pause/repo/dict/cmudict.dict: 125088 entries
  CMUdict loaded from /mnt/local_E/MFA_Pause/repo/dict/cmudict.dict: 125088 entries
  CMUdict loaded from /mnt/local_E/MFA_Pause/repo/dict/cmudict.dict: 125088 entries
  CMUdict loaded from /mnt/local_E/MFA_Pause/repo/dict/cmudict.dict: 125088 entries
  CMUdict loaded from /mnt/local_E/MFA_Pause/repo/dict/cmudict.dict: 125088 entries
  CMUdict loaded from /mnt/local_E/MFA_Pause/repo/dict/cmudict.dict: 125088 entries
  CMUdict loaded from /mnt/local_E/MFA_Pause/repo/dict/cmudict.dict: 125088 entries
  CMUdict loaded from /mnt/local_E/MFA_Pause/repo/dict/cmudict.dict: 125088 entries
  CMUdict loaded from /mnt/local_E/MFA_Pause/repo/dict/cmudict.dict: 125088 entries
  CMUdict loaded from /mnt/local_E/MFA_Pause/repo/dict/cmudict.dict: 125088 entries
  CMUdict loaded from /mnt/local_E/MFA_Pause/repo/dict/cmudict.dict: 125088 entries
  CMUdict loaded from /mnt/local_E/MFA_Pause/repo/dict/cmudict.dict: 125088 entries
  CMUdict loaded from /mnt/local_E/MFA_Pause/repo/dict/cmudict.dict: 125088 entries
  CMUdict loaded from /mnt/local_E/MFA_Pause/repo/dict/cmudict.dict: 125088 entries
  CMUdict loaded from /mnt/local_E/MFA_Pause/repo/dict/cmudict.dict: 125088 entries
  CMUdict loaded from /mnt/local_E/MFA_Pause/repo/dict/cmudict.dict: 125088 entries
  CMUdict loaded from /mnt/local_E/MFA_Pause/repo/dict/cmudict.dict: 125088 entries
  CMUdict loaded from /mnt/local_E/MFA_Pause/repo/dict/cmudict.dict: 125088 entries
  CMUdict loaded from /mnt/local_E/MFA_Pause/repo/dict/cmudict.dict: 125088 entries
  CMUdict loaded from /mnt/local_E/MFA_Pause/repo/dict/cmudict.dict: 125088 entries
  CMUdict loaded from /mnt/local_E/MFA_Pause/repo/dict/cmudict.dict: 125088 entries
  _snap_to_ctc: token count mismatch (MFA=36, CTC=37) — NW aligned 36/36 tokens
  CMUdict loaded from /mnt/local_E/MFA_Pause/repo/dict/cmudict.dict: 125088 entries
  CMUdict loaded from /mnt/local_E/MFA_Pause/repo/dict/cmudict.dict: 125088 entries
  CMUdict loaded from /mnt/local_E/MFA_Pause/repo/dict/cmudict.dict: 125088 entries
  CMUdict loaded from /mnt/local_E/MFA_Pause/repo/dict/cmudict.dict: 125088 entries
  CMUdict loaded from /mnt/local_E/MFA_Pause/repo/dict/cmudict.dict: 125088 entries
  CMUdict loaded from /mnt/local_E/MFA_Pause/repo/dict/cmudict.dict: 125088 entries
  CMUdict loaded from /mnt/local_E/MFA_Pause/repo/dict/cmudict.dict: 125088 entries
  CMUdict loaded from /mnt/local_E/MFA_Pause/repo/dict/cmudict.dict: 125088 entries
  CMUdict loaded from /mnt/local_E/MFA_Pause/repo/dict/cmudict.dict: 125088 entries
  CMUdict loaded from /mnt/local_E/MFA_Pause/repo/dict/cmudict.dict: 125088 entries
  CMUdict loaded from /mnt/local_E/MFA_Pause/repo/dict/cmudict.dict: 125088 entries
  CMUdict loaded from /mnt/local_E/MFA_Pause/repo/dict/cmudict.dict: 125088 entries
  CMUdict loaded from /mnt/local_E/MFA_Pause/repo/dict/cmudict.dict: 125088 entries
  CMUdict loaded from /mnt/local_E/MFA_Pause/repo/dict/cmudict.dict: 125088 entries
  CMUdict loaded from /mnt/local_E/MFA_Pause/repo/dict/cmudict.dict: 125088 entries
  CMUdict loaded from /mnt/local_E/MFA_Pause/repo/dict/cmudict.dict: 125088 entries
  CMUdict loaded from /mnt/local_E/MFA_Pause/repo/dict/cmudict.dict: 125088 entries
  CMUdict loaded from /mnt/local_E/MFA_Pause/repo/dict/cmudict.dict: 125088 entries
  CMUdict loaded from /mnt/local_E/MFA_Pause/repo/dict/cmudict.dict: 125088 entries
  CMUdict loaded from /mnt/local_E/MFA_Pause/repo/dict/cmudict.dict: 125088 entries
  CMUdict loaded from /mnt/local_E/MFA_Pause/repo/dict/cmudict.dict: 125088 entries
  CMUdict loaded from /mnt/local_E/MFA_Pause/repo/dict/cmudict.dict: 125088 entries
  CMUdict loaded from /mnt/local_E/MFA_Pause/repo/dict/cmudict.dict: 125088 entries
  CMUdict loaded from /mnt/local_E/MFA_Pause/repo/dict/cmudict.dict: 125088 entries
  CMUdict loaded from /mnt/local_E/MFA_Pause/repo/dict/cmudict.dict: 125088 entries
  CMUdict loaded from /mnt/local_E/MFA_Pause/repo/dict/cmudict.dict: 125088 entries
  CMUdict loaded from /mnt/local_E/MFA_Pause/repo/dict/cmudict.dict: 125088 entries
  CMUdict loaded from /mnt/local_E/MFA_Pause/repo/dict/cmudict.dict: 125088 entries
  CMUdict loaded from /mnt/local_E/MFA_Pause/repo/dict/cmudict.dict: 125088 entries
  CMUdict loaded from /mnt/local_E/MFA_Pause/repo/dict/cmudict.dict: 125088 entries
  CMUdict loaded from /mnt/local_E/MFA_Pause/repo/dict/cmudict.dict: 125088 entries
  CMUdict loaded from /mnt/local_E/MFA_Pause/repo/dict/cmudict.dict: 125088 entries
  CMUdict loaded from /mnt/local_E/MFA_Pause/repo/dict/cmudict.dict: 125088 entries
  CMUdict loaded from /mnt/local_E/MFA_Pause/repo/dict/cmudict.dict: 125088 entries
  [32/32] stems processed
  41 English segments for MFA, 1 skipped (too short)
Building English dictionary...
  Running English MFA align (41 segments)...
  Wrote English phone data for 32 stems
Done: English MFA alignment complete (32 stems)
Loading dictionaries...
  Pinyin dict: 2210 entries
  IPA dict: 19512 entries
  IPA->Pinyin phone mappings: 119
  Tone reference table: /mnt/nvme1/mfa_work_laria_0825/gpu_1/batch_0001_LAria-edf184b39c/workspace/output_staging/20260825T120008Z_3408666_3408666/tone_mapping.json
  Tone marks: ˥->1, ˥˥->1, ˧˥->2, ˨˩˦->3, ˥˩->4, ˩->5
  Postprocess parallel: 32 workers for 130 files (ProcessPool)
  CMUdict loaded from /mnt/local_E/MFA_Pause/repo/dict/cmudict.dict: 125088 entries
  CMUdict loaded from /mnt/local_E/MFA_Pause/repo/dict/cmudict.dict: 125088 entries
  _snap_to_ctc: token count mismatch (MFA=39, CTC=40) — NW aligned 39/39 tokens
  CMUdict loaded from /mnt/local_E/MFA_Pause/repo/dict/cmudict.dict: 125088 entries
  CMUdict loaded from /mnt/local_E/MFA_Pause/repo/dict/cmudict.dict: 125088 entries
  CMUdict loaded from /mnt/local_E/MFA_Pause/repo/dict/cmudict.dict: 125088 entries
  CMUdict loaded from /mnt/local_E/MFA_Pause/repo/dict/cmudict.dict: 125088 entries
  CMUdict loaded from /mnt/local_E/MFA_Pause/repo/dict/cmudict.dict: 125088 entries
  CMUdict loaded from /mnt/local_E/MFA_Pause/repo/dict/cmudict.dict: 125088 entries
  CMUdict loaded from /mnt/local_E/MFA_Pause/repo/dict/cmudict.dict: 125088 entries
  CMUdict loaded from /mnt/local_E/MFA_Pause/repo/dict/cmudict.dict: 125088 entries
  CMUdict loaded from /mnt/local_E/MFA_Pause/repo/dict/cmudict.dict: 125088 entries
  CMUdict loaded from /mnt/local_E/MFA_Pause/repo/dict/cmudict.dict: 125088 entries
  CMUdict loaded from /mnt/local_E/MFA_Pause/repo/dict/cmudict.dict: 125088 entries
  CMUdict loaded from /mnt/local_E/MFA_Pause/repo/dict/cmudict.dict: 125088 entries
  CMUdict loaded from /mnt/local_E/MFA_Pause/repo/dict/cmudict.dict: 125088 entries
  [37/37] stems processed
  40 English segments for MFA, 0 skipped (too short)
Building English dictionary...
  Running English MFA align (40 segments)...
  Wrote English phone data for 37 stems
Done: English MFA alignment complete (37 stems)
  CMUdict loaded from /mnt/local_E/MFA_Pause/repo/dict/cmudict.dict: 125088 entries
  _snap_to_ctc: token count mismatch (MFA=52, CTC=53) — NW aligned 52/52 tokens
  _snap_to_ctc: token count mismatch (MFA=25, CTC=26) — NW aligned 25/25 tokens
Loading dictionaries...
  Pinyin dict: 2210 entries
  IPA dict: 19512 entries
  IPA->Pinyin phone mappings: 119
  Tone reference table: /mnt/nvme3/mfa_work_laria_0825/gpu_2/batch_0002_LAria-edf184b39c/workspace/output_staging/20260825T120008Z_3408664_3408664/tone_mapping.json
  Tone marks: ˥->1, ˥˥->1, ˧˥->2, ˨˩˦->3, ˥˩->4, ˩->5
  Postprocess parallel: 32 workers for 132 files (ProcessPool)
  _snap_to_ctc: token count mismatch (MFA=25, CTC=26) — NW aligned 25/25 tokens
  _snap_to_ctc: token count mismatch (MFA=38, CTC=39) — NW aligned 38/38 tokens
  CMUdict loaded from /mnt/local_E/MFA_Pause/repo/dict/cmudict.dict: 125088 entries
  _snap_to_ctc: token count mismatch (MFA=34, CTC=36) — NW aligned 34/34 tokens
  _snap_to_ctc: token count mismatch (MFA=28, CTC=29) — NW aligned 28/28 tokens
  CMUdict loaded from /mnt/local_E/MFA_Pause/repo/dict/cmudict.dict: 125088 entries
  CMUdict loaded from /mnt/local_E/MFA_Pause/repo/dict/cmudict.dict: 125088 entries
  CMUdict loaded from /mnt/local_E/MFA_Pause/repo/dict/cmudict.dict: 125088 entries
  CMUdict loaded from /mnt/local_E/MFA_Pause/repo/dict/cmudict.dict: 125088 entries
  CMUdict loaded from /mnt/local_E/MFA_Pause/repo/dict/cmudict.dict: 125088 entries
  CMUdict loaded from /mnt/local_E/MFA_Pause/repo/dict/cmudict.dict: 125088 entries
  CMUdict loaded from /mnt/local_E/MFA_Pause/repo/dict/cmudict.dict: 125088 entries
  CMUdict loaded from /mnt/local_E/MFA_Pause/repo/dict/cmudict.dict: 125088 entries
  CMUdict loaded from /mnt/local_E/MFA_Pause/repo/dict/cmudict.dict: 125088 entries
  CMUdict loaded from /mnt/local_E/MFA_Pause/repo/dict/cmudict.dict: 125088 entries
  _snap_to_ctc: token count mismatch (MFA=56, CTC=57) — NW aligned 56/56 tokens
  _snap_to_ctc: token count mismatch (MFA=35, CTC=36) — NW aligned 35/35 tokens
  CMUdict loaded from /mnt/local_E/MFA_Pause/repo/dict/cmudict.dict: 125088 entries
  CMUdict loaded from /mnt/local_E/MFA_Pause/repo/dict/cmudict.dict: 125088 entries
  _snap_to_ctc: token count mismatch (MFA=42, CTC=43) — NW aligned 42/42 tokens
  CMUdict loaded from /mnt/local_E/MFA_Pause/repo/dict/cmudict.dict: 125088 entries
  _snap_to_ctc: token count mismatch (MFA=40, CTC=41) — NW aligned 40/40 tokens
  CMUdict loaded from /mnt/local_E/MFA_Pause/repo/dict/cmudict.dict: 125088 entries
  _snap_to_ctc: token count mismatch (MFA=34, CTC=35) — NW aligned 34/34 tokens
  _snap_to_ctc: token count mismatch (MFA=23, CTC=24) — NW aligned 23/23 tokens
  CMUdict loaded from /mnt/local_E/MFA_Pause/repo/dict/cmudict.dict: 125088 entries
  _snap_to_ctc: token count mismatch (MFA=24, CTC=25) — NW aligned 24/24 tokens
  CMUdict loaded from /mnt/local_E/MFA_Pause/repo/dict/cmudict.dict: 125088 entries
  CMUdict loaded from /mnt/local_E/MFA_Pause/repo/dict/cmudict.dict: 125088 entries
  CMUdict loaded from /mnt/local_E/MFA_Pause/repo/dict/cmudict.dict: 125088 entries
  CMUdict loaded from /mnt/local_E/MFA_Pause/repo/dict/cmudict.dict: 125088 entries
  CMUdict loaded from /mnt/local_E/MFA_Pause/repo/dict/cmudict.dict: 125088 entries
  _snap_to_ctc: token count mismatch (MFA=26, CTC=27) — NW aligned 26/26 tokens
  _snap_to_ctc: token count mismatch (MFA=31, CTC=32) — NW aligned 31/31 tokens
  CMUdict loaded from /mnt/local_E/MFA_Pause/repo/dict/cmudict.dict: 125088 entries
  CMUdict loaded from /mnt/local_E/MFA_Pause/repo/dict/cmudict.dict: 125088 entries
  _snap_to_ctc: token count mismatch (MFA=34, CTC=37) — NW aligned 34/34 tokens
  CMUdict loaded from /mnt/local_E/MFA_Pause/repo/dict/cmudict.dict: 125088 entries
  _snap_to_ctc: token count mismatch (MFA=51, CTC=52) — NW aligned 51/51 tokens
  _snap_to_ctc: token count mismatch (MFA=20, CTC=21) — NW aligned 20/20 tokens
  _snap_to_ctc: token count mismatch (MFA=41, CTC=42) — NW aligned 41/41 tokens
  CMUdict loaded from /mnt/local_E/MFA_Pause/repo/dict/cmudict.dict: 125088 entries
  CMUdict loaded from /mnt/local_E/MFA_Pause/repo/dict/cmudict.dict: 125088 entries
  CMUdict loaded from /mnt/local_E/MFA_Pause/repo/dict/cmudict.dict: 125088 entries
  CMUdict loaded from /mnt/local_E/MFA_Pause/repo/dict/cmudict.dict: 125088 entries
  CMUdict loaded from /mnt/local_E/MFA_Pause/repo/dict/cmudict.dict: 125088 entries
  CMUdict loaded from /mnt/local_E/MFA_Pause/repo/dict/cmudict.dict: 125088 entries
  CMUdict loaded from /mnt/local_E/MFA_Pause/repo/dict/cmudict.dict: 125088 entries
  CMUdict loaded from /mnt/local_E/MFA_Pause/repo/dict/cmudict.dict: 125088 entries
  CMUdict loaded from /mnt/local_E/MFA_Pause/repo/dict/cmudict.dict: 125088 entries
  CMUdict loaded from /mnt/local_E/MFA_Pause/repo/dict/cmudict.dict: 125088 entries
  CMUdict loaded from /mnt/local_E/MFA_Pause/repo/dict/cmudict.dict: 125088 entries
  CMUdict loaded from /mnt/local_E/MFA_Pause/repo/dict/cmudict.dict: 125088 entries
  CMUdict loaded from /mnt/local_E/MFA_Pause/repo/dict/cmudict.dict: 125088 entries
  CMUdict loaded from /mnt/local_E/MFA_Pause/repo/dict/cmudict.dict: 125088 entries
Done. {'filtered_mid_sp_unexpected_silence_strict_interior_sp': 86, 'ok': 20, 'filtered_mid_sp_unexpected_silence_strict_interior_sp_ctc_lexical_sequence_mismatch_mfa_unknown_source': 13, 'filtered_mid_sp_unexpected_silence_strict_interior_sp_ctc_lexical_sequence_mismatch_phones_owner_mismatch': 6, 'filtered_mid_sp_unexpected_silence_strict_interior_sp_ctc_lexical_sequence_mismatch_phones_owner_mismatch_mfa_unknown_source': 1, 'filtered_sp3_mid_sp_unexpected_silence_strict_interior_sp': 1, 'filtered_mid_sp_strict_interior_sp': 2, 'filtered_ctc_lexical_sequence_mismatch_phones_owner_mismatch': 1, 'filtered_english_provenance_rejected_ctc_lexical_sequence_mismatch': 1}. report=/mnt/nvme3/mfa_work_laria_0825/gpu_6/batch_0006_LAria-edf184b39c/workspace/output_staging/20260825T120008Z_3408672_3408672/postprocess_report.jsonl
  14 mandatory-integrity failures isolated in filtered/
  CMUdict loaded from /mnt/local_E/MFA_Pause/repo/dict/cmudict.dict: 125088 entries
  CMUdict loaded from /mnt/local_E/MFA_Pause/repo/dict/cmudict.dict: 125088 entries
  CMUdict loaded from /mnt/local_E/MFA_Pause/repo/dict/cmudict.dict: 125088 entries
  CMUdict loaded from /mnt/local_E/MFA_Pause/repo/dict/cmudict.dict: 125088 entries
  CMUdict loaded from /mnt/local_E/MFA_Pause/repo/dict/cmudict.dict: 125088 entries
  CMUdict loaded from /mnt/local_E/MFA_Pause/repo/dict/cmudict.dict: 125088 entries
  CMUdict loaded from /mnt/local_E/MFA_Pause/repo/dict/cmudict.dict: 125088 entries
  CMUdict loaded from /mnt/local_E/MFA_Pause/repo/dict/cmudict.dict: 125088 entries
  CMUdict loaded from /mnt/local_E/MFA_Pause/repo/dict/cmudict.dict: 125088 entries
  CMUdict loaded from /mnt/local_E/MFA_Pause/repo/dict/cmudict.dict: 125088 entries
  CMUdict loaded from /mnt/local_E/MFA_Pause/repo/dict/cmudict.dict: 125088 entries
  CMUdict loaded from /mnt/local_E/MFA_Pause/repo/dict/cmudict.dict: 125088 entries
  CMUdict loaded from /mnt/local_E/MFA_Pause/repo/dict/cmudict.dict: 125088 entries
  CMUdict loaded from /mnt/local_E/MFA_Pause/repo/dict/cmudict.dict: 125088 entries
  CMUdict loaded from /mnt/local_E/MFA_Pause/repo/dict/cmudict.dict: 125088 entries
  CMUdict loaded from /mnt/local_E/MFA_Pause/repo/dict/cmudict.dict: 125088 entries
  CMUdict loaded from /mnt/local_E/MFA_Pause/repo/dict/cmudict.dict: 125088 entries
  CMUdict loaded from /mnt/local_E/MFA_Pause/repo/dict/cmudict.dict: 125088 entries
  CMUdict loaded from /mnt/local_E/MFA_Pause/repo/dict/cmudict.dict: 125088 entries
  CMUdict loaded from /mnt/local_E/MFA_Pause/repo/dict/cmudict.dict: 125088 entries
  CMUdict loaded from /mnt/local_E/MFA_Pause/repo/dict/cmudict.dict: 125088 entries
  CMUdict loaded from /mnt/local_E/MFA_Pause/repo/dict/cmudict.dict: 125088 entries
  CMUdict loaded from /mnt/local_E/MFA_Pause/repo/dict/cmudict.dict: 125088 entries
  _snap_to_ctc: token count mismatch (MFA=30, CTC=31) — NW aligned 29/30 tokens
  _snap_to_ctc: token count mismatch (MFA=33, CTC=34) — NW aligned 33/33 tokens
  CMUdict loaded from /mnt/local_E/MFA_Pause/repo/dict/cmudict.dict: 125088 entries
  CMUdict loaded from /mnt/local_E/MFA_Pause/repo/dict/cmudict.dict: 125088 entries
  CMUdict loaded from /mnt/local_E/MFA_Pause/repo/dict/cmudict.dict: 125088 entries
  CMUdict loaded from /mnt/local_E/MFA_Pause/repo/dict/cmudict.dict: 125088 entries
  CMUdict loaded from /mnt/local_E/MFA_Pause/repo/dict/cmudict.dict: 125088 entries
  CMUdict loaded from /mnt/local_E/MFA_Pause/repo/dict/cmudict.dict: 125088 entries
  CMUdict loaded from /mnt/local_E/MFA_Pause/repo/dict/cmudict.dict: 125088 entries
  CMUdict loaded from /mnt/local_E/MFA_Pause/repo/dict/cmudict.dict: 125088 entries
  CMUdict loaded from /mnt/local_E/MFA_Pause/repo/dict/cmudict.dict: 125088 entries
  CMUdict loaded from /mnt/local_E/MFA_Pause/repo/dict/cmudict.dict: 125088 entries
  CMUdict loaded from /mnt/local_E/MFA_Pause/repo/dict/cmudict.dict: 125088 entries
  CMUdict loaded from /mnt/local_E/MFA_Pause/repo/dict/cmudict.dict: 125088 entries
  CMUdict loaded from /mnt/local_E/MFA_Pause/repo/dict/cmudict.dict: 125088 entries
  CMUdict loaded from /mnt/local_E/MFA_Pause/repo/dict/cmudict.dict: 125088 entries
  _snap_to_ctc: token count mismatch (MFA=57, CTC=58) — NW aligned 56/57 tokens
  CMUdict loaded from /mnt/local_E/MFA_Pause/repo/dict/cmudict.dict: 125088 entries
  CMUdict loaded from /mnt/local_E/MFA_Pause/repo/dict/cmudict.dict: 125088 entries
  CMUdict loaded from /mnt/local_E/MFA_Pause/repo/dict/cmudict.dict: 125088 entries
  CMUdict loaded from /mnt/local_E/MFA_Pause/repo/dict/cmudict.dict: 125088 entries
  CMUdict loaded from /mnt/local_E/MFA_Pause/repo/dict/cmudict.dict: 125088 entries
  CMUdict loaded from /mnt/local_E/MFA_Pause/repo/dict/cmudict.dict: 125088 entries
  CMUdict loaded from /mnt/local_E/MFA_Pause/repo/dict/cmudict.dict: 125088 entries
  CMUdict loaded from /mnt/local_E/MFA_Pause/repo/dict/cmudict.dict: 125088 entries
  CMUdict loaded from /mnt/local_E/MFA_Pause/repo/dict/cmudict.dict: 125088 entries
  CMUdict loaded from /mnt/local_E/MFA_Pause/repo/dict/cmudict.dict: 125088 entries
  CMUdict loaded from /mnt/local_E/MFA_Pause/repo/dict/cmudict.dict: 125088 entries
  CMUdict loaded from /mnt/local_E/MFA_Pause/repo/dict/cmudict.dict: 125088 entries
Done. {'filtered_mid_sp_unexpected_silence_strict_interior_sp': 85, 'filtered_mid_sp_unexpected_silence_strict_interior_sp_ctc_lexical_sequence_mismatch_phones_owner_mismatch': 5, 'ok': 25, 'filtered_mid_sp_unexpected_silence_strict_interior_sp_ctc_lexical_sequence_mismatch_mfa_unknown_source': 10, 'filtered_mid_sp_unexpected_silence_strict_interior_sp_ctc_lexical_sequence_mismatch_phones_owner_mismatch_mfa_unknown_source': 3, 'filtered_ctc_lexical_sequence_mismatch_phones_owner_mismatch': 2, 'filtered_english_provenance_rejected_ctc_lexical_sequence_mismatch': 1, 'filtered_sp3_mid_sp_unexpected_silence_strict_interior_sp_ctc_lexical_sequence_mismatch_mfa_unknown_source': 1}. report=/mnt/nvme1/mfa_work_laria_0825/gpu_5/batch_0005_LAria-edf184b39c/workspace/output_staging/20260825T120008Z_3408670_3408670/postprocess_report.jsonl
  14 mandatory-integrity failures isolated in filtered/
Done. {'filtered_mid_sp_unexpected_silence_strict_interior_sp_ctc_lexical_sequence_mismatch_mfa_unknown_source': 20, 'filtered_mid_sp_unexpected_silence_strict_interior_sp': 74, 'ok': 23, 'filtered_english_provenance_rejected': 1, 'filtered_english_provenance_rejected_mid_sp_unexpected_silence_strict_interior_sp_ctc_lexical_sequence_mismatch': 1, 'filtered_mid_sp_unexpected_silence_strict_interior_sp_ctc_lexical_sequence_mismatch_phones_owner_mismatch': 5, 'filtered_mid_sp_strict_interior_sp': 2, 'filtered_short_word': 1, 'filtered_ctc_lexical_sequence_mismatch_phones_owner_mismatch': 2, 'filtered_sp3_mid_sp_unexpected_silence_strict_interior_sp': 1, 'filtered_mid_sp_short_word_unexpected_silence_strict_interior_sp': 1}. report=/mnt/nvme4/mfa_work_laria_0825/gpu_7/batch_0007_LAria-edf184b39c/workspace/output_staging/20260825T120008Z_3408673_3408673/postprocess_report.jsonl
  20 mandatory-integrity failures isolated in filtered/
  _snap_to_ctc: token count mismatch (MFA=35, CTC=36) — NW aligned 35/35 tokens
  CMUdict loaded from /mnt/local_E/MFA_Pause/repo/dict/cmudict.dict: 125088 entries
Loading dictionaries...
  Pinyin dict: 2210 entries
  IPA dict: 19512 entries
  IPA->Pinyin phone mappings: 119
  Tone reference table: /mnt/nvme0/mfa_work_laria_0825/gpu_4/batch_0004_LAria-edf184b39c/workspace/output_staging/20260825T120008Z_3408669_3408669/tone_mapping.json
  Tone marks: ˥->1, ˥˥->1, ˧˥->2, ˨˩˦->3, ˥˩->4, ˩->5
  Postprocess parallel: 32 workers for 132 files (ProcessPool)
  _snap_to_ctc: token count mismatch (MFA=42, CTC=43) — NW aligned 42/42 tokens
Loading dictionaries...
  Pinyin dict: 2210 entries
  IPA dict: 19512 entries
  IPA->Pinyin phone mappings: 119
  Tone reference table: /mnt/nvme4/mfa_work_laria_0825/gpu_3/batch_0003_LAria-edf184b39c/workspace/output_staging/20260825T120008Z_3408667_3408667/tone_mapping.json
  Tone marks: ˥˥->1, ˥->1, ˧˥->2, ˨˩˦->3, ˥˩->4, ˩->5
  Postprocess parallel: 32 workers for 130 files (ProcessPool)
  _snap_to_ctc: token count mismatch (MFA=30, CTC=31) — NW aligned 30/30 tokens
  _snap_to_ctc: token count mismatch (MFA=37, CTC=38) — NW aligned 37/37 tokens
  CMUdict loaded from /mnt/local_E/MFA_Pause/repo/dict/cmudict.dict: 125088 entries
  CMUdict loaded from /mnt/local_E/MFA_Pause/repo/dict/cmudict.dict: 125088 entries
  _snap_to_ctc: token count mismatch (MFA=27, CTC=28) — NW aligned 27/27 tokens
  CMUdict loaded from /mnt/local_E/MFA_Pause/repo/dict/cmudict.dict: 125088 entries
  CMUdict loaded from /mnt/local_E/MFA_Pause/repo/dict/cmudict.dict: 125088 entries
  CMUdict loaded from /mnt/local_E/MFA_Pause/repo/dict/cmudict.dict: 125088 entries
  CMUdict loaded from /mnt/local_E/MFA_Pause/repo/dict/cmudict.dict: 125088 entries
  CMUdict loaded from /mnt/local_E/MFA_Pause/repo/dict/cmudict.dict: 125088 entries
  CMUdict loaded from /mnt/local_E/MFA_Pause/repo/dict/cmudict.dict: 125088 entries
  CMUdict loaded from /mnt/local_E/MFA_Pause/repo/dict/cmudict.dict: 125088 entries
  CMUdict loaded from /mnt/local_E/MFA_Pause/repo/dict/cmudict.dict: 125088 entries
  CMUdict loaded from /mnt/local_E/MFA_Pause/repo/dict/cmudict.dict: 125088 entries
  CMUdict loaded from /mnt/local_E/MFA_Pause/repo/dict/cmudict.dict: 125088 entries
  CMUdict loaded from /mnt/local_E/MFA_Pause/repo/dict/cmudict.dict: 125088 entries
  CMUdict loaded from /mnt/local_E/MFA_Pause/repo/dict/cmudict.dict: 125088 entries
  CMUdict loaded from /mnt/local_E/MFA_Pause/repo/dict/cmudict.dict: 125088 entries
  CMUdict loaded from /mnt/local_E/MFA_Pause/repo/dict/cmudict.dict: 125088 entries
  CMUdict loaded from /mnt/local_E/MFA_Pause/repo/dict/cmudict.dict: 125088 entries
  CMUdict loaded from /mnt/local_E/MFA_Pause/repo/dict/cmudict.dict: 125088 entries
  CMUdict loaded from /mnt/local_E/MFA_Pause/repo/dict/cmudict.dict: 125088 entries
  CMUdict loaded from /mnt/local_E/MFA_Pause/repo/dict/cmudict.dict: 125088 entries
  _snap_to_ctc: token count mismatch (MFA=41, CTC=42) — NW aligned 41/41 tokens
  CMUdict loaded from /mnt/local_E/MFA_Pause/repo/dict/cmudict.dict: 125088 entries
  CMUdict loaded from /mnt/local_E/MFA_Pause/repo/dict/cmudict.dict: 125088 entries
  _snap_to_ctc: token count mismatch (MFA=31, CTC=32) — NW aligned 31/31 tokens
  _snap_to_ctc: token count mismatch (MFA=27, CTC=28) — NW aligned 27/27 tokens
  CMUdict loaded from /mnt/local_E/MFA_Pause/repo/dict/cmudict.dict: 125088 entries
  _snap_to_ctc: token count mismatch (MFA=34, CTC=35) — NW aligned 34/34 tokens
  _snap_to_ctc: token count mismatch (MFA=38, CTC=39) — NW aligned 38/38 tokens
  _snap_to_ctc: token count mismatch (MFA=28, CTC=29) — NW aligned 28/28 tokens
  _snap_to_ctc: token count mismatch (MFA=25, CTC=26) — NW aligned 25/25 tokens
  _snap_to_ctc: token count mismatch (MFA=31, CTC=32) — NW aligned 31/31 tokens
  _snap_to_ctc: token count mismatch (MFA=31, CTC=32) — NW aligned 31/31 tokens
Done. {'filtered_mid_sp_unexpected_silence_strict_interior_sp': 83, 'filtered_mid_sp_strict_interior_sp': 1, 'ok': 27, 'filtered_mid_sp_unexpected_silence_strict_interior_sp_ctc_lexical_sequence_mismatch_phones_owner_mismatch_mfa_unknown_source': 2, 'filtered_mid_sp_unexpected_silence_strict_interior_sp_ctc_lexical_sequence_mismatch_mfa_unknown_source': 11, 'filtered_mid_sp_bgm_suspect_unexpected_silence_strict_interior_sp': 2, 'filtered_english_provenance_rejected_mid_sp_unexpected_silence_strict_interior_sp_ctc_lexical_sequence_mismatch': 2, 'filtered_mid_sp_unexpected_silence_strict_interior_sp_ctc_lexical_sequence_mismatch_phones_owner_mismatch': 1, 'filtered_ctc_lexical_sequence_mismatch_phones_owner_mismatch': 1, 'filtered_ctc_lexical_sequence_mismatch_mfa_unknown_source': 1}. report=/mnt/nvme0/mfa_work_laria_0825/gpu_0/batch_0000_LAria-edf184b39c/workspace/output_staging/20260825T120008Z_3408661_3408661/postprocess_report.jsonl
  14 mandatory-integrity failures isolated in filtered/
  _snap_to_ctc: token count mismatch (MFA=25, CTC=26) — NW aligned 25/25 tokens
  _snap_to_ctc: token count mismatch (MFA=34, CTC=35) — NW aligned 33/34 tokens
  _snap_to_ctc: token count mismatch (MFA=24, CTC=25) — NW aligned 24/24 tokens
  _snap_to_ctc: token count mismatch (MFA=27, CTC=28) — NW aligned 27/27 tokens
Done. {'filtered_mid_sp_unexpected_silence_strict_interior_sp_ctc_lexical_sequence_mismatch_mfa_unknown_source': 11, 'filtered_mid_sp_unexpected_silence_strict_interior_sp': 89, 'ok': 20, 'filtered_sp3_mid_sp_unexpected_silence_strict_interior_sp': 1, 'filtered_mid_sp_unexpected_silence_strict_interior_sp_ctc_lexical_sequence_mismatch_phones_owner_mismatch': 5, 'filtered_mid_sp_unexpected_silence_strict_interior_sp_ctc_processed_lexical_count_mismatch_ctc_lexical_sequence_mismatch_phones_owner_mismatch': 2, 'filtered_mid_sp_unexpected_silence_strict_interior_sp_words_hanzi_bounds_mismatch': 1, 'filtered_english_provenance_rejected_mid_sp_unexpected_silence_strict_interior_sp_ctc_lexical_sequence_mismatch': 1}. report=/mnt/nvme1/mfa_work_laria_0825/gpu_1/batch_0001_LAria-edf184b39c/workspace/output_staging/20260825T120008Z_3408666_3408666/postprocess_report.jsonl
  11 mandatory-integrity failures isolated in filtered/
  CMUdict loaded from /mnt/local_E/MFA_Pause/repo/dict/cmudict.dict: 125088 entries
  CMUdict loaded from /mnt/local_E/MFA_Pause/repo/dict/cmudict.dict: 125088 entries
  CMUdict loaded from /mnt/local_E/MFA_Pause/repo/dict/cmudict.dict: 125088 entries
  CMUdict loaded from /mnt/local_E/MFA_Pause/repo/dict/cmudict.dict: 125088 entries
  CMUdict loaded from /mnt/local_E/MFA_Pause/repo/dict/cmudict.dict: 125088 entries
  CMUdict loaded from /mnt/local_E/MFA_Pause/repo/dict/cmudict.dict: 125088 entries
  CMUdict loaded from /mnt/local_E/MFA_Pause/repo/dict/cmudict.dict: 125088 entries
  CMUdict loaded from /mnt/local_E/MFA_Pause/repo/dict/cmudict.dict: 125088 entries
  CMUdict loaded from /mnt/local_E/MFA_Pause/repo/dict/cmudict.dict: 125088 entries
  CMUdict loaded from /mnt/local_E/MFA_Pause/repo/dict/cmudict.dict: 125088 entries
  CMUdict loaded from /mnt/local_E/MFA_Pause/repo/dict/cmudict.dict: 125088 entries
  CMUdict loaded from /mnt/local_E/MFA_Pause/repo/dict/cmudict.dict: 125088 entries
  CMUdict loaded from /mnt/local_E/MFA_Pause/repo/dict/cmudict.dict: 125088 entries
  CMUdict loaded from /mnt/local_E/MFA_Pause/repo/dict/cmudict.dict: 125088 entries
  CMUdict loaded from /mnt/local_E/MFA_Pause/repo/dict/cmudict.dict: 125088 entries
  CMUdict loaded from /mnt/local_E/MFA_Pause/repo/dict/cmudict.dict: 125088 entries
  CMUdict loaded from /mnt/local_E/MFA_Pause/repo/dict/cmudict.dict: 125088 entries
  CMUdict loaded from /mnt/local_E/MFA_Pause/repo/dict/cmudict.dict: 125088 entries
  CMUdict loaded from /mnt/local_E/MFA_Pause/repo/dict/cmudict.dict: 125088 entries
  CMUdict loaded from /mnt/local_E/MFA_Pause/repo/dict/cmudict.dict: 125088 entries
  CMUdict loaded from /mnt/local_E/MFA_Pause/repo/dict/cmudict.dict: 125088 entries
  CMUdict loaded from /mnt/local_E/MFA_Pause/repo/dict/cmudict.dict: 125088 entries
  CMUdict loaded from /mnt/local_E/MFA_Pause/repo/dict/cmudict.dict: 125088 entries
  CMUdict loaded from /mnt/local_E/MFA_Pause/repo/dict/cmudict.dict: 125088 entries
  CMUdict loaded from /mnt/local_E/MFA_Pause/repo/dict/cmudict.dict: 125088 entries
  CMUdict loaded from /mnt/local_E/MFA_Pause/repo/dict/cmudict.dict: 125088 entries
Done. {'filtered_mid_sp_unexpected_silence_strict_interior_sp': 83, 'filtered_sp3_mid_sp_unexpected_silence_strict_interior_sp': 2, 'filtered_mid_sp_unexpected_silence_strict_interior_sp_ctc_lexical_sequence_mismatch_phones_owner_mismatch': 3, 'ok': 21, 'filtered_ctc_lexical_sequence_mismatch_mfa_unknown_source': 1, 'filtered_english_provenance_rejected_ctc_lexical_sequence_mismatch': 2, 'filtered_mid_sp_unexpected_silence_strict_interior_sp_words_hanzi_bounds_mismatch': 2, 'filtered_mid_sp_unexpected_silence_strict_interior_sp_ctc_lexical_sequence_mismatch_mfa_unknown_source': 9, 'filtered_ctc_lexical_sequence_mismatch_phones_owner_mismatch': 3, 'filtered_sp3_mid_sp_unexpected_silence_strict_interior_sp_ctc_lexical_sequence_mismatch_phones_owner_mismatch': 1, 'filtered_english_provenance_rejected_mid_sp_unexpected_silence_strict_interior_sp_ctc_lexical_sequence_mismatch': 3, 'filtered_mid_sp_unexpected_silence_strict_interior_sp_ctc_lexical_sequence_mismatch_phones_owner_mismatch_mfa_unknown_source': 1, 'filtered_mid_sp_bgm_suspect_unexpected_silence_strict_interior_sp_ctc_processed_lexical_count_mismatch_ctc_lexical_sequence_mismatch_phones_owner_mismatch': 1}. report=/mnt/nvme3/mfa_work_laria_0825/gpu_2/batch_0002_LAria-edf184b39c/workspace/output_staging/20260825T120008Z_3408664_3408664/postprocess_report.jsonl
  11 mandatory-integrity failures isolated in filtered/
  CMUdict loaded from /mnt/local_E/MFA_Pause/repo/dict/cmudict.dict: 125088 entries
  CMUdict loaded from /mnt/local_E/MFA_Pause/repo/dict/cmudict.dict: 125088 entries
  _snap_to_ctc: token count mismatch (MFA=37, CTC=38) — NW aligned 37/37 tokens
  CMUdict loaded from /mnt/local_E/MFA_Pause/repo/dict/cmudict.dict: 125088 entries
  CMUdict loaded from /mnt/local_E/MFA_Pause/repo/dict/cmudict.dict: 125088 entries
  CMUdict loaded from /mnt/local_E/MFA_Pause/repo/dict/cmudict.dict: 125088 entries
  CMUdict loaded from /mnt/local_E/MFA_Pause/repo/dict/cmudict.dict: 125088 entries
  CMUdict loaded from /mnt/local_E/MFA_Pause/repo/dict/cmudict.dict: 125088 entries
  CMUdict loaded from /mnt/local_E/MFA_Pause/repo/dict/cmudict.dict: 125088 entries
  CMUdict loaded from /mnt/local_E/MFA_Pause/repo/dict/cmudict.dict: 125088 entries
  CMUdict loaded from /mnt/local_E/MFA_Pause/repo/dict/cmudict.dict: 125088 entries
  CMUdict loaded from /mnt/local_E/MFA_Pause/repo/dict/cmudict.dict: 125088 entries
  CMUdict loaded from /mnt/local_E/MFA_Pause/repo/dict/cmudict.dict: 125088 entries
  CMUdict loaded from /mnt/local_E/MFA_Pause/repo/dict/cmudict.dict: 125088 entries
  CMUdict loaded from /mnt/local_E/MFA_Pause/repo/dict/cmudict.dict: 125088 entries
  _snap_to_ctc: token count mismatch (MFA=27, CTC=28) — NW aligned 27/27 tokens
  CMUdict loaded from /mnt/local_E/MFA_Pause/repo/dict/cmudict.dict: 125088 entries
  CMUdict loaded from /mnt/local_E/MFA_Pause/repo/dict/cmudict.dict: 125088 entries
  CMUdict loaded from /mnt/local_E/MFA_Pause/repo/dict/cmudict.dict: 125088 entries
  _snap_to_ctc: token count mismatch (MFA=25, CTC=26) — NW aligned 25/25 tokens
  CMUdict loaded from /mnt/local_E/MFA_Pause/repo/dict/cmudict.dict: 125088 entries
  CMUdict loaded from /mnt/local_E/MFA_Pause/repo/dict/cmudict.dict: 125088 entries
  CMUdict loaded from /mnt/local_E/MFA_Pause/repo/dict/cmudict.dict: 125088 entries
  CMUdict loaded from /mnt/local_E/MFA_Pause/repo/dict/cmudict.dict: 125088 entries
  CMUdict loaded from /mnt/local_E/MFA_Pause/repo/dict/cmudict.dict: 125088 entries
  CMUdict loaded from /mnt/local_E/MFA_Pause/repo/dict/cmudict.dict: 125088 entries
  CMUdict loaded from /mnt/local_E/MFA_Pause/repo/dict/cmudict.dict: 125088 entries
  CMUdict loaded from /mnt/local_E/MFA_Pause/repo/dict/cmudict.dict: 125088 entries
  CMUdict loaded from /mnt/local_E/MFA_Pause/repo/dict/cmudict.dict: 125088 entries
  CMUdict loaded from /mnt/local_E/MFA_Pause/repo/dict/cmudict.dict: 125088 entries
  CMUdict loaded from /mnt/local_E/MFA_Pause/repo/dict/cmudict.dict: 125088 entries
  CMUdict loaded from /mnt/local_E/MFA_Pause/repo/dict/cmudict.dict: 125088 entries
  CMUdict loaded from /mnt/local_E/MFA_Pause/repo/dict/cmudict.dict: 125088 entries
  CMUdict loaded from /mnt/local_E/MFA_Pause/repo/dict/cmudict.dict: 125088 entries
  CMUdict loaded from /mnt/local_E/MFA_Pause/repo/dict/cmudict.dict: 125088 entries
  CMUdict loaded from /mnt/local_E/MFA_Pause/repo/dict/cmudict.dict: 125088 entries
  CMUdict loaded from /mnt/local_E/MFA_Pause/repo/dict/cmudict.dict: 125088 entries
  CMUdict loaded from /mnt/local_E/MFA_Pause/repo/dict/cmudict.dict: 125088 entries
  CMUdict loaded from /mnt/local_E/MFA_Pause/repo/dict/cmudict.dict: 125088 entries
  _snap_to_ctc: token count mismatch (MFA=22, CTC=23) — NW aligned 22/22 tokens
  _snap_to_ctc: token count mismatch (MFA=23, CTC=24) — NW aligned 23/23 tokens
  CMUdict loaded from /mnt/local_E/MFA_Pause/repo/dict/cmudict.dict: 125088 entries
  _snap_to_ctc: token count mismatch (MFA=32, CTC=33) — NW aligned 32/32 tokens
  _snap_to_ctc: token count mismatch (MFA=31, CTC=32) — NW aligned 31/31 tokens
  CMUdict loaded from /mnt/local_E/MFA_Pause/repo/dict/cmudict.dict: 125088 entries
  _snap_to_ctc: token count mismatch (MFA=24, CTC=25) — NW aligned 24/24 tokens
Done. {'ok': 19, 'filtered_mid_sp_unexpected_silence_strict_interior_sp_ctc_lexical_sequence_mismatch_mfa_unknown_source': 15, 'filtered_mid_sp_unexpected_silence_strict_interior_sp': 80, 'filtered_sp3_mid_sp_unexpected_silence_strict_interior_sp': 2, 'filtered_sp3_mid_sp_unexpected_silence_strict_interior_sp_ctc_lexical_sequence_mismatch_mfa_unknown_source': 1, 'filtered_english_provenance_rejected_mid_sp_unexpected_silence_strict_interior_sp_ctc_lexical_sequence_mismatch': 2, 'filtered_english_provenance_rejected_mid_sp_unexpected_silence_strict_interior_sp': 1, 'filtered_sp3_mid_sp_unexpected_silence_strict_interior_sp_words_hanzi_bounds_mismatch': 1, 'filtered_ctc_lexical_sequence_mismatch_mfa_unknown_source': 2, 'filtered_mid_sp_unexpected_silence_strict_interior_sp_ctc_lexical_sequence_mismatch_phones_owner_mismatch': 4, 'filtered_mid_sp_strict_interior_sp': 1, 'filtered_ctc_lexical_sequence_mismatch_phones_owner_mismatch': 1, 'filtered_mid_sp_bgm_suspect_unexpected_silence_strict_interior_sp': 1}. report=/mnt/nvme4/mfa_work_laria_0825/gpu_3/batch_0003_LAria-edf184b39c/workspace/output_staging/20260825T120008Z_3408667_3408667/postprocess_report.jsonl
  18 mandatory-integrity failures isolated in filtered/
Done. {'filtered_mid_sp_unexpected_silence_strict_interior_sp': 81, 'filtered_mid_sp_unexpected_silence_strict_interior_sp_ctc_lexical_sequence_mismatch_mfa_unknown_source': 20, 'filtered_mid_sp_unexpected_silence_strict_interior_sp_ctc_lexical_sequence_mismatch_phones_owner_mismatch_mfa_unknown_source': 1, 'ok': 16, 'filtered_mid_sp_bgm_suspect_unexpected_silence_strict_interior_sp': 1, 'filtered_mid_sp_strict_interior_sp': 4, 'filtered_mid_sp_unexpected_silence_strict_interior_sp_ctc_lexical_sequence_mismatch_phones_owner_mismatch': 4, 'filtered_ctc_lexical_sequence_mismatch_phones_owner_mismatch': 1, 'filtered_english_provenance_rejected_mid_sp_unexpected_silence_strict_interior_sp_ctc_lexical_sequence_mismatch_mfa_unknown_source': 1, 'filtered_english_provenance_rejected_mid_sp_unexpected_silence_strict_interior_sp_ctc_lexical_sequence_mismatch': 2, 'filtered_mid_sp_bgm_suspect_unexpected_silence_strict_interior_sp_ctc_lexical_sequence_mismatch_phones_owner_mismatch': 1}. report=/mnt/nvme0/mfa_work_laria_0825/gpu_4/batch_0004_LAria-edf184b39c/workspace/output_staging/20260825T120008Z_3408669_3408669/postprocess_report.jsonl
  22 mandatory-integrity failures isolated in filtered/
Config: /mnt/local_E/MFA_Pause/repo/configs/laria_v5_no_reference_strict_8gpu_20260825.yaml
Pipeline mode: nvrasr_fallback
Using Python: /home/user/miniconda3/envs/mfa-dev/bin/python3
  ═══════════════════════════════════════════════════════════
  NVMe audio cache not found.
  Run once to eliminate NAS I/O (~30 min, one-time):
    python scripts/cache_audio_to_nvme.py \
        --source /mnt/nvme3/mfa_work_laria_0825/gpu_6/batch_0006_LAria-edf184b39c/audio
  Or use --auto-cache to create a temp cache for this run.
  Falling back to NAS audio (slower).
  ═══════════════════════════════════════════════════════════
  Run-specific output staging: /mnt/nvme3/mfa_work_laria_0825/gpu_6/batch_0006_LAria-edf184b39c/workspace/output_staging/20260825T120008Z_3408672_3408672
  Versioned publish target: /mnt/nvme3/mfa_work_laria_0825/gpu_6/batch_0006_LAria-edf184b39c/output

############################################################
  Chinese MFA Pipeline  [nvrasr_fallback]
  Input:  /mnt/nvme3/mfa_work_laria_0825/gpu_6/batch_0006_LAria-edf184b39c/audio
  Output: /mnt/nvme3/mfa_work_laria_0825/gpu_6/batch_0006_LAria-edf184b39c/workspace/output_staging/20260825T120008Z_3408672_3408672
  Steps:  resample -> adjust -> align -> align_en -> postprocess
############################################################

  >>> [resample] Resample to 16kHz for MFA
  Frozen pre-CTC stems: 132/132 (limit=0, source=existing_manifest)
  CTC receipt has incomplete audio_bindings; rebuilding axis binding
  Selected 132 WAVs from frozen pre-CTC subset (source namespace may contain extras)
  Resampled to 16000Hz -> /mnt/nvme3/mfa_work_laria_0825/gpu_6/batch_0006_LAria-edf184b39c/workspace/audio_16k  (132 done, 132 resampled)

  >>> [adjust] Adjust CTC boundaries (energy-based)

============================================================
  Step 5: Adjust CTC boundaries (energy-based)
  /home/user/miniconda3/envs/mfa-dev/bin/python3 /mnt/local_E/MFA_Pause/repo/scripts/adjust_ctc_boundaries.py --ctc-dir /mnt/nvme3/mfa_work_laria_0825/gpu_6/batch_0006_LAria-edf184b39c/workspace/ctc_pretg_adj --audio-dir /mnt/nvme3/mfa_work_laria_0825/gpu_6/batch_0006_LAria-edf184b39c/audio --output-dir /mnt/nvme3/mfa_work_laria_0825/gpu_6/batch_0006_LAria-edf184b39c/workspace/ctc_pretg_adj --raw-manifest /mnt/nvme3/mfa_work_laria_0825/gpu_6/batch_0006_LAria-edf184b39c/workspace/ctc_pretg/.ctc_raw_manifest.json --overwrite
============================================================


  >>> [align] MFA align (NVASR corpus + CTC anchors)
  NVASR corpus: /mnt/nvme3/mfa_work_laria_0825/gpu_6/batch_0006_LAria-edf184b39c/workspace/ctc_pretg_adj (.lab files from ASR text)
  CTC anchors:  /mnt/nvme3/mfa_work_laria_0825/gpu_6/batch_0006_LAria-edf184b39c/workspace/ctc_pretg_adj
  Transcript and anchors from SAME source -> 100% word match

============================================================
  Step 6: MFA Align (NVASR corpus + CTC anchors)
============================================================

  MFA partial mode: 131/132 aligned; 1 explicitly skipped
  MFA output set: 131/132 complete

  >>> [align_en] English MFA align (English-only segments)

============================================================
  English MFA Alignment
  /home/user/miniconda3/envs/mfa-dev/bin/python3 /mnt/local_E/MFA_Pause/repo/scripts/align_english_mfa.py --ctc-dir /mnt/nvme3/mfa_work_laria_0825/gpu_6/batch_0006_LAria-edf184b39c/workspace/ctc_pretg_adj --audio-dir /mnt/nvme3/mfa_work_laria_0825/gpu_6/batch_0006_LAria-edf184b39c/workspace/audio_16k --output-dir /mnt/nvme3/mfa_work_laria_0825/gpu_6/batch_0006_LAria-edf184b39c/workspace/en_phones --acoustic-model /mnt/local_E/MFA_Pause/pretrained_models/acoustic/english_us_arpa.zip --dictionary /mnt/local_E/MFA_Pause/repo/dict/cmudict.dict --g2p-model /mnt/local_E/MFA_Pause/pretrained_models/g2p/english_us_arpa.zip --temp-dir /mnt/nvme3/mfa_work_laria_0825/gpu_6/batch_0006_LAria-edf184b39c/workspace/temp_en_mfa --num-jobs 4 --padding-ms 50 --min-segment-dur-ms 150 --max-gap-merge-s 0.35 --beam 10 --retry-beam 40 --singleton-retry-beam 100 --singleton-retry-retry-beam 1000 --singleton-retry-timeout 600 --singleton-retry-limit 16 --timeout 1800 --g2p-timeout 300 --strict-provenance --python /home/user/miniconda3/envs/mfa-dev/bin/python3
============================================================


  >>> [postprocess] Post-processing (includes NVV brackets + sp1 normalization)

============================================================
  Step 7: Post-processing
  /home/user/miniconda3/envs/mfa-dev/bin/python3 /mnt/local_E/MFA_Pause/repo/scripts/postprocess_textgrids.py --txt-dir /mnt/nvme3/mfa_work_laria_0825/gpu_6/batch_0006_LAria-edf184b39c/workspace/ctc_pretg_adj --textgrid-dir /mnt/nvme3/mfa_work_laria_0825/gpu_6/batch_0006_LAria-edf184b39c/workspace/aligned --output-dir /mnt/nvme3/mfa_work_laria_0825/gpu_6/batch_0006_LAria-edf184b39c/workspace/output_staging/20260825T120008Z_3408672_3408672 --filtered-dir /mnt/nvme3/mfa_work_laria_0825/gpu_6/batch_0006_LAria-edf184b39c/workspace/filtered --wav-dir /mnt/nvme3/mfa_work_laria_0825/gpu_6/batch_0006_LAria-edf184b39c/workspace/audio_16k --raw-text-dir /mnt/nvme3/mfa_work_laria_0825/gpu_6/batch_0006_LAria-edf184b39c/audio --original-txt-dir /mnt/nvme3/mfa_work_laria_0825/gpu_6/batch_0006_LAria-edf184b39c/audio --reference-mode fallback --pinyin-dict /mnt/local_E/MFA_Pause/repo/dict/fullpinyin_enword.dict --ipa-dict /mnt/local_E/MFA_Pause/repo/dict/mfa_ipa.dict --en-phones-dir /mnt/nvme3/mfa_work_laria_0825/gpu_6/batch_0006_LAria-edf184b39c/workspace/en_phones --tone-ref /mnt/nvme3/mfa_work_laria_0825/gpu_6/batch_0006_LAria-edf184b39c/workspace/output_staging/20260825T120008Z_3408672_3408672/tone_mapping.json --merge-max-sil-sec 0.2 --fix-short-word-sec 0.25 --fix-min-silence-sec 0.4 --fix-search-sec 0.5 --bgm-noise-floor-ratio 2.0 --bgm-min-sil-dur 0.3 --bgm-speech-ratio 1.0 --bgm-min-energy 0.01 --bgm-max-threshold 0.05 --no-enable-word-in-silence-filter --filter-word-energy-ratio 0 --filter-short-phone-sec 0.015 --filter-long-word-sec 1.0 --filter-min-word-sec 0.15 --filter-min-word-dur-sec 0.02 --filter-min-phone-coverage 0.35 --filter-edge-gap-sec 0.25 --filter-flank-silence-sec 0.4 --filter-long-consonant-sec 999.0 --filter-long-vowel-sec 999.0 --filter-short-phone-en-sec 0.01 --filter-long-vowel-en-sec 0.5 --filter-long-consonant-en-sec 1.0 --filter-min-en-phone-coverage 0.25 --strict-en-provenance --allow-filtered-integrity-failures --mfa-input-axis-receipt /mnt/nvme3/mfa_work_laria_0825/gpu_6/batch_0006_LAria-edf184b39c/workspace/.mfa_input_axis_receipt.json --mfa-alignment-axis-receipt /mnt/nvme3/mfa_work_laria_0825/gpu_6/batch_0006_LAria-edf184b39c/workspace/.mfa_alignment_axis_receipt.json --mfa-axis-audio-root /mnt/nvme3/mfa_work_laria_0825/gpu_6/batch_0006_LAria-edf184b39c/workspace/audio_16k --tts-authoritative-audio-root /mnt/nvme3/mfa_work_laria_0825/gpu_6/batch_0006_LAria-edf184b39c/audio --overwrite
============================================================

  Partial MFA accounting: 1 stems placed in filtered/ as missing_mfa_alignment
  Postprocess contract: 132 stems, 20 output, 112 filtered
  Kept 16kHz audio: /mnt/nvme3/mfa_work_laria_0825/gpu_6/batch_0006_LAria-edf184b39c/workspace/audio_16k

  Publishing validated output: /mnt/nvme3/mfa_work_laria_0825/gpu_6/batch_0006_LAria-edf184b39c/output
  Publish manifest: /mnt/nvme3/mfa_work_laria_0825/gpu_6/batch_0006_LAria-edf184b39c/workspace/output_staging/20260825T120008Z_3408672_3408672/.publish_manifest.json
  Published and verified: /mnt/nvme3/mfa_work_laria_0825/gpu_6/batch_0006_LAria-edf184b39c/output

############################################################
  DONE: Success
  Output: /mnt/nvme3/mfa_work_laria_0825/gpu_6/batch_0006_LAria-edf184b39c/output
############################################################

Config: /mnt/local_E/MFA_Pause/repo/configs/laria_v5_no_reference_strict_8gpu_20260825.yaml
Pipeline mode: nvrasr_fallback
Using Python: /home/user/miniconda3/envs/mfa-dev/bin/python3
  ═══════════════════════════════════════════════════════════
  NVMe audio cache not found.
  Run once to eliminate NAS I/O (~30 min, one-time):
    python scripts/cache_audio_to_nvme.py \
        --source /mnt/nvme0/mfa_work_laria_0825/gpu_0/batch_0000_LAria-edf184b39c/audio
  Or use --auto-cache to create a temp cache for this run.
  Falling back to NAS audio (slower).
  ═══════════════════════════════════════════════════════════
  Run-specific output staging: /mnt/nvme0/mfa_work_laria_0825/gpu_0/batch_0000_LAria-edf184b39c/workspace/output_staging/20260825T120008Z_3408661_3408661
  Versioned publish target: /mnt/nvme0/mfa_work_laria_0825/gpu_0/batch_0000_LAria-edf184b39c/output

############################################################
  Chinese MFA Pipeline  [nvrasr_fallback]
  Input:  /mnt/nvme0/mfa_work_laria_0825/gpu_0/batch_0000_LAria-edf184b39c/audio
  Output: /mnt/nvme0/mfa_work_laria_0825/gpu_0/batch_0000_LAria-edf184b39c/workspace/output_staging/20260825T120008Z_3408661_3408661
  Steps:  resample -> adjust -> align -> align_en -> postprocess
############################################################

  >>> [resample] Resample to 16kHz for MFA
  Frozen pre-CTC stems: 132/132 (limit=0, source=existing_manifest)
  CTC receipt has incomplete audio_bindings; rebuilding axis binding
  Selected 132 WAVs from frozen pre-CTC subset (source namespace may contain extras)
  Resampled to 16000Hz -> /mnt/nvme0/mfa_work_laria_0825/gpu_0/batch_0000_LAria-edf184b39c/workspace/audio_16k  (132 done, 132 resampled)

  >>> [adjust] Adjust CTC boundaries (energy-based)

============================================================
  Step 5: Adjust CTC boundaries (energy-based)
  /home/user/miniconda3/envs/mfa-dev/bin/python3 /mnt/local_E/MFA_Pause/repo/scripts/adjust_ctc_boundaries.py --ctc-dir /mnt/nvme0/mfa_work_laria_0825/gpu_0/batch_0000_LAria-edf184b39c/workspace/ctc_pretg_adj --audio-dir /mnt/nvme0/mfa_work_laria_0825/gpu_0/batch_0000_LAria-edf184b39c/audio --output-dir /mnt/nvme0/mfa_work_laria_0825/gpu_0/batch_0000_LAria-edf184b39c/workspace/ctc_pretg_adj --raw-manifest /mnt/nvme0/mfa_work_laria_0825/gpu_0/batch_0000_LAria-edf184b39c/workspace/ctc_pretg/.ctc_raw_manifest.json --overwrite
============================================================


  >>> [align] MFA align (NVASR corpus + CTC anchors)
  NVASR corpus: /mnt/nvme0/mfa_work_laria_0825/gpu_0/batch_0000_LAria-edf184b39c/workspace/ctc_pretg_adj (.lab files from ASR text)
  CTC anchors:  /mnt/nvme0/mfa_work_laria_0825/gpu_0/batch_0000_LAria-edf184b39c/workspace/ctc_pretg_adj
  Transcript and anchors from SAME source -> 100% word match

============================================================
  Step 6: MFA Align (NVASR corpus + CTC anchors)
============================================================

  MFA partial mode: 131/132 aligned; 1 explicitly skipped
  MFA output set: 131/132 complete

  >>> [align_en] English MFA align (English-only segments)

============================================================
  English MFA Alignment
  /home/user/miniconda3/envs/mfa-dev/bin/python3 /mnt/local_E/MFA_Pause/repo/scripts/align_english_mfa.py --ctc-dir /mnt/nvme0/mfa_work_laria_0825/gpu_0/batch_0000_LAria-edf184b39c/workspace/ctc_pretg_adj --audio-dir /mnt/nvme0/mfa_work_laria_0825/gpu_0/batch_0000_LAria-edf184b39c/workspace/audio_16k --output-dir /mnt/nvme0/mfa_work_laria_0825/gpu_0/batch_0000_LAria-edf184b39c/workspace/en_phones --acoustic-model /mnt/local_E/MFA_Pause/pretrained_models/acoustic/english_us_arpa.zip --dictionary /mnt/local_E/MFA_Pause/repo/dict/cmudict.dict --g2p-model /mnt/local_E/MFA_Pause/pretrained_models/g2p/english_us_arpa.zip --temp-dir /mnt/nvme0/mfa_work_laria_0825/gpu_0/batch_0000_LAria-edf184b39c/workspace/temp_en_mfa --num-jobs 4 --padding-ms 50 --min-segment-dur-ms 150 --max-gap-merge-s 0.35 --beam 10 --retry-beam 40 --singleton-retry-beam 100 --singleton-retry-retry-beam 1000 --singleton-retry-timeout 600 --singleton-retry-limit 16 --timeout 1800 --g2p-timeout 300 --strict-provenance --python /home/user/miniconda3/envs/mfa-dev/bin/python3
============================================================


  >>> [postprocess] Post-processing (includes NVV brackets + sp1 normalization)

============================================================
  Step 7: Post-processing
  /home/user/miniconda3/envs/mfa-dev/bin/python3 /mnt/local_E/MFA_Pause/repo/scripts/postprocess_textgrids.py --txt-dir /mnt/nvme0/mfa_work_laria_0825/gpu_0/batch_0000_LAria-edf184b39c/workspace/ctc_pretg_adj --textgrid-dir /mnt/nvme0/mfa_work_laria_0825/gpu_0/batch_0000_LAria-edf184b39c/workspace/aligned --output-dir /mnt/nvme0/mfa_work_laria_0825/gpu_0/batch_0000_LAria-edf184b39c/workspace/output_staging/20260825T120008Z_3408661_3408661 --filtered-dir /mnt/nvme0/mfa_work_laria_0825/gpu_0/batch_0000_LAria-edf184b39c/workspace/filtered --wav-dir /mnt/nvme0/mfa_work_laria_0825/gpu_0/batch_0000_LAria-edf184b39c/workspace/audio_16k --raw-text-dir /mnt/nvme0/mfa_work_laria_0825/gpu_0/batch_0000_LAria-edf184b39c/audio --original-txt-dir /mnt/nvme0/mfa_work_laria_0825/gpu_0/batch_0000_LAria-edf184b39c/audio --reference-mode fallback --pinyin-dict /mnt/local_E/MFA_Pause/repo/dict/fullpinyin_enword.dict --ipa-dict /mnt/local_E/MFA_Pause/repo/dict/mfa_ipa.dict --en-phones-dir /mnt/nvme0/mfa_work_laria_0825/gpu_0/batch_0000_LAria-edf184b39c/workspace/en_phones --tone-ref /mnt/nvme0/mfa_work_laria_0825/gpu_0/batch_0000_LAria-edf184b39c/workspace/output_staging/20260825T120008Z_3408661_3408661/tone_mapping.json --merge-max-sil-sec 0.2 --fix-short-word-sec 0.25 --fix-min-silence-sec 0.4 --fix-search-sec 0.5 --bgm-noise-floor-ratio 2.0 --bgm-min-sil-dur 0.3 --bgm-speech-ratio 1.0 --bgm-min-energy 0.01 --bgm-max-threshold 0.05 --no-enable-word-in-silence-filter --filter-word-energy-ratio 0 --filter-short-phone-sec 0.015 --filter-long-word-sec 1.0 --filter-min-word-sec 0.15 --filter-min-word-dur-sec 0.02 --filter-min-phone-coverage 0.35 --filter-edge-gap-sec 0.25 --filter-flank-silence-sec 0.4 --filter-long-consonant-sec 999.0 --filter-long-vowel-sec 999.0 --filter-short-phone-en-sec 0.01 --filter-long-vowel-en-sec 0.5 --filter-long-consonant-en-sec 1.0 --filter-min-en-phone-coverage 0.25 --strict-en-provenance --allow-filtered-integrity-failures --mfa-input-axis-receipt /mnt/nvme0/mfa_work_laria_0825/gpu_0/batch_0000_LAria-edf184b39c/workspace/.mfa_input_axis_receipt.json --mfa-alignment-axis-receipt /mnt/nvme0/mfa_work_laria_0825/gpu_0/batch_0000_LAria-edf184b39c/workspace/.mfa_alignment_axis_receipt.json --mfa-axis-audio-root /mnt/nvme0/mfa_work_laria_0825/gpu_0/batch_0000_LAria-edf184b39c/workspace/audio_16k --tts-authoritative-audio-root /mnt/nvme0/mfa_work_laria_0825/gpu_0/batch_0000_LAria-edf184b39c/audio --overwrite
============================================================

  Partial MFA accounting: 1 stems placed in filtered/ as missing_mfa_alignment
  Postprocess contract: 132 stems, 27 output, 105 filtered
  Kept 16kHz audio: /mnt/nvme0/mfa_work_laria_0825/gpu_0/batch_0000_LAria-edf184b39c/workspace/audio_16k

  Publishing validated output: /mnt/nvme0/mfa_work_laria_0825/gpu_0/batch_0000_LAria-edf184b39c/output
  Publish manifest: /mnt/nvme0/mfa_work_laria_0825/gpu_0/batch_0000_LAria-edf184b39c/workspace/output_staging/20260825T120008Z_3408661_3408661/.publish_manifest.json
  Published and verified: /mnt/nvme0/mfa_work_laria_0825/gpu_0/batch_0000_LAria-edf184b39c/output

############################################################
  DONE: Success
  Output: /mnt/nvme0/mfa_work_laria_0825/gpu_0/batch_0000_LAria-edf184b39c/output
############################################################

Config: /mnt/local_E/MFA_Pause/repo/configs/laria_v5_no_reference_strict_8gpu_20260825.yaml
Pipeline mode: nvrasr_fallback
Using Python: /home/user/miniconda3/envs/mfa-dev/bin/python3
  ═══════════════════════════════════════════════════════════
  NVMe audio cache not found.
  Run once to eliminate NAS I/O (~30 min, one-time):
    python scripts/cache_audio_to_nvme.py \
        --source /mnt/nvme0/mfa_work_laria_0825/gpu_4/batch_0004_LAria-edf184b39c/audio
  Or use --auto-cache to create a temp cache for this run.
  Falling back to NAS audio (slower).
  ═══════════════════════════════════════════════════════════
  Run-specific output staging: /mnt/nvme0/mfa_work_laria_0825/gpu_4/batch_0004_LAria-edf184b39c/workspace/output_staging/20260825T120008Z_3408669_3408669
  Versioned publish target: /mnt/nvme0/mfa_work_laria_0825/gpu_4/batch_0004_LAria-edf184b39c/output

############################################################
  Chinese MFA Pipeline  [nvrasr_fallback]
  Input:  /mnt/nvme0/mfa_work_laria_0825/gpu_4/batch_0004_LAria-edf184b39c/audio
  Output: /mnt/nvme0/mfa_work_laria_0825/gpu_4/batch_0004_LAria-edf184b39c/workspace/output_staging/20260825T120008Z_3408669_3408669
  Steps:  resample -> adjust -> align -> align_en -> postprocess
############################################################

  >>> [resample] Resample to 16kHz for MFA
  Frozen pre-CTC stems: 132/132 (limit=0, source=existing_manifest)
  CTC receipt has incomplete audio_bindings; rebuilding axis binding
  Selected 132 WAVs from frozen pre-CTC subset (source namespace may contain extras)
  Resampled to 16000Hz -> /mnt/nvme0/mfa_work_laria_0825/gpu_4/batch_0004_LAria-edf184b39c/workspace/audio_16k  (132 done, 132 resampled)

  >>> [adjust] Adjust CTC boundaries (energy-based)

============================================================
  Step 5: Adjust CTC boundaries (energy-based)
  /home/user/miniconda3/envs/mfa-dev/bin/python3 /mnt/local_E/MFA_Pause/repo/scripts/adjust_ctc_boundaries.py --ctc-dir /mnt/nvme0/mfa_work_laria_0825/gpu_4/batch_0004_LAria-edf184b39c/workspace/ctc_pretg_adj --audio-dir /mnt/nvme0/mfa_work_laria_0825/gpu_4/batch_0004_LAria-edf184b39c/audio --output-dir /mnt/nvme0/mfa_work_laria_0825/gpu_4/batch_0004_LAria-edf184b39c/workspace/ctc_pretg_adj --raw-manifest /mnt/nvme0/mfa_work_laria_0825/gpu_4/batch_0004_LAria-edf184b39c/workspace/ctc_pretg/.ctc_raw_manifest.json --overwrite
============================================================


  >>> [align] MFA align (NVASR corpus + CTC anchors)
  NVASR corpus: /mnt/nvme0/mfa_work_laria_0825/gpu_4/batch_0004_LAria-edf184b39c/workspace/ctc_pretg_adj (.lab files from ASR text)
  CTC anchors:  /mnt/nvme0/mfa_work_laria_0825/gpu_4/batch_0004_LAria-edf184b39c/workspace/ctc_pretg_adj
  Transcript and anchors from SAME source -> 100% word match

============================================================
  Step 6: MFA Align (NVASR corpus + CTC anchors)
============================================================

  MFA output set: 132/132 complete

  >>> [align_en] English MFA align (English-only segments)

============================================================
  English MFA Alignment
  /home/user/miniconda3/envs/mfa-dev/bin/python3 /mnt/local_E/MFA_Pause/repo/scripts/align_english_mfa.py --ctc-dir /mnt/nvme0/mfa_work_laria_0825/gpu_4/batch_0004_LAria-edf184b39c/workspace/ctc_pretg_adj --audio-dir /mnt/nvme0/mfa_work_laria_0825/gpu_4/batch_0004_LAria-edf184b39c/workspace/audio_16k --output-dir /mnt/nvme0/mfa_work_laria_0825/gpu_4/batch_0004_LAria-edf184b39c/workspace/en_phones --acoustic-model /mnt/local_E/MFA_Pause/pretrained_models/acoustic/english_us_arpa.zip --dictionary /mnt/local_E/MFA_Pause/repo/dict/cmudict.dict --g2p-model /mnt/local_E/MFA_Pause/pretrained_models/g2p/english_us_arpa.zip --temp-dir /mnt/nvme0/mfa_work_laria_0825/gpu_4/batch_0004_LAria-edf184b39c/workspace/temp_en_mfa --num-jobs 4 --padding-ms 50 --min-segment-dur-ms 150 --max-gap-merge-s 0.35 --beam 10 --retry-beam 40 --singleton-retry-beam 100 --singleton-retry-retry-beam 1000 --singleton-retry-timeout 600 --singleton-retry-limit 16 --timeout 1800 --g2p-timeout 300 --strict-provenance --python /home/user/miniconda3/envs/mfa-dev/bin/python3
============================================================


  >>> [postprocess] Post-processing (includes NVV brackets + sp1 normalization)

============================================================
  Step 7: Post-processing
  /home/user/miniconda3/envs/mfa-dev/bin/python3 /mnt/local_E/MFA_Pause/repo/scripts/postprocess_textgrids.py --txt-dir /mnt/nvme0/mfa_work_laria_0825/gpu_4/batch_0004_LAria-edf184b39c/workspace/ctc_pretg_adj --textgrid-dir /mnt/nvme0/mfa_work_laria_0825/gpu_4/batch_0004_LAria-edf184b39c/workspace/aligned --output-dir /mnt/nvme0/mfa_work_laria_0825/gpu_4/batch_0004_LAria-edf184b39c/workspace/output_staging/20260825T120008Z_3408669_3408669 --filtered-dir /mnt/nvme0/mfa_work_laria_0825/gpu_4/batch_0004_LAria-edf184b39c/workspace/filtered --wav-dir /mnt/nvme0/mfa_work_laria_0825/gpu_4/batch_0004_LAria-edf184b39c/workspace/audio_16k --raw-text-dir /mnt/nvme0/mfa_work_laria_0825/gpu_4/batch_0004_LAria-edf184b39c/audio --original-txt-dir /mnt/nvme0/mfa_work_laria_0825/gpu_4/batch_0004_LAria-edf184b39c/audio --reference-mode fallback --pinyin-dict /mnt/local_E/MFA_Pause/repo/dict/fullpinyin_enword.dict --ipa-dict /mnt/local_E/MFA_Pause/repo/dict/mfa_ipa.dict --en-phones-dir /mnt/nvme0/mfa_work_laria_0825/gpu_4/batch_0004_LAria-edf184b39c/workspace/en_phones --tone-ref /mnt/nvme0/mfa_work_laria_0825/gpu_4/batch_0004_LAria-edf184b39c/workspace/output_staging/20260825T120008Z_3408669_3408669/tone_mapping.json --merge-max-sil-sec 0.2 --fix-short-word-sec 0.25 --fix-min-silence-sec 0.4 --fix-search-sec 0.5 --bgm-noise-floor-ratio 2.0 --bgm-min-sil-dur 0.3 --bgm-speech-ratio 1.0 --bgm-min-energy 0.01 --bgm-max-threshold 0.05 --no-enable-word-in-silence-filter --filter-word-energy-ratio 0 --filter-short-phone-sec 0.015 --filter-long-word-sec 1.0 --filter-min-word-sec 0.15 --filter-min-word-dur-sec 0.02 --filter-min-phone-coverage 0.35 --filter-edge-gap-sec 0.25 --filter-flank-silence-sec 0.4 --filter-long-consonant-sec 999.0 --filter-long-vowel-sec 999.0 --filter-short-phone-en-sec 0.01 --filter-long-vowel-en-sec 0.5 --filter-long-consonant-en-sec 1.0 --filter-min-en-phone-coverage 0.25 --strict-en-provenance --allow-filtered-integrity-failures --mfa-input-axis-receipt /mnt/nvme0/mfa_work_laria_0825/gpu_4/batch_0004_LAria-edf184b39c/workspace/.mfa_input_axis_receipt.json --mfa-alignment-axis-receipt /mnt/nvme0/mfa_work_laria_0825/gpu_4/batch_0004_LAria-edf184b39c/workspace/.mfa_alignment_axis_receipt.json --mfa-axis-audio-root /mnt/nvme0/mfa_work_laria_0825/gpu_4/batch_0004_LAria-edf184b39c/workspace/audio_16k --tts-authoritative-audio-root /mnt/nvme0/mfa_work_laria_0825/gpu_4/batch_0004_LAria-edf184b39c/audio --overwrite
============================================================

  Postprocess contract: 132 stems, 16 output, 116 filtered
  Kept 16kHz audio: /mnt/nvme0/mfa_work_laria_0825/gpu_4/batch_0004_LAria-edf184b39c/workspace/audio_16k

  Publishing validated output: /mnt/nvme0/mfa_work_laria_0825/gpu_4/batch_0004_LAria-edf184b39c/output
  Publish manifest: /mnt/nvme0/mfa_work_laria_0825/gpu_4/batch_0004_LAria-edf184b39c/workspace/output_staging/20260825T120008Z_3408669_3408669/.publish_manifest.json
  Published and verified: /mnt/nvme0/mfa_work_laria_0825/gpu_4/batch_0004_LAria-edf184b39c/output

############################################################
  DONE: Success
  Output: /mnt/nvme0/mfa_work_laria_0825/gpu_4/batch_0004_LAria-edf184b39c/output
############################################################

Config: /mnt/local_E/MFA_Pause/repo/configs/laria_v5_no_reference_strict_8gpu_20260825.yaml
Pipeline mode: nvrasr_fallback
Using Python: /home/user/miniconda3/envs/mfa-dev/bin/python3
  ═══════════════════════════════════════════════════════════
  NVMe audio cache not found.
  Run once to eliminate NAS I/O (~30 min, one-time):
    python scripts/cache_audio_to_nvme.py \
        --source /mnt/nvme1/mfa_work_laria_0825/gpu_1/batch_0001_LAria-edf184b39c/audio
  Or use --auto-cache to create a temp cache for this run.
  Falling back to NAS audio (slower).
  ═══════════════════════════════════════════════════════════
  Run-specific output staging: /mnt/nvme1/mfa_work_laria_0825/gpu_1/batch_0001_LAria-edf184b39c/workspace/output_staging/20260825T120008Z_3408666_3408666
  Versioned publish target: /mnt/nvme1/mfa_work_laria_0825/gpu_1/batch_0001_LAria-edf184b39c/output

############################################################
  Chinese MFA Pipeline  [nvrasr_fallback]
  Input:  /mnt/nvme1/mfa_work_laria_0825/gpu_1/batch_0001_LAria-edf184b39c/audio
  Output: /mnt/nvme1/mfa_work_laria_0825/gpu_1/batch_0001_LAria-edf184b39c/workspace/output_staging/20260825T120008Z_3408666_3408666
  Steps:  resample -> adjust -> align -> align_en -> postprocess
############################################################

  >>> [resample] Resample to 16kHz for MFA
  Frozen pre-CTC stems: 132/132 (limit=0, source=existing_manifest)
  CTC receipt has incomplete audio_bindings; rebuilding axis binding
  Selected 132 WAVs from frozen pre-CTC subset (source namespace may contain extras)
  Resampled to 16000Hz -> /mnt/nvme1/mfa_work_laria_0825/gpu_1/batch_0001_LAria-edf184b39c/workspace/audio_16k  (132 done, 132 resampled)

  >>> [adjust] Adjust CTC boundaries (energy-based)

============================================================
  Step 5: Adjust CTC boundaries (energy-based)
  /home/user/miniconda3/envs/mfa-dev/bin/python3 /mnt/local_E/MFA_Pause/repo/scripts/adjust_ctc_boundaries.py --ctc-dir /mnt/nvme1/mfa_work_laria_0825/gpu_1/batch_0001_LAria-edf184b39c/workspace/ctc_pretg_adj --audio-dir /mnt/nvme1/mfa_work_laria_0825/gpu_1/batch_0001_LAria-edf184b39c/audio --output-dir /mnt/nvme1/mfa_work_laria_0825/gpu_1/batch_0001_LAria-edf184b39c/workspace/ctc_pretg_adj --raw-manifest /mnt/nvme1/mfa_work_laria_0825/gpu_1/batch_0001_LAria-edf184b39c/workspace/ctc_pretg/.ctc_raw_manifest.json --overwrite
============================================================


  >>> [align] MFA align (NVASR corpus + CTC anchors)
  NVASR corpus: /mnt/nvme1/mfa_work_laria_0825/gpu_1/batch_0001_LAria-edf184b39c/workspace/ctc_pretg_adj (.lab files from ASR text)
  CTC anchors:  /mnt/nvme1/mfa_work_laria_0825/gpu_1/batch_0001_LAria-edf184b39c/workspace/ctc_pretg_adj
  Transcript and anchors from SAME source -> 100% word match

============================================================
  Step 6: MFA Align (NVASR corpus + CTC anchors)
============================================================

  MFA partial mode: 130/132 aligned; 2 explicitly skipped
  MFA output set: 130/132 complete

  >>> [align_en] English MFA align (English-only segments)

============================================================
  English MFA Alignment
  /home/user/miniconda3/envs/mfa-dev/bin/python3 /mnt/local_E/MFA_Pause/repo/scripts/align_english_mfa.py --ctc-dir /mnt/nvme1/mfa_work_laria_0825/gpu_1/batch_0001_LAria-edf184b39c/workspace/ctc_pretg_adj --audio-dir /mnt/nvme1/mfa_work_laria_0825/gpu_1/batch_0001_LAria-edf184b39c/workspace/audio_16k --output-dir /mnt/nvme1/mfa_work_laria_0825/gpu_1/batch_0001_LAria-edf184b39c/workspace/en_phones --acoustic-model /mnt/local_E/MFA_Pause/pretrained_models/acoustic/english_us_arpa.zip --dictionary /mnt/local_E/MFA_Pause/repo/dict/cmudict.dict --g2p-model /mnt/local_E/MFA_Pause/pretrained_models/g2p/english_us_arpa.zip --temp-dir /mnt/nvme1/mfa_work_laria_0825/gpu_1/batch_0001_LAria-edf184b39c/workspace/temp_en_mfa --num-jobs 4 --padding-ms 50 --min-segment-dur-ms 150 --max-gap-merge-s 0.35 --beam 10 --retry-beam 40 --singleton-retry-beam 100 --singleton-retry-retry-beam 1000 --singleton-retry-timeout 600 --singleton-retry-limit 16 --timeout 1800 --g2p-timeout 300 --strict-provenance --python /home/user/miniconda3/envs/mfa-dev/bin/python3
============================================================


  >>> [postprocess] Post-processing (includes NVV brackets + sp1 normalization)

============================================================
  Step 7: Post-processing
  /home/user/miniconda3/envs/mfa-dev/bin/python3 /mnt/local_E/MFA_Pause/repo/scripts/postprocess_textgrids.py --txt-dir /mnt/nvme1/mfa_work_laria_0825/gpu_1/batch_0001_LAria-edf184b39c/workspace/ctc_pretg_adj --textgrid-dir /mnt/nvme1/mfa_work_laria_0825/gpu_1/batch_0001_LAria-edf184b39c/workspace/aligned --output-dir /mnt/nvme1/mfa_work_laria_0825/gpu_1/batch_0001_LAria-edf184b39c/workspace/output_staging/20260825T120008Z_3408666_3408666 --filtered-dir /mnt/nvme1/mfa_work_laria_0825/gpu_1/batch_0001_LAria-edf184b39c/workspace/filtered --wav-dir /mnt/nvme1/mfa_work_laria_0825/gpu_1/batch_0001_LAria-edf184b39c/workspace/audio_16k --raw-text-dir /mnt/nvme1/mfa_work_laria_0825/gpu_1/batch_0001_LAria-edf184b39c/audio --original-txt-dir /mnt/nvme1/mfa_work_laria_0825/gpu_1/batch_0001_LAria-edf184b39c/audio --reference-mode fallback --pinyin-dict /mnt/local_E/MFA_Pause/repo/dict/fullpinyin_enword.dict --ipa-dict /mnt/local_E/MFA_Pause/repo/dict/mfa_ipa.dict --en-phones-dir /mnt/nvme1/mfa_work_laria_0825/gpu_1/batch_0001_LAria-edf184b39c/workspace/en_phones --tone-ref /mnt/nvme1/mfa_work_laria_0825/gpu_1/batch_0001_LAria-edf184b39c/workspace/output_staging/20260825T120008Z_3408666_3408666/tone_mapping.json --merge-max-sil-sec 0.2 --fix-short-word-sec 0.25 --fix-min-silence-sec 0.4 --fix-search-sec 0.5 --bgm-noise-floor-ratio 2.0 --bgm-min-sil-dur 0.3 --bgm-speech-ratio 1.0 --bgm-min-energy 0.01 --bgm-max-threshold 0.05 --no-enable-word-in-silence-filter --filter-word-energy-ratio 0 --filter-short-phone-sec 0.015 --filter-long-word-sec 1.0 --filter-min-word-sec 0.15 --filter-min-word-dur-sec 0.02 --filter-min-phone-coverage 0.35 --filter-edge-gap-sec 0.25 --filter-flank-silence-sec 0.4 --filter-long-consonant-sec 999.0 --filter-long-vowel-sec 999.0 --filter-short-phone-en-sec 0.01 --filter-long-vowel-en-sec 0.5 --filter-long-consonant-en-sec 1.0 --filter-min-en-phone-coverage 0.25 --strict-en-provenance --allow-filtered-integrity-failures --mfa-input-axis-receipt /mnt/nvme1/mfa_work_laria_0825/gpu_1/batch_0001_LAria-edf184b39c/workspace/.mfa_input_axis_receipt.json --mfa-alignment-axis-receipt /mnt/nvme1/mfa_work_laria_0825/gpu_1/batch_0001_LAria-edf184b39c/workspace/.mfa_alignment_axis_receipt.json --mfa-axis-audio-root /mnt/nvme1/mfa_work_laria_0825/gpu_1/batch_0001_LAria-edf184b39c/workspace/audio_16k --tts-authoritative-audio-root /mnt/nvme1/mfa_work_laria_0825/gpu_1/batch_0001_LAria-edf184b39c/audio --overwrite
============================================================

  Partial MFA accounting: 2 stems placed in filtered/ as missing_mfa_alignment
  Postprocess contract: 132 stems, 20 output, 112 filtered
  Kept 16kHz audio: /mnt/nvme1/mfa_work_laria_0825/gpu_1/batch_0001_LAria-edf184b39c/workspace/audio_16k

  Publishing validated output: /mnt/nvme1/mfa_work_laria_0825/gpu_1/batch_0001_LAria-edf184b39c/output
  Publish manifest: /mnt/nvme1/mfa_work_laria_0825/gpu_1/batch_0001_LAria-edf184b39c/workspace/output_staging/20260825T120008Z_3408666_3408666/.publish_manifest.json
  Published and verified: /mnt/nvme1/mfa_work_laria_0825/gpu_1/batch_0001_LAria-edf184b39c/output

############################################################
  DONE: Success
  Output: /mnt/nvme1/mfa_work_laria_0825/gpu_1/batch_0001_LAria-edf184b39c/output
############################################################

Config: /mnt/local_E/MFA_Pause/repo/configs/laria_v5_no_reference_strict_8gpu_20260825.yaml
Pipeline mode: nvrasr_fallback
Using Python: /home/user/miniconda3/envs/mfa-dev/bin/python3
  ═══════════════════════════════════════════════════════════
  NVMe audio cache not found.
  Run once to eliminate NAS I/O (~30 min, one-time):
    python scripts/cache_audio_to_nvme.py \
        --source /mnt/nvme3/mfa_work_laria_0825/gpu_2/batch_0002_LAria-edf184b39c/audio
  Or use --auto-cache to create a temp cache for this run.
  Falling back to NAS audio (slower).
  ═══════════════════════════════════════════════════════════
  Run-specific output staging: /mnt/nvme3/mfa_work_laria_0825/gpu_2/batch_0002_LAria-edf184b39c/workspace/output_staging/20260825T120008Z_3408664_3408664
  Versioned publish target: /mnt/nvme3/mfa_work_laria_0825/gpu_2/batch_0002_LAria-edf184b39c/output

############################################################
  Chinese MFA Pipeline  [nvrasr_fallback]
  Input:  /mnt/nvme3/mfa_work_laria_0825/gpu_2/batch_0002_LAria-edf184b39c/audio
  Output: /mnt/nvme3/mfa_work_laria_0825/gpu_2/batch_0002_LAria-edf184b39c/workspace/output_staging/20260825T120008Z_3408664_3408664
  Steps:  resample -> adjust -> align -> align_en -> postprocess
############################################################

  >>> [resample] Resample to 16kHz for MFA
  Frozen pre-CTC stems: 132/132 (limit=0, source=existing_manifest)
  CTC receipt has incomplete audio_bindings; rebuilding axis binding
  Selected 132 WAVs from frozen pre-CTC subset (source namespace may contain extras)
  Resampled to 16000Hz -> /mnt/nvme3/mfa_work_laria_0825/gpu_2/batch_0002_LAria-edf184b39c/workspace/audio_16k  (132 done, 132 resampled)

  >>> [adjust] Adjust CTC boundaries (energy-based)

============================================================
  Step 5: Adjust CTC boundaries (energy-based)
  /home/user/miniconda3/envs/mfa-dev/bin/python3 /mnt/local_E/MFA_Pause/repo/scripts/adjust_ctc_boundaries.py --ctc-dir /mnt/nvme3/mfa_work_laria_0825/gpu_2/batch_0002_LAria-edf184b39c/workspace/ctc_pretg_adj --audio-dir /mnt/nvme3/mfa_work_laria_0825/gpu_2/batch_0002_LAria-edf184b39c/audio --output-dir /mnt/nvme3/mfa_work_laria_0825/gpu_2/batch_0002_LAria-edf184b39c/workspace/ctc_pretg_adj --raw-manifest /mnt/nvme3/mfa_work_laria_0825/gpu_2/batch_0002_LAria-edf184b39c/workspace/ctc_pretg/.ctc_raw_manifest.json --overwrite
============================================================


  >>> [align] MFA align (NVASR corpus + CTC anchors)
  NVASR corpus: /mnt/nvme3/mfa_work_laria_0825/gpu_2/batch_0002_LAria-edf184b39c/workspace/ctc_pretg_adj (.lab files from ASR text)
  CTC anchors:  /mnt/nvme3/mfa_work_laria_0825/gpu_2/batch_0002_LAria-edf184b39c/workspace/ctc_pretg_adj
  Transcript and anchors from SAME source -> 100% word match

============================================================
  Step 6: MFA Align (NVASR corpus + CTC anchors)
============================================================

  MFA output set: 132/132 complete

  >>> [align_en] English MFA align (English-only segments)

============================================================
  English MFA Alignment
  /home/user/miniconda3/envs/mfa-dev/bin/python3 /mnt/local_E/MFA_Pause/repo/scripts/align_english_mfa.py --ctc-dir /mnt/nvme3/mfa_work_laria_0825/gpu_2/batch_0002_LAria-edf184b39c/workspace/ctc_pretg_adj --audio-dir /mnt/nvme3/mfa_work_laria_0825/gpu_2/batch_0002_LAria-edf184b39c/workspace/audio_16k --output-dir /mnt/nvme3/mfa_work_laria_0825/gpu_2/batch_0002_LAria-edf184b39c/workspace/en_phones --acoustic-model /mnt/local_E/MFA_Pause/pretrained_models/acoustic/english_us_arpa.zip --dictionary /mnt/local_E/MFA_Pause/repo/dict/cmudict.dict --g2p-model /mnt/local_E/MFA_Pause/pretrained_models/g2p/english_us_arpa.zip --temp-dir /mnt/nvme3/mfa_work_laria_0825/gpu_2/batch_0002_LAria-edf184b39c/workspace/temp_en_mfa --num-jobs 4 --padding-ms 50 --min-segment-dur-ms 150 --max-gap-merge-s 0.35 --beam 10 --retry-beam 40 --singleton-retry-beam 100 --singleton-retry-retry-beam 1000 --singleton-retry-timeout 600 --singleton-retry-limit 16 --timeout 1800 --g2p-timeout 300 --strict-provenance --python /home/user/miniconda3/envs/mfa-dev/bin/python3
============================================================


  >>> [postprocess] Post-processing (includes NVV brackets + sp1 normalization)

============================================================
  Step 7: Post-processing
  /home/user/miniconda3/envs/mfa-dev/bin/python3 /mnt/local_E/MFA_Pause/repo/scripts/postprocess_textgrids.py --txt-dir /mnt/nvme3/mfa_work_laria_0825/gpu_2/batch_0002_LAria-edf184b39c/workspace/ctc_pretg_adj --textgrid-dir /mnt/nvme3/mfa_work_laria_0825/gpu_2/batch_0002_LAria-edf184b39c/workspace/aligned --output-dir /mnt/nvme3/mfa_work_laria_0825/gpu_2/batch_0002_LAria-edf184b39c/workspace/output_staging/20260825T120008Z_3408664_3408664 --filtered-dir /mnt/nvme3/mfa_work_laria_0825/gpu_2/batch_0002_LAria-edf184b39c/workspace/filtered --wav-dir /mnt/nvme3/mfa_work_laria_0825/gpu_2/batch_0002_LAria-edf184b39c/workspace/audio_16k --raw-text-dir /mnt/nvme3/mfa_work_laria_0825/gpu_2/batch_0002_LAria-edf184b39c/audio --original-txt-dir /mnt/nvme3/mfa_work_laria_0825/gpu_2/batch_0002_LAria-edf184b39c/audio --reference-mode fallback --pinyin-dict /mnt/local_E/MFA_Pause/repo/dict/fullpinyin_enword.dict --ipa-dict /mnt/local_E/MFA_Pause/repo/dict/mfa_ipa.dict --en-phones-dir /mnt/nvme3/mfa_work_laria_0825/gpu_2/batch_0002_LAria-edf184b39c/workspace/en_phones --tone-ref /mnt/nvme3/mfa_work_laria_0825/gpu_2/batch_0002_LAria-edf184b39c/workspace/output_staging/20260825T120008Z_3408664_3408664/tone_mapping.json --merge-max-sil-sec 0.2 --fix-short-word-sec 0.25 --fix-min-silence-sec 0.4 --fix-search-sec 0.5 --bgm-noise-floor-ratio 2.0 --bgm-min-sil-dur 0.3 --bgm-speech-ratio 1.0 --bgm-min-energy 0.01 --bgm-max-threshold 0.05 --no-enable-word-in-silence-filter --filter-word-energy-ratio 0 --filter-short-phone-sec 0.015 --filter-long-word-sec 1.0 --filter-min-word-sec 0.15 --filter-min-word-dur-sec 0.02 --filter-min-phone-coverage 0.35 --filter-edge-gap-sec 0.25 --filter-flank-silence-sec 0.4 --filter-long-consonant-sec 999.0 --filter-long-vowel-sec 999.0 --filter-short-phone-en-sec 0.01 --filter-long-vowel-en-sec 0.5 --filter-long-consonant-en-sec 1.0 --filter-min-en-phone-coverage 0.25 --strict-en-provenance --allow-filtered-integrity-failures --mfa-input-axis-receipt /mnt/nvme3/mfa_work_laria_0825/gpu_2/batch_0002_LAria-edf184b39c/workspace/.mfa_input_axis_receipt.json --mfa-alignment-axis-receipt /mnt/nvme3/mfa_work_laria_0825/gpu_2/batch_0002_LAria-edf184b39c/workspace/.mfa_alignment_axis_receipt.json --mfa-axis-audio-root /mnt/nvme3/mfa_work_laria_0825/gpu_2/batch_0002_LAria-edf184b39c/workspace/audio_16k --tts-authoritative-audio-root /mnt/nvme3/mfa_work_laria_0825/gpu_2/batch_0002_LAria-edf184b39c/audio --overwrite
============================================================

  Postprocess contract: 132 stems, 21 output, 111 filtered
  Kept 16kHz audio: /mnt/nvme3/mfa_work_laria_0825/gpu_2/batch_0002_LAria-edf184b39c/workspace/audio_16k

  Publishing validated output: /mnt/nvme3/mfa_work_laria_0825/gpu_2/batch_0002_LAria-edf184b39c/output
  Publish manifest: /mnt/nvme3/mfa_work_laria_0825/gpu_2/batch_0002_LAria-edf184b39c/workspace/output_staging/20260825T120008Z_3408664_3408664/.publish_manifest.json
  Published and verified: /mnt/nvme3/mfa_work_laria_0825/gpu_2/batch_0002_LAria-edf184b39c/output

############################################################
  DONE: Success
  Output: /mnt/nvme3/mfa_work_laria_0825/gpu_2/batch_0002_LAria-edf184b39c/output
############################################################

Config: /mnt/local_E/MFA_Pause/repo/configs/laria_v5_no_reference_strict_8gpu_20260825.yaml
Pipeline mode: nvrasr_fallback
Using Python: /home/user/miniconda3/envs/mfa-dev/bin/python3
  ═══════════════════════════════════════════════════════════
  NVMe audio cache not found.
  Run once to eliminate NAS I/O (~30 min, one-time):
    python scripts/cache_audio_to_nvme.py \
        --source /mnt/nvme4/mfa_work_laria_0825/gpu_3/batch_0003_LAria-edf184b39c/audio
  Or use --auto-cache to create a temp cache for this run.
  Falling back to NAS audio (slower).
  ═══════════════════════════════════════════════════════════
  Run-specific output staging: /mnt/nvme4/mfa_work_laria_0825/gpu_3/batch_0003_LAria-edf184b39c/workspace/output_staging/20260825T120008Z_3408667_3408667
  Versioned publish target: /mnt/nvme4/mfa_work_laria_0825/gpu_3/batch_0003_LAria-edf184b39c/output

############################################################
  Chinese MFA Pipeline  [nvrasr_fallback]
  Input:  /mnt/nvme4/mfa_work_laria_0825/gpu_3/batch_0003_LAria-edf184b39c/audio
  Output: /mnt/nvme4/mfa_work_laria_0825/gpu_3/batch_0003_LAria-edf184b39c/workspace/output_staging/20260825T120008Z_3408667_3408667
  Steps:  resample -> adjust -> align -> align_en -> postprocess
############################################################

  >>> [resample] Resample to 16kHz for MFA
  Frozen pre-CTC stems: 132/132 (limit=0, source=existing_manifest)
  CTC receipt has incomplete audio_bindings; rebuilding axis binding
  Selected 132 WAVs from frozen pre-CTC subset (source namespace may contain extras)
  Resampled to 16000Hz -> /mnt/nvme4/mfa_work_laria_0825/gpu_3/batch_0003_LAria-edf184b39c/workspace/audio_16k  (132 done, 132 resampled)

  >>> [adjust] Adjust CTC boundaries (energy-based)

============================================================
  Step 5: Adjust CTC boundaries (energy-based)
  /home/user/miniconda3/envs/mfa-dev/bin/python3 /mnt/local_E/MFA_Pause/repo/scripts/adjust_ctc_boundaries.py --ctc-dir /mnt/nvme4/mfa_work_laria_0825/gpu_3/batch_0003_LAria-edf184b39c/workspace/ctc_pretg_adj --audio-dir /mnt/nvme4/mfa_work_laria_0825/gpu_3/batch_0003_LAria-edf184b39c/audio --output-dir /mnt/nvme4/mfa_work_laria_0825/gpu_3/batch_0003_LAria-edf184b39c/workspace/ctc_pretg_adj --raw-manifest /mnt/nvme4/mfa_work_laria_0825/gpu_3/batch_0003_LAria-edf184b39c/workspace/ctc_pretg/.ctc_raw_manifest.json --overwrite
============================================================


  >>> [align] MFA align (NVASR corpus + CTC anchors)
  NVASR corpus: /mnt/nvme4/mfa_work_laria_0825/gpu_3/batch_0003_LAria-edf184b39c/workspace/ctc_pretg_adj (.lab files from ASR text)
  CTC anchors:  /mnt/nvme4/mfa_work_laria_0825/gpu_3/batch_0003_LAria-edf184b39c/workspace/ctc_pretg_adj
  Transcript and anchors from SAME source -> 100% word match

============================================================
  Step 6: MFA Align (NVASR corpus + CTC anchors)
============================================================

  MFA partial mode: 130/132 aligned; 2 explicitly skipped
  MFA output set: 130/132 complete

  >>> [align_en] English MFA align (English-only segments)

============================================================
  English MFA Alignment
  /home/user/miniconda3/envs/mfa-dev/bin/python3 /mnt/local_E/MFA_Pause/repo/scripts/align_english_mfa.py --ctc-dir /mnt/nvme4/mfa_work_laria_0825/gpu_3/batch_0003_LAria-edf184b39c/workspace/ctc_pretg_adj --audio-dir /mnt/nvme4/mfa_work_laria_0825/gpu_3/batch_0003_LAria-edf184b39c/workspace/audio_16k --output-dir /mnt/nvme4/mfa_work_laria_0825/gpu_3/batch_0003_LAria-edf184b39c/workspace/en_phones --acoustic-model /mnt/local_E/MFA_Pause/pretrained_models/acoustic/english_us_arpa.zip --dictionary /mnt/local_E/MFA_Pause/repo/dict/cmudict.dict --g2p-model /mnt/local_E/MFA_Pause/pretrained_models/g2p/english_us_arpa.zip --temp-dir /mnt/nvme4/mfa_work_laria_0825/gpu_3/batch_0003_LAria-edf184b39c/workspace/temp_en_mfa --num-jobs 4 --padding-ms 50 --min-segment-dur-ms 150 --max-gap-merge-s 0.35 --beam 10 --retry-beam 40 --singleton-retry-beam 100 --singleton-retry-retry-beam 1000 --singleton-retry-timeout 600 --singleton-retry-limit 16 --timeout 1800 --g2p-timeout 300 --strict-provenance --python /home/user/miniconda3/envs/mfa-dev/bin/python3
============================================================


  >>> [postprocess] Post-processing (includes NVV brackets + sp1 normalization)

============================================================
  Step 7: Post-processing
  /home/user/miniconda3/envs/mfa-dev/bin/python3 /mnt/local_E/MFA_Pause/repo/scripts/postprocess_textgrids.py --txt-dir /mnt/nvme4/mfa_work_laria_0825/gpu_3/batch_0003_LAria-edf184b39c/workspace/ctc_pretg_adj --textgrid-dir /mnt/nvme4/mfa_work_laria_0825/gpu_3/batch_0003_LAria-edf184b39c/workspace/aligned --output-dir /mnt/nvme4/mfa_work_laria_0825/gpu_3/batch_0003_LAria-edf184b39c/workspace/output_staging/20260825T120008Z_3408667_3408667 --filtered-dir /mnt/nvme4/mfa_work_laria_0825/gpu_3/batch_0003_LAria-edf184b39c/workspace/filtered --wav-dir /mnt/nvme4/mfa_work_laria_0825/gpu_3/batch_0003_LAria-edf184b39c/workspace/audio_16k --raw-text-dir /mnt/nvme4/mfa_work_laria_0825/gpu_3/batch_0003_LAria-edf184b39c/audio --original-txt-dir /mnt/nvme4/mfa_work_laria_0825/gpu_3/batch_0003_LAria-edf184b39c/audio --reference-mode fallback --pinyin-dict /mnt/local_E/MFA_Pause/repo/dict/fullpinyin_enword.dict --ipa-dict /mnt/local_E/MFA_Pause/repo/dict/mfa_ipa.dict --en-phones-dir /mnt/nvme4/mfa_work_laria_0825/gpu_3/batch_0003_LAria-edf184b39c/workspace/en_phones --tone-ref /mnt/nvme4/mfa_work_laria_0825/gpu_3/batch_0003_LAria-edf184b39c/workspace/output_staging/20260825T120008Z_3408667_3408667/tone_mapping.json --merge-max-sil-sec 0.2 --fix-short-word-sec 0.25 --fix-min-silence-sec 0.4 --fix-search-sec 0.5 --bgm-noise-floor-ratio 2.0 --bgm-min-sil-dur 0.3 --bgm-speech-ratio 1.0 --bgm-min-energy 0.01 --bgm-max-threshold 0.05 --no-enable-word-in-silence-filter --filter-word-energy-ratio 0 --filter-short-phone-sec 0.015 --filter-long-word-sec 1.0 --filter-min-word-sec 0.15 --filter-min-word-dur-sec 0.02 --filter-min-phone-coverage 0.35 --filter-edge-gap-sec 0.25 --filter-flank-silence-sec 0.4 --filter-long-consonant-sec 999.0 --filter-long-vowel-sec 999.0 --filter-short-phone-en-sec 0.01 --filter-long-vowel-en-sec 0.5 --filter-long-consonant-en-sec 1.0 --filter-min-en-phone-coverage 0.25 --strict-en-provenance --allow-filtered-integrity-failures --mfa-input-axis-receipt /mnt/nvme4/mfa_work_laria_0825/gpu_3/batch_0003_LAria-edf184b39c/workspace/.mfa_input_axis_receipt.json --mfa-alignment-axis-receipt /mnt/nvme4/mfa_work_laria_0825/gpu_3/batch_0003_LAria-edf184b39c/workspace/.mfa_alignment_axis_receipt.json --mfa-axis-audio-root /mnt/nvme4/mfa_work_laria_0825/gpu_3/batch_0003_LAria-edf184b39c/workspace/audio_16k --tts-authoritative-audio-root /mnt/nvme4/mfa_work_laria_0825/gpu_3/batch_0003_LAria-edf184b39c/audio --overwrite
============================================================

  Partial MFA accounting: 2 stems placed in filtered/ as missing_mfa_alignment
  Postprocess contract: 132 stems, 19 output, 113 filtered
  Kept 16kHz audio: /mnt/nvme4/mfa_work_laria_0825/gpu_3/batch_0003_LAria-edf184b39c/workspace/audio_16k

  Publishing validated output: /mnt/nvme4/mfa_work_laria_0825/gpu_3/batch_0003_LAria-edf184b39c/output
  Publish manifest: /mnt/nvme4/mfa_work_laria_0825/gpu_3/batch_0003_LAria-edf184b39c/workspace/output_staging/20260825T120008Z_3408667_3408667/.publish_manifest.json
  Published and verified: /mnt/nvme4/mfa_work_laria_0825/gpu_3/batch_0003_LAria-edf184b39c/output

############################################################
  DONE: Success
  Output: /mnt/nvme4/mfa_work_laria_0825/gpu_3/batch_0003_LAria-edf184b39c/output
############################################################

Config: /mnt/local_E/MFA_Pause/repo/configs/laria_v5_no_reference_strict_8gpu_20260825.yaml
Pipeline mode: nvrasr_fallback
Using Python: /home/user/miniconda3/envs/mfa-dev/bin/python3
  ═══════════════════════════════════════════════════════════
  NVMe audio cache not found.
  Run once to eliminate NAS I/O (~30 min, one-time):
    python scripts/cache_audio_to_nvme.py \
        --source /mnt/nvme1/mfa_work_laria_0825/gpu_5/batch_0005_LAria-edf184b39c/audio
  Or use --auto-cache to create a temp cache for this run.
  Falling back to NAS audio (slower).
  ═══════════════════════════════════════════════════════════
  Run-specific output staging: /mnt/nvme1/mfa_work_laria_0825/gpu_5/batch_0005_LAria-edf184b39c/workspace/output_staging/20260825T120008Z_3408670_3408670
  Versioned publish target: /mnt/nvme1/mfa_work_laria_0825/gpu_5/batch_0005_LAria-edf184b39c/output

############################################################
  Chinese MFA Pipeline  [nvrasr_fallback]
  Input:  /mnt/nvme1/mfa_work_laria_0825/gpu_5/batch_0005_LAria-edf184b39c/audio
  Output: /mnt/nvme1/mfa_work_laria_0825/gpu_5/batch_0005_LAria-edf184b39c/workspace/output_staging/20260825T120008Z_3408670_3408670
  Steps:  resample -> adjust -> align -> align_en -> postprocess
############################################################

  >>> [resample] Resample to 16kHz for MFA
  Frozen pre-CTC stems: 132/132 (limit=0, source=existing_manifest)
  CTC receipt has incomplete audio_bindings; rebuilding axis binding
  Selected 132 WAVs from frozen pre-CTC subset (source namespace may contain extras)
  Resampled to 16000Hz -> /mnt/nvme1/mfa_work_laria_0825/gpu_5/batch_0005_LAria-edf184b39c/workspace/audio_16k  (132 done, 132 resampled)

  >>> [adjust] Adjust CTC boundaries (energy-based)

============================================================
  Step 5: Adjust CTC boundaries (energy-based)
  /home/user/miniconda3/envs/mfa-dev/bin/python3 /mnt/local_E/MFA_Pause/repo/scripts/adjust_ctc_boundaries.py --ctc-dir /mnt/nvme1/mfa_work_laria_0825/gpu_5/batch_0005_LAria-edf184b39c/workspace/ctc_pretg_adj --audio-dir /mnt/nvme1/mfa_work_laria_0825/gpu_5/batch_0005_LAria-edf184b39c/audio --output-dir /mnt/nvme1/mfa_work_laria_0825/gpu_5/batch_0005_LAria-edf184b39c/workspace/ctc_pretg_adj --raw-manifest /mnt/nvme1/mfa_work_laria_0825/gpu_5/batch_0005_LAria-edf184b39c/workspace/ctc_pretg/.ctc_raw_manifest.json --overwrite
============================================================


  >>> [align] MFA align (NVASR corpus + CTC anchors)
  NVASR corpus: /mnt/nvme1/mfa_work_laria_0825/gpu_5/batch_0005_LAria-edf184b39c/workspace/ctc_pretg_adj (.lab files from ASR text)
  CTC anchors:  /mnt/nvme1/mfa_work_laria_0825/gpu_5/batch_0005_LAria-edf184b39c/workspace/ctc_pretg_adj
  Transcript and anchors from SAME source -> 100% word match

============================================================
  Step 6: MFA Align (NVASR corpus + CTC anchors)
============================================================

  MFA output set: 132/132 complete

  >>> [align_en] English MFA align (English-only segments)

============================================================
  English MFA Alignment
  /home/user/miniconda3/envs/mfa-dev/bin/python3 /mnt/local_E/MFA_Pause/repo/scripts/align_english_mfa.py --ctc-dir /mnt/nvme1/mfa_work_laria_0825/gpu_5/batch_0005_LAria-edf184b39c/workspace/ctc_pretg_adj --audio-dir /mnt/nvme1/mfa_work_laria_0825/gpu_5/batch_0005_LAria-edf184b39c/workspace/audio_16k --output-dir /mnt/nvme1/mfa_work_laria_0825/gpu_5/batch_0005_LAria-edf184b39c/workspace/en_phones --acoustic-model /mnt/local_E/MFA_Pause/pretrained_models/acoustic/english_us_arpa.zip --dictionary /mnt/local_E/MFA_Pause/repo/dict/cmudict.dict --g2p-model /mnt/local_E/MFA_Pause/pretrained_models/g2p/english_us_arpa.zip --temp-dir /mnt/nvme1/mfa_work_laria_0825/gpu_5/batch_0005_LAria-edf184b39c/workspace/temp_en_mfa --num-jobs 4 --padding-ms 50 --min-segment-dur-ms 150 --max-gap-merge-s 0.35 --beam 10 --retry-beam 40 --singleton-retry-beam 100 --singleton-retry-retry-beam 1000 --singleton-retry-timeout 600 --singleton-retry-limit 16 --timeout 1800 --g2p-timeout 300 --strict-provenance --python /home/user/miniconda3/envs/mfa-dev/bin/python3
============================================================


  >>> [postprocess] Post-processing (includes NVV brackets + sp1 normalization)

============================================================
  Step 7: Post-processing
  /home/user/miniconda3/envs/mfa-dev/bin/python3 /mnt/local_E/MFA_Pause/repo/scripts/postprocess_textgrids.py --txt-dir /mnt/nvme1/mfa_work_laria_0825/gpu_5/batch_0005_LAria-edf184b39c/workspace/ctc_pretg_adj --textgrid-dir /mnt/nvme1/mfa_work_laria_0825/gpu_5/batch_0005_LAria-edf184b39c/workspace/aligned --output-dir /mnt/nvme1/mfa_work_laria_0825/gpu_5/batch_0005_LAria-edf184b39c/workspace/output_staging/20260825T120008Z_3408670_3408670 --filtered-dir /mnt/nvme1/mfa_work_laria_0825/gpu_5/batch_0005_LAria-edf184b39c/workspace/filtered --wav-dir /mnt/nvme1/mfa_work_laria_0825/gpu_5/batch_0005_LAria-edf184b39c/workspace/audio_16k --raw-text-dir /mnt/nvme1/mfa_work_laria_0825/gpu_5/batch_0005_LAria-edf184b39c/audio --original-txt-dir /mnt/nvme1/mfa_work_laria_0825/gpu_5/batch_0005_LAria-edf184b39c/audio --reference-mode fallback --pinyin-dict /mnt/local_E/MFA_Pause/repo/dict/fullpinyin_enword.dict --ipa-dict /mnt/local_E/MFA_Pause/repo/dict/mfa_ipa.dict --en-phones-dir /mnt/nvme1/mfa_work_laria_0825/gpu_5/batch_0005_LAria-edf184b39c/workspace/en_phones --tone-ref /mnt/nvme1/mfa_work_laria_0825/gpu_5/batch_0005_LAria-edf184b39c/workspace/output_staging/20260825T120008Z_3408670_3408670/tone_mapping.json --merge-max-sil-sec 0.2 --fix-short-word-sec 0.25 --fix-min-silence-sec 0.4 --fix-search-sec 0.5 --bgm-noise-floor-ratio 2.0 --bgm-min-sil-dur 0.3 --bgm-speech-ratio 1.0 --bgm-min-energy 0.01 --bgm-max-threshold 0.05 --no-enable-word-in-silence-filter --filter-word-energy-ratio 0 --filter-short-phone-sec 0.015 --filter-long-word-sec 1.0 --filter-min-word-sec 0.15 --filter-min-word-dur-sec 0.02 --filter-min-phone-coverage 0.35 --filter-edge-gap-sec 0.25 --filter-flank-silence-sec 0.4 --filter-long-consonant-sec 999.0 --filter-long-vowel-sec 999.0 --filter-short-phone-en-sec 0.01 --filter-long-vowel-en-sec 0.5 --filter-long-consonant-en-sec 1.0 --filter-min-en-phone-coverage 0.25 --strict-en-provenance --allow-filtered-integrity-failures --mfa-input-axis-receipt /mnt/nvme1/mfa_work_laria_0825/gpu_5/batch_0005_LAria-edf184b39c/workspace/.mfa_input_axis_receipt.json --mfa-alignment-axis-receipt /mnt/nvme1/mfa_work_laria_0825/gpu_5/batch_0005_LAria-edf184b39c/workspace/.mfa_alignment_axis_receipt.json --mfa-axis-audio-root /mnt/nvme1/mfa_work_laria_0825/gpu_5/batch_0005_LAria-edf184b39c/workspace/audio_16k --tts-authoritative-audio-root /mnt/nvme1/mfa_work_laria_0825/gpu_5/batch_0005_LAria-edf184b39c/audio --overwrite
============================================================

  Postprocess contract: 132 stems, 25 output, 107 filtered
  Kept 16kHz audio: /mnt/nvme1/mfa_work_laria_0825/gpu_5/batch_0005_LAria-edf184b39c/workspace/audio_16k

  Publishing validated output: /mnt/nvme1/mfa_work_laria_0825/gpu_5/batch_0005_LAria-edf184b39c/output
  Publish manifest: /mnt/nvme1/mfa_work_laria_0825/gpu_5/batch_0005_LAria-edf184b39c/workspace/output_staging/20260825T120008Z_3408670_3408670/.publish_manifest.json
  Published and verified: /mnt/nvme1/mfa_work_laria_0825/gpu_5/batch_0005_LAria-edf184b39c/output

############################################################
  DONE: Success
  Output: /mnt/nvme1/mfa_work_laria_0825/gpu_5/batch_0005_LAria-edf184b39c/output
############################################################

Config: /mnt/local_E/MFA_Pause/repo/configs/laria_v5_no_reference_strict_8gpu_20260825.yaml
Pipeline mode: nvrasr_fallback
Using Python: /home/user/miniconda3/envs/mfa-dev/bin/python3
  ═══════════════════════════════════════════════════════════
  NVMe audio cache not found.
  Run once to eliminate NAS I/O (~30 min, one-time):
    python scripts/cache_audio_to_nvme.py \
        --source /mnt/nvme4/mfa_work_laria_0825/gpu_7/batch_0007_LAria-edf184b39c/audio
  Or use --auto-cache to create a temp cache for this run.
  Falling back to NAS audio (slower).
  ═══════════════════════════════════════════════════════════
  Run-specific output staging: /mnt/nvme4/mfa_work_laria_0825/gpu_7/batch_0007_LAria-edf184b39c/workspace/output_staging/20260825T120008Z_3408673_3408673
  Versioned publish target: /mnt/nvme4/mfa_work_laria_0825/gpu_7/batch_0007_LAria-edf184b39c/output

############################################################
  Chinese MFA Pipeline  [nvrasr_fallback]
  Input:  /mnt/nvme4/mfa_work_laria_0825/gpu_7/batch_0007_LAria-edf184b39c/audio
  Output: /mnt/nvme4/mfa_work_laria_0825/gpu_7/batch_0007_LAria-edf184b39c/workspace/output_staging/20260825T120008Z_3408673_3408673
  Steps:  resample -> adjust -> align -> align_en -> postprocess
############################################################

  >>> [resample] Resample to 16kHz for MFA
  Frozen pre-CTC stems: 131/131 (limit=0, source=existing_manifest)
  CTC receipt has incomplete audio_bindings; rebuilding axis binding
  Selected 131 WAVs from frozen pre-CTC subset (source namespace may contain extras)
  Resampled to 16000Hz -> /mnt/nvme4/mfa_work_laria_0825/gpu_7/batch_0007_LAria-edf184b39c/workspace/audio_16k  (131 done, 131 resampled)

  >>> [adjust] Adjust CTC boundaries (energy-based)

============================================================
  Step 5: Adjust CTC boundaries (energy-based)
  /home/user/miniconda3/envs/mfa-dev/bin/python3 /mnt/local_E/MFA_Pause/repo/scripts/adjust_ctc_boundaries.py --ctc-dir /mnt/nvme4/mfa_work_laria_0825/gpu_7/batch_0007_LAria-edf184b39c/workspace/ctc_pretg_adj --audio-dir /mnt/nvme4/mfa_work_laria_0825/gpu_7/batch_0007_LAria-edf184b39c/audio --output-dir /mnt/nvme4/mfa_work_laria_0825/gpu_7/batch_0007_LAria-edf184b39c/workspace/ctc_pretg_adj --raw-manifest /mnt/nvme4/mfa_work_laria_0825/gpu_7/batch_0007_LAria-edf184b39c/workspace/ctc_pretg/.ctc_raw_manifest.json --overwrite
============================================================


  >>> [align] MFA align (NVASR corpus + CTC anchors)
  NVASR corpus: /mnt/nvme4/mfa_work_laria_0825/gpu_7/batch_0007_LAria-edf184b39c/workspace/ctc_pretg_adj (.lab files from ASR text)
  CTC anchors:  /mnt/nvme4/mfa_work_laria_0825/gpu_7/batch_0007_LAria-edf184b39c/workspace/ctc_pretg_adj
  Transcript and anchors from SAME source -> 100% word match

============================================================
  Step 6: MFA Align (NVASR corpus + CTC anchors)
============================================================

  MFA output set: 131/131 complete

  >>> [align_en] English MFA align (English-only segments)

============================================================
  English MFA Alignment
  /home/user/miniconda3/envs/mfa-dev/bin/python3 /mnt/local_E/MFA_Pause/repo/scripts/align_english_mfa.py --ctc-dir /mnt/nvme4/mfa_work_laria_0825/gpu_7/batch_0007_LAria-edf184b39c/workspace/ctc_pretg_adj --audio-dir /mnt/nvme4/mfa_work_laria_0825/gpu_7/batch_0007_LAria-edf184b39c/workspace/audio_16k --output-dir /mnt/nvme4/mfa_work_laria_0825/gpu_7/batch_0007_LAria-edf184b39c/workspace/en_phones --acoustic-model /mnt/local_E/MFA_Pause/pretrained_models/acoustic/english_us_arpa.zip --dictionary /mnt/local_E/MFA_Pause/repo/dict/cmudict.dict --g2p-model /mnt/local_E/MFA_Pause/pretrained_models/g2p/english_us_arpa.zip --temp-dir /mnt/nvme4/mfa_work_laria_0825/gpu_7/batch_0007_LAria-edf184b39c/workspace/temp_en_mfa --num-jobs 4 --padding-ms 50 --min-segment-dur-ms 150 --max-gap-merge-s 0.35 --beam 10 --retry-beam 40 --singleton-retry-beam 100 --singleton-retry-retry-beam 1000 --singleton-retry-timeout 600 --singleton-retry-limit 16 --timeout 1800 --g2p-timeout 300 --strict-provenance --python /home/user/miniconda3/envs/mfa-dev/bin/python3
============================================================


  >>> [postprocess] Post-processing (includes NVV brackets + sp1 normalization)

============================================================
  Step 7: Post-processing
  /home/user/miniconda3/envs/mfa-dev/bin/python3 /mnt/local_E/MFA_Pause/repo/scripts/postprocess_textgrids.py --txt-dir /mnt/nvme4/mfa_work_laria_0825/gpu_7/batch_0007_LAria-edf184b39c/workspace/ctc_pretg_adj --textgrid-dir /mnt/nvme4/mfa_work_laria_0825/gpu_7/batch_0007_LAria-edf184b39c/workspace/aligned --output-dir /mnt/nvme4/mfa_work_laria_0825/gpu_7/batch_0007_LAria-edf184b39c/workspace/output_staging/20260825T120008Z_3408673_3408673 --filtered-dir /mnt/nvme4/mfa_work_laria_0825/gpu_7/batch_0007_LAria-edf184b39c/workspace/filtered --wav-dir /mnt/nvme4/mfa_work_laria_0825/gpu_7/batch_0007_LAria-edf184b39c/workspace/audio_16k --raw-text-dir /mnt/nvme4/mfa_work_laria_0825/gpu_7/batch_0007_LAria-edf184b39c/audio --original-txt-dir /mnt/nvme4/mfa_work_laria_0825/gpu_7/batch_0007_LAria-edf184b39c/audio --reference-mode fallback --pinyin-dict /mnt/local_E/MFA_Pause/repo/dict/fullpinyin_enword.dict --ipa-dict /mnt/local_E/MFA_Pause/repo/dict/mfa_ipa.dict --en-phones-dir /mnt/nvme4/mfa_work_laria_0825/gpu_7/batch_0007_LAria-edf184b39c/workspace/en_phones --tone-ref /mnt/nvme4/mfa_work_laria_0825/gpu_7/batch_0007_LAria-edf184b39c/workspace/output_staging/20260825T120008Z_3408673_3408673/tone_mapping.json --merge-max-sil-sec 0.2 --fix-short-word-sec 0.25 --fix-min-silence-sec 0.4 --fix-search-sec 0.5 --bgm-noise-floor-ratio 2.0 --bgm-min-sil-dur 0.3 --bgm-speech-ratio 1.0 --bgm-min-energy 0.01 --bgm-max-threshold 0.05 --no-enable-word-in-silence-filter --filter-word-energy-ratio 0 --filter-short-phone-sec 0.015 --filter-long-word-sec 1.0 --filter-min-word-sec 0.15 --filter-min-word-dur-sec 0.02 --filter-min-phone-coverage 0.35 --filter-edge-gap-sec 0.25 --filter-flank-silence-sec 0.4 --filter-long-consonant-sec 999.0 --filter-long-vowel-sec 999.0 --filter-short-phone-en-sec 0.01 --filter-long-vowel-en-sec 0.5 --filter-long-consonant-en-sec 1.0 --filter-min-en-phone-coverage 0.25 --strict-en-provenance --allow-filtered-integrity-failures --mfa-input-axis-receipt /mnt/nvme4/mfa_work_laria_0825/gpu_7/batch_0007_LAria-edf184b39c/workspace/.mfa_input_axis_receipt.json --mfa-alignment-axis-receipt /mnt/nvme4/mfa_work_laria_0825/gpu_7/batch_0007_LAria-edf184b39c/workspace/.mfa_alignment_axis_receipt.json --mfa-axis-audio-root /mnt/nvme4/mfa_work_laria_0825/gpu_7/batch_0007_LAria-edf184b39c/workspace/audio_16k --tts-authoritative-audio-root /mnt/nvme4/mfa_work_laria_0825/gpu_7/batch_0007_LAria-edf184b39c/audio --overwrite
============================================================

  Postprocess contract: 131 stems, 23 output, 108 filtered
  Kept 16kHz audio: /mnt/nvme4/mfa_work_laria_0825/gpu_7/batch_0007_LAria-edf184b39c/workspace/audio_16k

  Publishing validated output: /mnt/nvme4/mfa_work_laria_0825/gpu_7/batch_0007_LAria-edf184b39c/output
  Publish manifest: /mnt/nvme4/mfa_work_laria_0825/gpu_7/batch_0007_LAria-edf184b39c/workspace/output_staging/20260825T120008Z_3408673_3408673/.publish_manifest.json
  Published and verified: /mnt/nvme4/mfa_work_laria_0825/gpu_7/batch_0007_LAria-edf184b39c/output

############################################################
  DONE: Success
  Output: /mnt/nvme4/mfa_work_laria_0825/gpu_7/batch_0007_LAria-edf184b39c/output
############################################################

CPU_RETRY_END batch_0002 ok=True
CPU_RETRY_END batch_0003 ok=True
CPU_RETRY_END batch_0004 ok=True
CPU_RETRY_END batch_0007 ok=True
CPU_RETRY_END batch_0005 ok=True
CPU_RETRY_END batch_0000 ok=True
CPU_RETRY_END batch_0006 ok=True
CPU_RETRY_END batch_0001 ok=True
CPU_RETRY_RESULTS {"0": true, "1": true, "2": true, "3": true, "4": true, "5": true, "6": true, "7": true}
Traceback (most recent call last):
  File "/tmp/laria_strict_cpu_retry.py", line 133, in <module>
    "eligible": receipt["eligible"]["count"],
                ~~~~~~~^^^^^^^^^^^^
KeyError: 'eligible'
